{
"type": "FeatureCollection",
"crs": { "type": "name", "properties": { "name": "urn:ogc:def:crs:OGC:1.3:CRS84" } },
"features": [
{ "type": "Feature", "properties": { "objectID": "284", "CAP": "20153", "MUNICIPIO": "7", "ID_NIL": "87", "NIL": "ASSIANO", "LONG_X_4326": 9.0635933098980619, "LAT_Y_4326": 45.455545344195109, "Location": "(45.45554534419511, 9.063593309898062)" }, "geometry": { "type": "Point", "coordinates": [ 9.063593309898062, 45.455545344195109 ] } },
{ "type": "Feature", "properties": { "objectID": "5869", "CAP": "20153", "MUNICIPIO": "7", "ID_NIL": "63", "NIL": "FIGINO", "LONG_X_4326": 9.0760860879614214, "LAT_Y_4326": 45.493704152856793, "Location": "(45.49370415285679, 9.076086087961421)" }, "geometry": { "type": "Point", "coordinates": [ 9.076086087961421, 45.493704152856793 ] } },
{ "type": "Feature", "properties": { "objectID": "2564", "CAP": "20152", "MUNICIPIO": "7", "ID_NIL": "55", "NIL": "BAGGIO - Q.RE DEGLI OLMI - Q.RE VALSESIA", "LONG_X_4326": 9.0956502513561652, "LAT_Y_4326": 45.453646644929044, "Location": "(45.453646644929044, 9.095650251356165)" }, "geometry": { "type": "Point", "coordinates": [ 9.095650251356165, 45.453646644929044 ] } },
{ "type": "Feature", "properties": { "objectID": "5408", "CAP": "20152", "MUNICIPIO": "6", "ID_NIL": "53", "NIL": "LORENTEGGIO", "LONG_X_4326": 9.10217128921499, "LAT_Y_4326": 45.450243630164458, "Location": "(45.45024363016446, 9.10217128921499)" }, "geometry": { "type": "Point", "coordinates": [ 9.10217128921499, 45.450243630164458 ] } },
{ "type": "Feature", "properties": { "objectID": "5409", "CAP": "20152", "MUNICIPIO": "7", "ID_NIL": "56", "NIL": "FORZE ARMATE", "LONG_X_4326": 9.1014086017534819, "LAT_Y_4326": 45.453842534902968, "Location": "(45.45384253490297, 9.101408601753482)" }, "geometry": { "type": "Point", "coordinates": [ 9.101408601753482, 45.453842534902968 ] } },
{ "type": "Feature", "properties": { "objectID": "5410", "CAP": "20152", "MUNICIPIO": "7", "ID_NIL": "56", "NIL": "FORZE ARMATE", "LONG_X_4326": 9.1017687832884455, "LAT_Y_4326": 45.453525653090722, "Location": "(45.45352565309072, 9.101768783288446)" }, "geometry": { "type": "Point", "coordinates": [ 9.101768783288446, 45.453525653090722 ] } },
{ "type": "Feature", "properties": { "objectID": "4251", "CAP": "20152", "MUNICIPIO": "7", "ID_NIL": "56", "NIL": "FORZE ARMATE", "LONG_X_4326": 9.1024573656803867, "LAT_Y_4326": 45.455102613743726, "Location": "(45.455102613743726, 9.102457365680387)" }, "geometry": { "type": "Point", "coordinates": [ 9.102457365680387, 45.455102613743726 ] } },
{ "type": "Feature", "properties": { "objectID": "2565", "CAP": "20152", "MUNICIPIO": "7", "ID_NIL": "56", "NIL": "FORZE ARMATE", "LONG_X_4326": 9.1175262250245641, "LAT_Y_4326": 45.458206723313459, "Location": "(45.45820672331346, 9.117526225024564)" }, "geometry": { "type": "Point", "coordinates": [ 9.117526225024564, 45.458206723313459 ] } },
{ "type": "Feature", "properties": { "objectID": "44", "CAP": "20148", "MUNICIPIO": "7", "ID_NIL": "60", "NIL": "STADIO - IPPODROMI", "LONG_X_4326": 9.1220118031674726, "LAT_Y_4326": 45.474654395957451, "Location": "(45.47465439595745, 9.122011803167473)" }, "geometry": { "type": "Point", "coordinates": [ 9.122011803167473, 45.474654395957451 ] } },
{ "type": "Feature", "properties": { "objectID": "49", "CAP": "20148", "MUNICIPIO": "7", "ID_NIL": "60", "NIL": "STADIO - IPPODROMI", "LONG_X_4326": 9.1285105406690814, "LAT_Y_4326": 45.480554336316196, "Location": "(45.480554336316196, 9.128510540669081)" }, "geometry": { "type": "Point", "coordinates": [ 9.128510540669081, 45.480554336316196 ] } },
{ "type": "Feature", "properties": { "objectID": "12686", "CAP": "20147", "MUNICIPIO": "7", "ID_NIL": "52", "NIL": "BANDE NERE", "LONG_X_4326": 9.1331418016831183, "LAT_Y_4326": 45.466087235927034, "Location": "(45.466087235927034, 9.133141801683118)" }, "geometry": { "type": "Point", "coordinates": [ 9.133141801683118, 45.466087235927034 ] } },
{ "type": "Feature", "properties": { "objectID": "300", "CAP": "20148", "MUNICIPIO": "8", "ID_NIL": "66", "NIL": "QT 8", "LONG_X_4326": 9.1358792323872198, "LAT_Y_4326": 45.486207812547633, "Location": "(45.48620781254763, 9.13587923238722)" }, "geometry": { "type": "Point", "coordinates": [ 9.13587923238722, 45.486207812547633 ] } },
{ "type": "Feature", "properties": { "objectID": "3765", "CAP": "20146", "MUNICIPIO": "6", "ID_NIL": "52", "NIL": "BANDE NERE", "LONG_X_4326": 9.1419064362994344, "LAT_Y_4326": 45.453234011928807, "Location": "(45.45323401192881, 9.141906436299434)" }, "geometry": { "type": "Point", "coordinates": [ 9.141906436299434, 45.453234011928807 ] } },
{ "type": "Feature", "properties": { "objectID": "364", "CAP": "20146", "MUNICIPIO": "6", "ID_NIL": "52", "NIL": "BANDE NERE", "LONG_X_4326": 9.1427955683232689, "LAT_Y_4326": 45.459984421821297, "Location": "(45.4599844218213, 9.142795568323269)" }, "geometry": { "type": "Point", "coordinates": [ 9.142795568323269, 45.459984421821297 ] } },
{ "type": "Feature", "properties": { "objectID": "367", "CAP": "20148", "MUNICIPIO": "7", "ID_NIL": "52", "NIL": "BANDE NERE", "LONG_X_4326": 9.1419704061075375, "LAT_Y_4326": 45.467258987948426, "Location": "(45.467258987948426, 9.141970406107538)" }, "geometry": { "type": "Point", "coordinates": [ 9.141970406107538, 45.467258987948426 ] } },
{ "type": "Feature", "properties": { "objectID": "28717", "CAP": "20149", "MUNICIPIO": "7", "ID_NIL": "57", "NIL": "SAN SIRO", "LONG_X_4326": 9.1445685565129491, "LAT_Y_4326": 45.470462985782397, "Location": "(45.4704629857824, 9.144568556512949)" }, "geometry": { "type": "Point", "coordinates": [ 9.144568556512949, 45.470462985782397 ] } },
{ "type": "Feature", "properties": { "objectID": "3444", "CAP": "20142", "MUNICIPIO": "6", "ID_NIL": "46", "NIL": "BARONA", "LONG_X_4326": 9.1505776236663809, "LAT_Y_4326": 45.432200121804527, "Location": "(45.43220012180453, 9.150577623666381)" }, "geometry": { "type": "Point", "coordinates": [ 9.150577623666381, 45.432200121804527 ] } },
{ "type": "Feature", "properties": { "objectID": "442", "CAP": "20149", "MUNICIPIO": "8", "ID_NIL": "58", "NIL": "DE ANGELI - MONTE ROSA", "LONG_X_4326": 9.1512687712636129, "LAT_Y_4326": 45.475137119901561, "Location": "(45.47513711990156, 9.151268771263613)" }, "geometry": { "type": "Point", "coordinates": [ 9.151268771263613, 45.475137119901561 ] } },
{ "type": "Feature", "properties": { "objectID": "2168", "CAP": "20156", "MUNICIPIO": "8", "ID_NIL": "71", "NIL": "VILLAPIZZONE - CAGNOLA - BOLDINASCO", "LONG_X_4326": 9.1509950704622298, "LAT_Y_4326": 45.49921742723599, "Location": "(45.49921742723599, 9.15099507046223)" }, "geometry": { "type": "Point", "coordinates": [ 9.15099507046223, 45.49921742723599 ] } },
{ "type": "Feature", "properties": { "objectID": "449", "CAP": "20144", "MUNICIPIO": "6", "ID_NIL": "50", "NIL": "PORTA GENOVA", "LONG_X_4326": 9.1591781162843429, "LAT_Y_4326": 45.455442509122804, "Location": "(45.455442509122804, 9.159178116284343)" }, "geometry": { "type": "Point", "coordinates": [ 9.159178116284343, 45.455442509122804 ] } },
{ "type": "Feature", "properties": { "objectID": "5829", "CAP": "20145", "MUNICIPIO": "8", "ID_NIL": "59", "NIL": "TRE TORRI", "LONG_X_4326": 9.156695763879501, "LAT_Y_4326": 45.477179788281347, "Location": "(45.47717978828135, 9.156695763879501)" }, "geometry": { "type": "Point", "coordinates": [ 9.156695763879501, 45.477179788281347 ] } },
{ "type": "Feature", "properties": { "objectID": "2169", "CAP": "20149", "MUNICIPIO": "8", "ID_NIL": "67", "NIL": "PORTELLO", "LONG_X_4326": 9.156015755994277, "LAT_Y_4326": 45.483996782769331, "Location": "(45.48399678276933, 9.156015755994277)" }, "geometry": { "type": "Point", "coordinates": [ 9.156015755994277, 45.483996782769331 ] } },
{ "type": "Feature", "properties": { "objectID": "107", "CAP": "20156", "MUNICIPIO": "8", "ID_NIL": "71", "NIL": "VILLAPIZZONE - CAGNOLA - BOLDINASCO", "LONG_X_4326": 9.1550347514044041, "LAT_Y_4326": 45.497974408981086, "Location": "(45.49797440898109, 9.155034751404404)" }, "geometry": { "type": "Point", "coordinates": [ 9.155034751404404, 45.497974408981086 ] } },
{ "type": "Feature", "properties": { "objectID": "481", "CAP": "20156", "MUNICIPIO": "8", "ID_NIL": "71", "NIL": "VILLAPIZZONE - CAGNOLA - BOLDINASCO", "LONG_X_4326": 9.1568769948578304, "LAT_Y_4326": 45.49825828704013, "Location": "(45.49825828704013, 9.15687699485783)" }, "geometry": { "type": "Point", "coordinates": [ 9.15687699485783, 45.49825828704013 ] } },
{ "type": "Feature", "properties": { "objectID": "507", "CAP": "20157", "MUNICIPIO": "9", "ID_NIL": "81", "NIL": "BOVISASCA", "LONG_X_4326": 9.1567596957269863, "LAT_Y_4326": 45.514708124451182, "Location": "(45.51470812445118, 9.156759695726986)" }, "geometry": { "type": "Point", "coordinates": [ 9.156759695726986, 45.514708124451182 ] } },
{ "type": "Feature", "properties": { "objectID": "387", "CAP": "20144", "MUNICIPIO": "7", "ID_NIL": "51", "NIL": "PORTA MAGENTA", "LONG_X_4326": 9.1628792000472163, "LAT_Y_4326": 45.461426445261097, "Location": "(45.4614264452611, 9.162879200047216)" }, "geometry": { "type": "Point", "coordinates": [ 9.162879200047216, 45.461426445261097 ] } },
{ "type": "Feature", "properties": { "objectID": "1346", "CAP": "20142", "MUNICIPIO": "5", "ID_NIL": "42", "NIL": "STADERA - CHIESA ROSSA - Q.RE TORRETTA - CONCA FALLATA", "LONG_X_4326": 9.169571844120787, "LAT_Y_4326": 45.428098876650701, "Location": "(45.4280988766507, 9.169571844120787)" }, "geometry": { "type": "Point", "coordinates": [ 9.169571844120787, 45.428098876650701 ] } },
{ "type": "Feature", "properties": { "objectID": "537", "CAP": "20123", "MUNICIPIO": "1", "ID_NIL": "7", "NIL": "MAGENTA - S. VITTORE", "LONG_X_4326": 9.1687653940031399, "LAT_Y_4326": 45.469200680772566, "Location": "(45.469200680772566, 9.16876539400314)" }, "geometry": { "type": "Point", "coordinates": [ 9.16876539400314, 45.469200680772566 ] } },
{ "type": "Feature", "properties": { "objectID": "2557", "CAP": "20145", "MUNICIPIO": "1", "ID_NIL": "7", "NIL": "MAGENTA - S. VITTORE", "LONG_X_4326": 9.1673710740755965, "LAT_Y_4326": 45.472124239054082, "Location": "(45.47212423905408, 9.167371074075596)" }, "geometry": { "type": "Point", "coordinates": [ 9.167371074075596, 45.472124239054082 ] } },
{ "type": "Feature", "properties": { "objectID": "508", "CAP": "20161", "MUNICIPIO": "9", "ID_NIL": "80", "NIL": "AFFORI", "LONG_X_4326": 9.1668100481695998, "LAT_Y_4326": 45.51715102882023, "Location": "(45.51715102882023, 9.1668100481696)" }, "geometry": { "type": "Point", "coordinates": [ 9.1668100481696, 45.51715102882023 ] } },
{ "type": "Feature", "properties": { "objectID": "130", "CAP": "20161", "MUNICIPIO": "9", "ID_NIL": "80", "NIL": "AFFORI", "LONG_X_4326": 9.1715491105193188, "LAT_Y_4326": 45.51655030598404, "Location": "(45.51655030598404, 9.171549110519319)" }, "geometry": { "type": "Point", "coordinates": [ 9.171549110519319, 45.51655030598404 ] } },
{ "type": "Feature", "properties": { "objectID": "2176", "CAP": "20161", "MUNICIPIO": "9", "ID_NIL": "83", "NIL": "BRUZZANO", "LONG_X_4326": 9.1709275029000406, "LAT_Y_4326": 45.528867136636528, "Location": "(45.52886713663653, 9.17092750290004)" }, "geometry": { "type": "Point", "coordinates": [ 9.170927502900041, 45.528867136636528 ] } },
{ "type": "Feature", "properties": { "objectID": "15098", "CAP": "20142", "MUNICIPIO": "5", "ID_NIL": "42", "NIL": "STADERA - CHIESA ROSSA - Q.RE TORRETTA - CONCA FALLATA", "LONG_X_4326": 9.1734025130042305, "LAT_Y_4326": 45.429952873141765, "Location": "(45.429952873141765, 9.17340251300423)" }, "geometry": { "type": "Point", "coordinates": [ 9.17340251300423, 45.429952873141765 ] } },
{ "type": "Feature", "properties": { "objectID": "335", "CAP": "20158", "MUNICIPIO": "9", "ID_NIL": "79", "NIL": "DERGANO", "LONG_X_4326": 9.1724586460985833, "LAT_Y_4326": 45.506465553647267, "Location": "(45.50646555364727, 9.172458646098583)" }, "geometry": { "type": "Point", "coordinates": [ 9.172458646098583, 45.506465553647267 ] } },
{ "type": "Feature", "properties": { "objectID": "539", "CAP": "20142", "MUNICIPIO": "5", "ID_NIL": "40", "NIL": "RONCHETTO DELLE RANE", "LONG_X_4326": 9.1823288035746895, "LAT_Y_4326": 45.4012041485202, "Location": "(45.4012041485202, 9.18232880357469)" }, "geometry": { "type": "Point", "coordinates": [ 9.18232880357469, 45.4012041485202 ] } },
{ "type": "Feature", "properties": { "objectID": "7884", "CAP": "20154", "MUNICIPIO": "8", "ID_NIL": "69", "NIL": "SARPI", "LONG_X_4326": 9.1801817925112683, "LAT_Y_4326": 45.484762827590941, "Location": "(45.48476282759094, 9.180181792511268)" }, "geometry": { "type": "Point", "coordinates": [ 9.180181792511268, 45.484762827590941 ] } },
{ "type": "Feature", "properties": { "objectID": "32", "CAP": "20141", "MUNICIPIO": "5", "ID_NIL": "43", "NIL": "TIBALDI", "LONG_X_4326": 9.1853760681577761, "LAT_Y_4326": 45.439463092839603, "Location": "(45.4394630928396, 9.185376068157776)" }, "geometry": { "type": "Point", "coordinates": [ 9.185376068157776, 45.439463092839603 ] } },
{ "type": "Feature", "properties": { "objectID": "101", "CAP": "20159", "MUNICIPIO": "9", "ID_NIL": "11", "NIL": "ISOLA", "LONG_X_4326": 9.1870961481763871, "LAT_Y_4326": 45.492055703600826, "Location": "(45.492055703600826, 9.187096148176387)" }, "geometry": { "type": "Point", "coordinates": [ 9.187096148176387, 45.492055703600826 ] } },
{ "type": "Feature", "properties": { "objectID": "478", "CAP": "20159", "MUNICIPIO": "9", "ID_NIL": "79", "NIL": "DERGANO", "LONG_X_4326": 9.185683600220548, "LAT_Y_4326": 45.497690520546563, "Location": "(45.49769052054656, 9.185683600220548)" }, "geometry": { "type": "Point", "coordinates": [ 9.185683600220548, 45.497690520546563 ] } },
{ "type": "Feature", "properties": { "objectID": "314", "CAP": "20162", "MUNICIPIO": "9", "ID_NIL": "14", "NIL": "NIGUARDA - CA' GRANDA - PRATO CENTENARO - Q.RE FULVIO TESTI", "LONG_X_4326": 9.1905817106681482, "LAT_Y_4326": 45.510118863774757, "Location": "(45.51011886377476, 9.190581710668148)" }, "geometry": { "type": "Point", "coordinates": [ 9.190581710668148, 45.510118863774757 ] } },
{ "type": "Feature", "properties": { "objectID": "4168", "CAP": "20124", "MUNICIPIO": "9", "ID_NIL": "11", "NIL": "ISOLA", "LONG_X_4326": 9.1929179569339006, "LAT_Y_4326": 45.485527635658102, "Location": "(45.4855276356581, 9.1929179569339)" }, "geometry": { "type": "Point", "coordinates": [ 9.192917956933901, 45.485527635658102 ] } },
{ "type": "Feature", "properties": { "objectID": "4209", "CAP": "20162", "MUNICIPIO": "9", "ID_NIL": "14", "NIL": "NIGUARDA - CA' GRANDA - PRATO CENTENARO - Q.RE FULVIO TESTI", "LONG_X_4326": 9.1939872386991581, "LAT_Y_4326": 45.520059879209015, "Location": "(45.520059879209015, 9.193987238699158)" }, "geometry": { "type": "Point", "coordinates": [ 9.193987238699158, 45.520059879209015 ] } },
{ "type": "Feature", "properties": { "objectID": "18", "CAP": "20141", "MUNICIPIO": "5", "ID_NIL": "38", "NIL": "VIGENTINO - Q.RE FATIMA", "LONG_X_4326": 9.2039532452251152, "LAT_Y_4326": 45.42477312253051, "Location": "(45.42477312253051, 9.203953245225115)" }, "geometry": { "type": "Point", "coordinates": [ 9.203953245225115, 45.42477312253051 ] } },
{ "type": "Feature", "properties": { "objectID": "419", "CAP": "20121", "MUNICIPIO": "1", "ID_NIL": "3", "NIL": "GIARDINI P.TA VENEZIA", "LONG_X_4326": 9.2039105100737384, "LAT_Y_4326": 45.473771160462007, "Location": "(45.47377116046201, 9.203910510073738)" }, "geometry": { "type": "Point", "coordinates": [ 9.203910510073738, 45.473771160462007 ] } },
{ "type": "Feature", "properties": { "objectID": "357", "CAP": "20125", "MUNICIPIO": "2", "ID_NIL": "10", "NIL": "STAZIONE CENTRALE - PONTE SEVESO", "LONG_X_4326": 9.203790656797624, "LAT_Y_4326": 45.484607776039091, "Location": "(45.48460777603909, 9.203790656797624)" }, "geometry": { "type": "Point", "coordinates": [ 9.203790656797624, 45.484607776039091 ] } },
{ "type": "Feature", "properties": { "objectID": "3392", "CAP": "20139", "MUNICIPIO": "5", "ID_NIL": "36", "NIL": "SCALO ROMANA", "LONG_X_4326": 9.2091969033590892, "LAT_Y_4326": 45.438500299094031, "Location": "(45.43850029909403, 9.20919690335909)" }, "geometry": { "type": "Point", "coordinates": [ 9.209196903359089, 45.438500299094031 ] } },
{ "type": "Feature", "properties": { "objectID": "180", "CAP": "20135", "MUNICIPIO": "4", "ID_NIL": "26", "NIL": "XXII MARZO", "LONG_X_4326": 9.2090799862261772, "LAT_Y_4326": 45.454892565341439, "Location": "(45.45489256534144, 9.209079986226177)" }, "geometry": { "type": "Point", "coordinates": [ 9.209079986226177, 45.454892565341439 ] } },
{ "type": "Feature", "properties": { "objectID": "532", "CAP": "20129", "MUNICIPIO": "3", "ID_NIL": "21", "NIL": "BUENOS AIRES - PORTA VENEZIA - PORTA MONFORTE", "LONG_X_4326": 9.2108668014742587, "LAT_Y_4326": 45.476700997770855, "Location": "(45.476700997770855, 9.210866801474259)" }, "geometry": { "type": "Point", "coordinates": [ 9.210866801474259, 45.476700997770855 ] } },
{ "type": "Feature", "properties": { "objectID": "415", "CAP": "20124", "MUNICIPIO": "3", "ID_NIL": "21", "NIL": "BUENOS AIRES - PORTA VENEZIA - PORTA MONFORTE", "LONG_X_4326": 9.2099347950447719, "LAT_Y_4326": 45.482384287794524, "Location": "(45.482384287794524, 9.209934795044772)" }, "geometry": { "type": "Point", "coordinates": [ 9.209934795044772, 45.482384287794524 ] } },
{ "type": "Feature", "properties": { "objectID": "7085", "CAP": "20125", "MUNICIPIO": "9", "ID_NIL": "13", "NIL": "GRECO - SEGNANO", "LONG_X_4326": 9.2087881686175042, "LAT_Y_4326": 45.50853539909545, "Location": "(45.50853539909545, 9.208788168617504)" }, "geometry": { "type": "Point", "coordinates": [ 9.208788168617504, 45.50853539909545 ] } },
{ "type": "Feature", "properties": { "objectID": "330", "CAP": "20162", "MUNICIPIO": "9", "ID_NIL": "14", "NIL": "NIGUARDA - CA' GRANDA - PRATO CENTENARO - Q.RE FULVIO TESTI", "LONG_X_4326": 9.2069070710664782, "LAT_Y_4326": 45.519128445068269, "Location": "(45.51912844506827, 9.206907071066478)" }, "geometry": { "type": "Point", "coordinates": [ 9.206907071066478, 45.519128445068269 ] } },
{ "type": "Feature", "properties": { "objectID": "326", "CAP": "20162", "MUNICIPIO": "9", "ID_NIL": "14", "NIL": "NIGUARDA - CA' GRANDA - PRATO CENTENARO - Q.RE FULVIO TESTI", "LONG_X_4326": 9.2101322462577588, "LAT_Y_4326": 45.52823376694019, "Location": "(45.52823376694019, 9.210132246257759)" }, "geometry": { "type": "Point", "coordinates": [ 9.210132246257759, 45.52823376694019 ] } },
{ "type": "Feature", "properties": { "objectID": "3416", "CAP": "20139", "MUNICIPIO": "4", "ID_NIL": "35", "NIL": "LODI - CORVETTO", "LONG_X_4326": 9.2165838218694827, "LAT_Y_4326": 45.445205268599636, "Location": "(45.445205268599636, 9.216583821869483)" }, "geometry": { "type": "Point", "coordinates": [ 9.216583821869483, 45.445205268599636 ] } },
{ "type": "Feature", "properties": { "objectID": "41604", "CAP": "20141", "MUNICIPIO": "5", "ID_NIL": "85", "NIL": "PARCO DELLE ABBAZIE", "LONG_X_4326": 9.2201387243779482, "LAT_Y_4326": 45.427162870484231, "Location": "(45.42716287048423, 9.220138724377948)" }, "geometry": { "type": "Point", "coordinates": [ 9.220138724377948, 45.427162870484231 ] } },
{ "type": "Feature", "properties": { "objectID": "3438", "CAP": "20137", "MUNICIPIO": "4", "ID_NIL": "28", "NIL": "UMBRIA - MOLISE - CALVAIRATE", "LONG_X_4326": 9.2200382578868751, "LAT_Y_4326": 45.453246311083561, "Location": "(45.45324631108356, 9.220038257886875)" }, "geometry": { "type": "Point", "coordinates": [ 9.220038257886875, 45.453246311083561 ] } },
{ "type": "Feature", "properties": { "objectID": "173", "CAP": "20137", "MUNICIPIO": "4", "ID_NIL": "28", "NIL": "UMBRIA - MOLISE - CALVAIRATE", "LONG_X_4326": 9.2207669123879388, "LAT_Y_4326": 45.454829269790942, "Location": "(45.45482926979094, 9.220766912387939)" }, "geometry": { "type": "Point", "coordinates": [ 9.220766912387939, 45.454829269790942 ] } },
{ "type": "Feature", "properties": { "objectID": "7087", "CAP": "20126", "MUNICIPIO": "2", "ID_NIL": "16", "NIL": "GORLA - PRECOTTO", "LONG_X_4326": 9.222960061711186, "LAT_Y_4326": 45.522378321398627, "Location": "(45.52237832139863, 9.222960061711186)" }, "geometry": { "type": "Point", "coordinates": [ 9.222960061711186, 45.522378321398627 ] } },
{ "type": "Feature", "properties": { "objectID": "161", "CAP": "20139", "MUNICIPIO": "4", "ID_NIL": "35", "NIL": "LODI - CORVETTO", "LONG_X_4326": 9.229797561889308, "LAT_Y_4326": 45.443004191086906, "Location": "(45.44300419108691, 9.229797561889308)" }, "geometry": { "type": "Point", "coordinates": [ 9.229797561889308, 45.443004191086906 ] } },
{ "type": "Feature", "properties": { "objectID": "496", "CAP": "20131", "MUNICIPIO": "3", "ID_NIL": "20", "NIL": "LORETO - CASORETTO - NOLO", "LONG_X_4326": 9.2302889095520211, "LAT_Y_4326": 45.492216615102706, "Location": "(45.492216615102706, 9.230288909552021)" }, "geometry": { "type": "Point", "coordinates": [ 9.230288909552021, 45.492216615102706 ] } },
{ "type": "Feature", "properties": { "objectID": "157", "CAP": "20133", "MUNICIPIO": "4", "ID_NIL": "25", "NIL": "CORSICA", "LONG_X_4326": 9.2333591730135218, "LAT_Y_4326": 45.467931873172603, "Location": "(45.4679318731726, 9.233359173013522)" }, "geometry": { "type": "Point", "coordinates": [ 9.233359173013522, 45.467931873172603 ] } },
{ "type": "Feature", "properties": { "objectID": "486", "CAP": "20131", "MUNICIPIO": "3", "ID_NIL": "22", "NIL": "CITTA' STUDI", "LONG_X_4326": 9.2332324459984392, "LAT_Y_4326": 45.485776062182758, "Location": "(45.48577606218276, 9.23323244599844)" }, "geometry": { "type": "Point", "coordinates": [ 9.233232445998439, 45.485776062182758 ] } },
{ "type": "Feature", "properties": { "objectID": "4227", "CAP": "20128", "MUNICIPIO": "2", "ID_NIL": "17", "NIL": "ADRIANO", "LONG_X_4326": 9.2369462544368677, "LAT_Y_4326": 45.514240982503182, "Location": "(45.51424098250318, 9.236946254436868)" }, "geometry": { "type": "Point", "coordinates": [ 9.236946254436868, 45.514240982503182 ] } },
{ "type": "Feature", "properties": { "objectID": "487", "CAP": "20134", "MUNICIPIO": "3", "ID_NIL": "23", "NIL": "LAMBRATE - ORTICA", "LONG_X_4326": 9.2412389070514198, "LAT_Y_4326": 45.482522409377914, "Location": "(45.482522409377914, 9.24123890705142)" }, "geometry": { "type": "Point", "coordinates": [ 9.24123890705142, 45.482522409377914 ] } },
{ "type": "Feature", "properties": { "objectID": "28321", "CAP": "20138", "MUNICIPIO": "4", "ID_NIL": "30", "NIL": "TALIEDO - MORSENCHIO - Q.RE FORLANINI", "LONG_X_4326": 9.2462936016724271, "LAT_Y_4326": 45.461468249485108, "Location": "(45.46146824948511, 9.246293601672427)" }, "geometry": { "type": "Point", "coordinates": [ 9.246293601672427, 45.461468249485108 ] } },
{ "type": "Feature", "properties": { "objectID": "506", "CAP": "20132", "MUNICIPIO": "3", "ID_NIL": "18", "NIL": "CIMIANO - ROTTOLE - Q.RE FELTRE", "LONG_X_4326": 9.2446778517836137, "LAT_Y_4326": 45.502005863979832, "Location": "(45.50200586397983, 9.244677851783614)" }, "geometry": { "type": "Point", "coordinates": [ 9.244677851783614, 45.502005863979832 ] } },
{ "type": "Feature", "properties": { "objectID": "544", "CAP": "20128", "MUNICIPIO": "2", "ID_NIL": "17", "NIL": "ADRIANO", "LONG_X_4326": 9.2481764254038961, "LAT_Y_4326": 45.510298493079141, "Location": "(45.51029849307914, 9.248176425403896)" }, "geometry": { "type": "Point", "coordinates": [ 9.248176425403896, 45.510298493079141 ] } },
{ "type": "Feature", "properties": { "objectID": "344", "CAP": "20138", "MUNICIPIO": "4", "ID_NIL": "30", "NIL": "TALIEDO - MORSENCHIO - Q.RE FORLANINI", "LONG_X_4326": 9.2511944511607247, "LAT_Y_4326": 45.445910215827048, "Location": "(45.44591021582705, 9.251194451160725)" }, "geometry": { "type": "Point", "coordinates": [ 9.251194451160725, 45.445910215827048 ] } },
{ "type": "Feature", "properties": { "objectID": "345", "CAP": "20138", "MUNICIPIO": "4", "ID_NIL": "30", "NIL": "TALIEDO - MORSENCHIO - Q.RE FORLANINI", "LONG_X_4326": 9.254758916536769, "LAT_Y_4326": 45.447022608576034, "Location": "(45.447022608576034, 9.254758916536769)" }, "geometry": { "type": "Point", "coordinates": [ 9.254758916536769, 45.447022608576034 ] } },
{ "type": "Feature", "properties": { "objectID": "5382", "CAP": "20138", "MUNICIPIO": "4", "ID_NIL": "31", "NIL": "MONLUE' - PONTE LAMBRO", "LONG_X_4326": 9.2628327986163406, "LAT_Y_4326": 45.441697097696313, "Location": "(45.44169709769631, 9.26283279861634)" }, "geometry": { "type": "Point", "coordinates": [ 9.262832798616341, 45.441697097696313 ] } },
{ "type": "Feature", "properties": { "objectID": "5", "CAP": "20153", "MUNICIPIO": "7", "ID_NIL": "55", "NIL": "BAGGIO - Q.RE DEGLI OLMI - Q.RE VALSESIA", "LONG_X_4326": 9.0900262792997264, "LAT_Y_4326": 45.463872312648498, "Location": "(45.4638723126485, 9.090026279299726)" }, "geometry": { "type": "Point", "coordinates": [ 9.090026279299726, 45.463872312648498 ] } },
{ "type": "Feature", "properties": { "objectID": "40000", "CAP": "20152", "MUNICIPIO": "7", "ID_NIL": "55", "NIL": "BAGGIO - Q.RE DEGLI OLMI - Q.RE VALSESIA", "LONG_X_4326": 9.09692532528741, "LAT_Y_4326": 45.454989510007742, "Location": "(45.45498951000774, 9.09692532528741)" }, "geometry": { "type": "Point", "coordinates": [ 9.09692532528741, 45.454989510007742 ] } },
{ "type": "Feature", "properties": { "objectID": "2149", "CAP": "20153", "MUNICIPIO": "7", "ID_NIL": "61", "NIL": "QUARTO CAGNINO", "LONG_X_4326": 9.1034692216364732, "LAT_Y_4326": 45.473660335859591, "Location": "(45.47366033585959, 9.103469221636473)" }, "geometry": { "type": "Point", "coordinates": [ 9.103469221636473, 45.473660335859591 ] } },
{ "type": "Feature", "properties": { "objectID": "55", "CAP": "20153", "MUNICIPIO": "7", "ID_NIL": "88", "NIL": "PARCO BOSCO IN CITTA'", "LONG_X_4326": 9.1057087130616221, "LAT_Y_4326": 45.478520347360913, "Location": "(45.47852034736091, 9.105708713061622)" }, "geometry": { "type": "Point", "coordinates": [ 9.105708713061622, 45.478520347360913 ] } },
{ "type": "Feature", "properties": { "objectID": "29120", "CAP": "20151", "MUNICIPIO": "8", "ID_NIL": "65", "NIL": "Q.RE GALLARATESE - Q.RE SAN LEONARDO - LAMPUGNANO", "LONG_X_4326": 9.1054338382230711, "LAT_Y_4326": 45.495165752340853, "Location": "(45.49516575234085, 9.105433838223071)" }, "geometry": { "type": "Point", "coordinates": [ 9.105433838223071, 45.495165752340853 ] } },
{ "type": "Feature", "properties": { "objectID": "113", "CAP": "20147", "MUNICIPIO": "6", "ID_NIL": "53", "NIL": "LORENTEGGIO", "LONG_X_4326": 9.1308172666247636, "LAT_Y_4326": 45.45552751148572, "Location": "(45.45552751148572, 9.130817266624764)" }, "geometry": { "type": "Point", "coordinates": [ 9.130817266624764, 45.45552751148572 ] } },
{ "type": "Feature", "properties": { "objectID": "5866", "CAP": "20151", "MUNICIPIO": "8", "ID_NIL": "65", "NIL": "Q.RE GALLARATESE - Q.RE SAN LEONARDO - LAMPUGNANO", "LONG_X_4326": 9.1281041437168344, "LAT_Y_4326": 45.486910152521524, "Location": "(45.486910152521524, 9.128104143716834)" }, "geometry": { "type": "Point", "coordinates": [ 9.128104143716834, 45.486910152521524 ] } },
{ "type": "Feature", "properties": { "objectID": "3406", "CAP": "20157", "MUNICIPIO": "8", "ID_NIL": "76", "NIL": "QUARTO OGGIARO - VIALBA - MUSOCCO", "LONG_X_4326": 9.1312380851168058, "LAT_Y_4326": 45.515613097201154, "Location": "(45.515613097201154, 9.131238085116806)" }, "geometry": { "type": "Point", "coordinates": [ 9.131238085116806, 45.515613097201154 ] } },
{ "type": "Feature", "properties": { "objectID": "21512", "CAP": "20147", "MUNICIPIO": "7", "ID_NIL": "52", "NIL": "BANDE NERE", "LONG_X_4326": 9.133362782383557, "LAT_Y_4326": 45.462930676831405, "Location": "(45.462930676831405, 9.133362782383557)" }, "geometry": { "type": "Point", "coordinates": [ 9.133362782383557, 45.462930676831405 ] } },
{ "type": "Feature", "properties": { "objectID": "5380", "CAP": "20148", "MUNICIPIO": "7", "ID_NIL": "60", "NIL": "STADIO - IPPODROMI", "LONG_X_4326": 9.1382088482601151, "LAT_Y_4326": 45.476359456689138, "Location": "(45.47635945668914, 9.138208848260115)" }, "geometry": { "type": "Point", "coordinates": [ 9.138208848260115, 45.476359456689138 ] } },
{ "type": "Feature", "properties": { "objectID": "4231", "CAP": "20143", "MUNICIPIO": "6", "ID_NIL": "48", "NIL": "RONCHETTO SUL NAVIGLIO - Q.RE LODOVICO IL MORO", "LONG_X_4326": 9.1399111577134171, "LAT_Y_4326": 45.44387988764467, "Location": "(45.44387988764467, 9.139911157713417)" }, "geometry": { "type": "Point", "coordinates": [ 9.139911157713417, 45.44387988764467 ] } },
{ "type": "Feature", "properties": { "objectID": "2562", "CAP": "20146", "MUNICIPIO": "7", "ID_NIL": "52", "NIL": "BANDE NERE", "LONG_X_4326": 9.1403273342335734, "LAT_Y_4326": 45.460962267128089, "Location": "(45.46096226712809, 9.140327334233573)" }, "geometry": { "type": "Point", "coordinates": [ 9.140327334233573, 45.460962267128089 ] } },
{ "type": "Feature", "properties": { "objectID": "28719", "CAP": "20148", "MUNICIPIO": "7", "ID_NIL": "57", "NIL": "SAN SIRO", "LONG_X_4326": 9.1409509675407943, "LAT_Y_4326": 45.477657511516362, "Location": "(45.47765751151636, 9.140950967540794)" }, "geometry": { "type": "Point", "coordinates": [ 9.140950967540794, 45.477657511516362 ] } },
{ "type": "Feature", "properties": { "objectID": "3424", "CAP": "20149", "MUNICIPIO": "8", "ID_NIL": "71", "NIL": "VILLAPIZZONE - CAGNOLA - BOLDINASCO", "LONG_X_4326": 9.145153237948966, "LAT_Y_4326": 45.488412893626275, "Location": "(45.488412893626275, 9.145153237948966)" }, "geometry": { "type": "Point", "coordinates": [ 9.145153237948966, 45.488412893626275 ] } },
{ "type": "Feature", "properties": { "objectID": "25112", "CAP": "20157", "MUNICIPIO": "8", "ID_NIL": "76", "NIL": "QUARTO OGGIARO - VIALBA - MUSOCCO", "LONG_X_4326": 9.1401887245368307, "LAT_Y_4326": 45.519123964498633, "Location": "(45.51912396449863, 9.14018872453683)" }, "geometry": { "type": "Point", "coordinates": [ 9.140188724536831, 45.519123964498633 ] } },
{ "type": "Feature", "properties": { "objectID": "437", "CAP": "20149", "MUNICIPIO": "8", "ID_NIL": "67", "NIL": "PORTELLO", "LONG_X_4326": 9.1509935157391205, "LAT_Y_4326": 45.484214277273914, "Location": "(45.484214277273914, 9.15099351573912)" }, "geometry": { "type": "Point", "coordinates": [ 9.15099351573912, 45.484214277273914 ] } },
{ "type": "Feature", "properties": { "objectID": "10689", "CAP": "20149", "MUNICIPIO": "7", "ID_NIL": "58", "NIL": "DE ANGELI - MONTE ROSA", "LONG_X_4326": 9.1542602382385247, "LAT_Y_4326": 45.468222944295391, "Location": "(45.46822294429539, 9.154260238238525)" }, "geometry": { "type": "Point", "coordinates": [ 9.154260238238525, 45.468222944295391 ] } },
{ "type": "Feature", "properties": { "objectID": "479", "CAP": "20155", "MUNICIPIO": "8", "ID_NIL": "71", "NIL": "VILLAPIZZONE - CAGNOLA - BOLDINASCO", "LONG_X_4326": 9.1532185520559768, "LAT_Y_4326": 45.494782803569926, "Location": "(45.494782803569926, 9.153218552055977)" }, "geometry": { "type": "Point", "coordinates": [ 9.153218552055977, 45.494782803569926 ] } },
{ "type": "Feature", "properties": { "objectID": "135", "CAP": "20144", "MUNICIPIO": "7", "ID_NIL": "51", "NIL": "PORTA MAGENTA", "LONG_X_4326": 9.1603464032616149, "LAT_Y_4326": 45.460733233886188, "Location": "(45.46073323388619, 9.160346403261615)" }, "geometry": { "type": "Point", "coordinates": [ 9.160346403261615, 45.460733233886188 ] } },
{ "type": "Feature", "properties": { "objectID": "435", "CAP": "20154", "MUNICIPIO": "8", "ID_NIL": "69", "NIL": "SARPI", "LONG_X_4326": 9.1650374555855958, "LAT_Y_4326": 45.483367498254424, "Location": "(45.483367498254424, 9.165037455585596)" }, "geometry": { "type": "Point", "coordinates": [ 9.165037455585596, 45.483367498254424 ] } },
{ "type": "Feature", "properties": { "objectID": "1345", "CAP": "20142", "MUNICIPIO": "5", "ID_NIL": "42", "NIL": "STADERA - CHIESA ROSSA - Q.RE TORRETTA - CONCA FALLATA", "LONG_X_4326": 9.1694138616586134, "LAT_Y_4326": 45.428324083208906, "Location": "(45.428324083208906, 9.169413861658613)" }, "geometry": { "type": "Point", "coordinates": [ 9.169413861658613, 45.428324083208906 ] } },
{ "type": "Feature", "properties": { "objectID": "3370", "CAP": "20143", "MUNICIPIO": "6", "ID_NIL": "44", "NIL": "PORTA TICINESE - CONCHETTA", "LONG_X_4326": 9.1669975582896939, "LAT_Y_4326": 45.44755099834871, "Location": "(45.44755099834871, 9.166997558289694)" }, "geometry": { "type": "Point", "coordinates": [ 9.166997558289694, 45.44755099834871 ] } },
{ "type": "Feature", "properties": { "objectID": "127", "CAP": "20161", "MUNICIPIO": "9", "ID_NIL": "80", "NIL": "AFFORI", "LONG_X_4326": 9.1699968532090903, "LAT_Y_4326": 45.517271827493907, "Location": "(45.51727182749391, 9.16999685320909)" }, "geometry": { "type": "Point", "coordinates": [ 9.16999685320909, 45.517271827493907 ] } },
{ "type": "Feature", "properties": { "objectID": "4215", "CAP": "20161", "MUNICIPIO": "9", "ID_NIL": "83", "NIL": "BRUZZANO", "LONG_X_4326": 9.171077700060037, "LAT_Y_4326": 45.530546865335168, "Location": "(45.53054686533517, 9.171077700060037)" }, "geometry": { "type": "Point", "coordinates": [ 9.171077700060037, 45.530546865335168 ] } },
{ "type": "Feature", "properties": { "objectID": "11", "CAP": "20142", "MUNICIPIO": "5", "ID_NIL": "41", "NIL": "GRATOSOGLIO - Q.RE MISSAGLIA - Q.RE TERRAZZE", "LONG_X_4326": 9.172294824262254, "LAT_Y_4326": 45.41659653799173, "Location": "(45.41659653799173, 9.172294824262254)" }, "geometry": { "type": "Point", "coordinates": [ 9.172294824262254, 45.41659653799173 ] } },
{ "type": "Feature", "properties": { "objectID": "294", "CAP": "20142", "MUNICIPIO": "5", "ID_NIL": "41", "NIL": "GRATOSOGLIO - Q.RE MISSAGLIA - Q.RE TERRAZZE", "LONG_X_4326": 9.1784369644489416, "LAT_Y_4326": 45.420604280552084, "Location": "(45.420604280552084, 9.178436964448942)" }, "geometry": { "type": "Point", "coordinates": [ 9.178436964448942, 45.420604280552084 ] } },
{ "type": "Feature", "properties": { "objectID": "31", "CAP": "20141", "MUNICIPIO": "5", "ID_NIL": "43", "NIL": "TIBALDI", "LONG_X_4326": 9.1783288465069521, "LAT_Y_4326": 45.440538211670322, "Location": "(45.44053821167032, 9.178328846506952)" }, "geometry": { "type": "Point", "coordinates": [ 9.178328846506952, 45.440538211670322 ] } },
{ "type": "Feature", "properties": { "objectID": "110", "CAP": "20158", "MUNICIPIO": "9", "ID_NIL": "79", "NIL": "DERGANO", "LONG_X_4326": 9.1756643230850532, "LAT_Y_4326": 45.502019149328113, "Location": "(45.50201914932811, 9.175664323085053)" }, "geometry": { "type": "Point", "coordinates": [ 9.175664323085053, 45.502019149328113 ] } },
{ "type": "Feature", "properties": { "objectID": "142", "CAP": "20158", "MUNICIPIO": "9", "ID_NIL": "79", "NIL": "DERGANO", "LONG_X_4326": 9.177589045800179, "LAT_Y_4326": 45.499395789459939, "Location": "(45.49939578945994, 9.177589045800179)" }, "geometry": { "type": "Point", "coordinates": [ 9.177589045800179, 45.499395789459939 ] } },
{ "type": "Feature", "properties": { "objectID": "12685", "CAP": "20161", "MUNICIPIO": "9", "ID_NIL": "83", "NIL": "BRUZZANO", "LONG_X_4326": 9.175024229910461, "LAT_Y_4326": 45.52370063233905, "Location": "(45.52370063233905, 9.175024229910461)" }, "geometry": { "type": "Point", "coordinates": [ 9.175024229910461, 45.52370063233905 ] } },
{ "type": "Feature", "properties": { "objectID": "10285", "CAP": "20161", "MUNICIPIO": "9", "ID_NIL": "83", "NIL": "BRUZZANO", "LONG_X_4326": 9.1755026992971782, "LAT_Y_4326": 45.524307410100114, "Location": "(45.524307410100114, 9.175502699297178)" }, "geometry": { "type": "Point", "coordinates": [ 9.175502699297178, 45.524307410100114 ] } },
{ "type": "Feature", "properties": { "objectID": "2157", "CAP": "20141", "MUNICIPIO": "5", "ID_NIL": "43", "NIL": "TIBALDI", "LONG_X_4326": 9.181899242047713, "LAT_Y_4326": 45.437716150839648, "Location": "(45.43771615083965, 9.181899242047713)" }, "geometry": { "type": "Point", "coordinates": [ 9.181899242047713, 45.437716150839648 ] } },
{ "type": "Feature", "properties": { "objectID": "36", "CAP": "20141", "MUNICIPIO": "5", "ID_NIL": "42", "NIL": "STADERA - CHIESA ROSSA - Q.RE TORRETTA - CONCA FALLATA", "LONG_X_4326": 9.1867417450054401, "LAT_Y_4326": 45.434668182854772, "Location": "(45.43466818285477, 9.18674174500544)" }, "geometry": { "type": "Point", "coordinates": [ 9.18674174500544, 45.434668182854772 ] } },
{ "type": "Feature", "properties": { "objectID": "290", "CAP": "20141", "MUNICIPIO": "5", "ID_NIL": "43", "NIL": "TIBALDI", "LONG_X_4326": 9.1854818973590735, "LAT_Y_4326": 45.443709511310274, "Location": "(45.443709511310274, 9.185481897359073)" }, "geometry": { "type": "Point", "coordinates": [ 9.185481897359073, 45.443709511310274 ] } },
{ "type": "Feature", "properties": { "objectID": "3360", "CAP": "20141", "MUNICIPIO": "5", "ID_NIL": "37", "NIL": "MORIVIONE", "LONG_X_4326": 9.1907984732177486, "LAT_Y_4326": 45.444264307822522, "Location": "(45.44426430782252, 9.190798473217749)" }, "geometry": { "type": "Point", "coordinates": [ 9.190798473217749, 45.444264307822522 ] } },
{ "type": "Feature", "properties": { "objectID": "103", "CAP": "20122", "MUNICIPIO": "1", "ID_NIL": "1", "NIL": "DUOMO", "LONG_X_4326": 9.1876691405272251, "LAT_Y_4326": 45.457477074771816, "Location": "(45.457477074771816, 9.187669140527225)" }, "geometry": { "type": "Point", "coordinates": [ 9.187669140527225, 45.457477074771816 ] } },
{ "type": "Feature", "properties": { "objectID": "4222", "CAP": "20124", "MUNICIPIO": "9", "ID_NIL": "11", "NIL": "ISOLA", "LONG_X_4326": 9.1909713877729313, "LAT_Y_4326": 45.485720963794975, "Location": "(45.485720963794975, 9.190971387772931)" }, "geometry": { "type": "Point", "coordinates": [ 9.190971387772931, 45.485720963794975 ] } },
{ "type": "Feature", "properties": { "objectID": "531", "CAP": "20141", "MUNICIPIO": "5", "ID_NIL": "38", "NIL": "VIGENTINO - Q.RE FATIMA", "LONG_X_4326": 9.1954336322792027, "LAT_Y_4326": 45.434007279449538, "Location": "(45.43400727944954, 9.195433632279203)" }, "geometry": { "type": "Point", "coordinates": [ 9.195433632279203, 45.434007279449538 ] } },
{ "type": "Feature", "properties": { "objectID": "152", "CAP": "20121", "MUNICIPIO": "1", "ID_NIL": "2", "NIL": "BRERA", "LONG_X_4326": 9.1920903309562156, "LAT_Y_4326": 45.472046336858895, "Location": "(45.472046336858895, 9.192090330956216)" }, "geometry": { "type": "Point", "coordinates": [ 9.192090330956216, 45.472046336858895 ] } },
{ "type": "Feature", "properties": { "objectID": "29130", "CAP": "20154", "MUNICIPIO": "9", "ID_NIL": "9", "NIL": "PORTA GARIBALDI - PORTA NUOVA", "LONG_X_4326": 9.1923166225047908, "LAT_Y_4326": 45.483579751570907, "Location": "(45.48357975157091, 9.19231662250479)" }, "geometry": { "type": "Point", "coordinates": [ 9.192316622504791, 45.483579751570907 ] } },
{ "type": "Feature", "properties": { "objectID": "509", "CAP": "20121", "MUNICIPIO": "1", "ID_NIL": "3", "NIL": "GIARDINI P.TA VENEZIA", "LONG_X_4326": 9.2002847482461814, "LAT_Y_4326": 45.474715399402072, "Location": "(45.47471539940207, 9.200284748246181)" }, "geometry": { "type": "Point", "coordinates": [ 9.200284748246181, 45.474715399402072 ] } },
{ "type": "Feature", "properties": { "objectID": "327", "CAP": "20162", "MUNICIPIO": "9", "ID_NIL": "14", "NIL": "NIGUARDA - CA' GRANDA - PRATO CENTENARO - Q.RE FULVIO TESTI", "LONG_X_4326": 9.2041636590503053, "LAT_Y_4326": 45.516302101238509, "Location": "(45.51630210123851, 9.204163659050305)" }, "geometry": { "type": "Point", "coordinates": [ 9.204163659050305, 45.516302101238509 ] } },
{ "type": "Feature", "properties": { "objectID": "4165", "CAP": "20125", "MUNICIPIO": "2", "ID_NIL": "13", "NIL": "GRECO - SEGNANO", "LONG_X_4326": 9.2087603253356498, "LAT_Y_4326": 45.497101192989625, "Location": "(45.497101192989625, 9.20876032533565)" }, "geometry": { "type": "Point", "coordinates": [ 9.20876032533565, 45.497101192989625 ] } },
{ "type": "Feature", "properties": { "objectID": "4211", "CAP": "20137", "MUNICIPIO": "4", "ID_NIL": "28", "NIL": "UMBRIA - MOLISE - CALVAIRATE", "LONG_X_4326": 9.2145570789784657, "LAT_Y_4326": 45.446991026043982, "Location": "(45.44699102604398, 9.214557078978466)" }, "geometry": { "type": "Point", "coordinates": [ 9.214557078978466, 45.446991026043982 ] } },
{ "type": "Feature", "properties": { "objectID": "175", "CAP": "20135", "MUNICIPIO": "4", "ID_NIL": "26", "NIL": "XXII MARZO", "LONG_X_4326": 9.2128888890840592, "LAT_Y_4326": 45.458044044233674, "Location": "(45.458044044233674, 9.21288888908406)" }, "geometry": { "type": "Point", "coordinates": [ 9.212888889084059, 45.458044044233674 ] } },
{ "type": "Feature", "properties": { "objectID": "179", "CAP": "20129", "MUNICIPIO": "4", "ID_NIL": "26", "NIL": "XXII MARZO", "LONG_X_4326": 9.2119838305085544, "LAT_Y_4326": 45.462422159895063, "Location": "(45.46242215989506, 9.211983830508554)" }, "geometry": { "type": "Point", "coordinates": [ 9.211983830508554, 45.462422159895063 ] } },
{ "type": "Feature", "properties": { "objectID": "3376", "CAP": "20129", "MUNICIPIO": "4", "ID_NIL": "26", "NIL": "XXII MARZO", "LONG_X_4326": 9.2132163989547333, "LAT_Y_4326": 45.467904092814756, "Location": "(45.467904092814756, 9.213216398954733)" }, "geometry": { "type": "Point", "coordinates": [ 9.213216398954733, 45.467904092814756 ] } },
{ "type": "Feature", "properties": { "objectID": "3365", "CAP": "20137", "MUNICIPIO": "4", "ID_NIL": "28", "NIL": "UMBRIA - MOLISE - CALVAIRATE", "LONG_X_4326": 9.2180659062473609, "LAT_Y_4326": 45.45413004697307, "Location": "(45.45413004697307, 9.21806590624736)" }, "geometry": { "type": "Point", "coordinates": [ 9.218065906247361, 45.45413004697307 ] } },
{ "type": "Feature", "properties": { "objectID": "491", "CAP": "20131", "MUNICIPIO": "3", "ID_NIL": "20", "NIL": "LORETO - CASORETTO - NOLO", "LONG_X_4326": 9.2236474630470813, "LAT_Y_4326": 45.488844183973143, "Location": "(45.48884418397314, 9.223647463047081)" }, "geometry": { "type": "Point", "coordinates": [ 9.223647463047081, 45.488844183973143 ] } },
{ "type": "Feature", "properties": { "objectID": "331", "CAP": "20126", "MUNICIPIO": "2", "ID_NIL": "16", "NIL": "GORLA - PRECOTTO", "LONG_X_4326": 9.222571622735023, "LAT_Y_4326": 45.521758463965725, "Location": "(45.521758463965725, 9.222571622735023)" }, "geometry": { "type": "Point", "coordinates": [ 9.222571622735023, 45.521758463965725 ] } },
{ "type": "Feature", "properties": { "objectID": "535", "CAP": "20139", "MUNICIPIO": "4", "ID_NIL": "35", "NIL": "LODI - CORVETTO", "LONG_X_4326": 9.2267786443171627, "LAT_Y_4326": 45.442500264448974, "Location": "(45.442500264448974, 9.226778644317163)" }, "geometry": { "type": "Point", "coordinates": [ 9.226778644317163, 45.442500264448974 ] } },
{ "type": "Feature", "properties": { "objectID": "482", "CAP": "20133", "MUNICIPIO": "3", "ID_NIL": "22", "NIL": "CITTA' STUDI", "LONG_X_4326": 9.2296838788565747, "LAT_Y_4326": 45.473601490327738, "Location": "(45.47360149032774, 9.229683878856575)" }, "geometry": { "type": "Point", "coordinates": [ 9.229683878856575, 45.473601490327738 ] } },
{ "type": "Feature", "properties": { "objectID": "5823", "CAP": "20133", "MUNICIPIO": "3", "ID_NIL": "22", "NIL": "CITTA' STUDI", "LONG_X_4326": 9.2261865948788788, "LAT_Y_4326": 45.479065308511196, "Location": "(45.479065308511196, 9.226186594878879)" }, "geometry": { "type": "Point", "coordinates": [ 9.226186594878879, 45.479065308511196 ] } },
{ "type": "Feature", "properties": { "objectID": "14285", "CAP": "20127", "MUNICIPIO": "2", "ID_NIL": "20", "NIL": "LORETO - CASORETTO - NOLO", "LONG_X_4326": 9.2254375649928093, "LAT_Y_4326": 45.494070238121516, "Location": "(45.494070238121516, 9.22543756499281)" }, "geometry": { "type": "Point", "coordinates": [ 9.225437564992809, 45.494070238121516 ] } },
{ "type": "Feature", "properties": { "objectID": "15900", "CAP": "20139", "MUNICIPIO": "4", "ID_NIL": "35", "NIL": "LODI - CORVETTO", "LONG_X_4326": 9.2357799212492822, "LAT_Y_4326": 45.43497946871107, "Location": "(45.43497946871107, 9.235779921249282)" }, "geometry": { "type": "Point", "coordinates": [ 9.235779921249282, 45.43497946871107 ] } },
{ "type": "Feature", "properties": { "objectID": "2956", "CAP": "20133", "MUNICIPIO": "3", "ID_NIL": "22", "NIL": "CITTA' STUDI", "LONG_X_4326": 9.2348010051042628, "LAT_Y_4326": 45.473267011315251, "Location": "(45.47326701131525, 9.234801005104263)" }, "geometry": { "type": "Point", "coordinates": [ 9.234801005104263, 45.473267011315251 ] } },
{ "type": "Feature", "properties": { "objectID": "530", "CAP": "20133", "MUNICIPIO": "3", "ID_NIL": "22", "NIL": "CITTA' STUDI", "LONG_X_4326": 9.2363391236493051, "LAT_Y_4326": 45.484424278989408, "Location": "(45.48442427898941, 9.236339123649305)" }, "geometry": { "type": "Point", "coordinates": [ 9.236339123649305, 45.484424278989408 ] } },
{ "type": "Feature", "properties": { "objectID": "28322", "CAP": "20128", "MUNICIPIO": "2", "ID_NIL": "16", "NIL": "GORLA - PRECOTTO", "LONG_X_4326": 9.2340333727589528, "LAT_Y_4326": 45.504641357665513, "Location": "(45.50464135766551, 9.234033372758953)" }, "geometry": { "type": "Point", "coordinates": [ 9.234033372758953, 45.504641357665513 ] } },
{ "type": "Feature", "properties": { "objectID": "172", "CAP": "20138", "MUNICIPIO": "4", "ID_NIL": "30", "NIL": "TALIEDO - MORSENCHIO - Q.RE FORLANINI", "LONG_X_4326": 9.2413188064679854, "LAT_Y_4326": 45.458322965846769, "Location": "(45.45832296584677, 9.241318806467985)" }, "geometry": { "type": "Point", "coordinates": [ 9.241318806467985, 45.458322965846769 ] } },
{ "type": "Feature", "properties": { "objectID": "5384", "CAP": "20138", "MUNICIPIO": "4", "ID_NIL": "30", "NIL": "TALIEDO - MORSENCHIO - Q.RE FORLANINI", "LONG_X_4326": 9.2423175379214637, "LAT_Y_4326": 45.461559172758321, "Location": "(45.46155917275832, 9.242317537921464)" }, "geometry": { "type": "Point", "coordinates": [ 9.242317537921464, 45.461559172758321 ] } },
{ "type": "Feature", "properties": { "objectID": "484", "CAP": "20134", "MUNICIPIO": "3", "ID_NIL": "18", "NIL": "CIMIANO - ROTTOLE - Q.RE FELTRE", "LONG_X_4326": 9.2524725555357055, "LAT_Y_4326": 45.498153047874538, "Location": "(45.49815304787454, 9.252472555535705)" }, "geometry": { "type": "Point", "coordinates": [ 9.252472555535705, 45.498153047874538 ] } },
{ "type": "Feature", "properties": { "objectID": "29116", "CAP": "20128", "MUNICIPIO": "2", "ID_NIL": "17", "NIL": "ADRIANO", "LONG_X_4326": 9.2517748762404466, "LAT_Y_4326": 45.51772177627695, "Location": "(45.51772177627695, 9.251774876240447)" }, "geometry": { "type": "Point", "coordinates": [ 9.251774876240447, 45.51772177627695 ] } },
{ "type": "Feature", "properties": { "objectID": "28315", "CAP": "20134", "MUNICIPIO": "3", "ID_NIL": "24", "NIL": "PARCO FORLANINI - CAVRIANO", "LONG_X_4326": 9.261667773580017, "LAT_Y_4326": 45.470844270171995, "Location": "(45.470844270171995, 9.261667773580017)" }, "geometry": { "type": "Point", "coordinates": [ 9.261667773580017, 45.470844270171995 ] } },
{ "type": "Feature", "properties": { "objectID": "347", "CAP": "20138", "MUNICIPIO": "4", "ID_NIL": "31", "NIL": "MONLUE' - PONTE LAMBRO", "LONG_X_4326": 9.265546356372548, "LAT_Y_4326": 45.444315370485306, "Location": "(45.444315370485306, 9.265546356372548)" }, "geometry": { "type": "Point", "coordinates": [ 9.265546356372548, 45.444315370485306 ] } },
{ "type": "Feature", "properties": { "objectID": "2556", "CAP": "20152", "MUNICIPIO": "7", "ID_NIL": "56", "NIL": "FORZE ARMATE", "LONG_X_4326": 9.1016543340863549, "LAT_Y_4326": 45.461259441834628, "Location": "(45.46125944183463, 9.101654334086355)" }, "geometry": { "type": "Point", "coordinates": [ 9.101654334086355, 45.461259441834628 ] } },
{ "type": "Feature", "properties": { "objectID": "68", "CAP": "20152", "MUNICIPIO": "7", "ID_NIL": "56", "NIL": "FORZE ARMATE", "LONG_X_4326": 9.102930773462786, "LAT_Y_4326": 45.460019336617599, "Location": "(45.4600193366176, 9.102930773462786)" }, "geometry": { "type": "Point", "coordinates": [ 9.102930773462786, 45.460019336617599 ] } },
{ "type": "Feature", "properties": { "objectID": "8287", "CAP": "20156", "MUNICIPIO": "8", "ID_NIL": "72", "NIL": "MAGGIORE - MUSOCCO - CERTOSA", "LONG_X_4326": 9.1039736146557857, "LAT_Y_4326": 45.509744255656834, "Location": "(45.509744255656834, 9.103973614655786)" }, "geometry": { "type": "Point", "coordinates": [ 9.103973614655786, 45.509744255656834 ] } },
{ "type": "Feature", "properties": { "objectID": "5838", "CAP": "20156", "MUNICIPIO": "8", "ID_NIL": "72", "NIL": "MAGGIORE - MUSOCCO - CERTOSA", "LONG_X_4326": 9.1044540198524242, "LAT_Y_4326": 45.511374257964015, "Location": "(45.511374257964015, 9.104454019852424)" }, "geometry": { "type": "Point", "coordinates": [ 9.104454019852424, 45.511374257964015 ] } },
{ "type": "Feature", "properties": { "objectID": "28723", "CAP": "20151", "MUNICIPIO": "8", "ID_NIL": "65", "NIL": "Q.RE GALLARATESE - Q.RE SAN LEONARDO - LAMPUGNANO", "LONG_X_4326": 9.1091271359861796, "LAT_Y_4326": 45.502963632927731, "Location": "(45.50296363292773, 9.10912713598618)" }, "geometry": { "type": "Point", "coordinates": [ 9.10912713598618, 45.502963632927731 ] } },
{ "type": "Feature", "properties": { "objectID": "5836", "CAP": "20151", "MUNICIPIO": "7", "ID_NIL": "60", "NIL": "STADIO - IPPODROMI", "LONG_X_4326": 9.1295956427473559, "LAT_Y_4326": 45.476730054377981, "Location": "(45.47673005437798, 9.129595642747356)" }, "geometry": { "type": "Point", "coordinates": [ 9.129595642747356, 45.476730054377981 ] } },
{ "type": "Feature", "properties": { "objectID": "115", "CAP": "20157", "MUNICIPIO": "8", "ID_NIL": "76", "NIL": "QUARTO OGGIARO - VIALBA - MUSOCCO", "LONG_X_4326": 9.1328032213279489, "LAT_Y_4326": 45.519252469111933, "Location": "(45.51925246911193, 9.132803221327949)" }, "geometry": { "type": "Point", "coordinates": [ 9.132803221327949, 45.519252469111933 ] } },
{ "type": "Feature", "properties": { "objectID": "365", "CAP": "20146", "MUNICIPIO": "7", "ID_NIL": "52", "NIL": "BANDE NERE", "LONG_X_4326": 9.1375502431501037, "LAT_Y_4326": 45.461587526839814, "Location": "(45.461587526839814, 9.137550243150104)" }, "geometry": { "type": "Point", "coordinates": [ 9.137550243150104, 45.461587526839814 ] } },
{ "type": "Feature", "properties": { "objectID": "2170", "CAP": "20148", "MUNICIPIO": "8", "ID_NIL": "66", "NIL": "QT 8", "LONG_X_4326": 9.1355754505796067, "LAT_Y_4326": 45.484838254428411, "Location": "(45.48483825442841, 9.135575450579607)" }, "geometry": { "type": "Point", "coordinates": [ 9.135575450579607, 45.484838254428411 ] } },
{ "type": "Feature", "properties": { "objectID": "4188", "CAP": "20148", "MUNICIPIO": "8", "ID_NIL": "66", "NIL": "QT 8", "LONG_X_4326": 9.1380682513310152, "LAT_Y_4326": 45.483523860550257, "Location": "(45.48352386055026, 9.138068251331015)" }, "geometry": { "type": "Point", "coordinates": [ 9.138068251331015, 45.483523860550257 ] } },
{ "type": "Feature", "properties": { "objectID": "268", "CAP": "20148", "MUNICIPIO": "8", "ID_NIL": "66", "NIL": "QT 8", "LONG_X_4326": 9.1387411992258496, "LAT_Y_4326": 45.485970319308095, "Location": "(45.485970319308095, 9.13874119922585)" }, "geometry": { "type": "Point", "coordinates": [ 9.13874119922585, 45.485970319308095 ] } },
{ "type": "Feature", "properties": { "objectID": "4179", "CAP": "20157", "MUNICIPIO": "8", "ID_NIL": "76", "NIL": "QUARTO OGGIARO - VIALBA - MUSOCCO", "LONG_X_4326": 9.1408436744662662, "LAT_Y_4326": 45.513280864382551, "Location": "(45.51328086438255, 9.140843674466266)" }, "geometry": { "type": "Point", "coordinates": [ 9.140843674466266, 45.513280864382551 ] } },
{ "type": "Feature", "properties": { "objectID": "2151", "CAP": "20146", "MUNICIPIO": "7", "ID_NIL": "51", "NIL": "PORTA MAGENTA", "LONG_X_4326": 9.1522815655845271, "LAT_Y_4326": 45.464497475621087, "Location": "(45.46449747562109, 9.152281565584527)" }, "geometry": { "type": "Point", "coordinates": [ 9.152281565584527, 45.464497475621087 ] } },
{ "type": "Feature", "properties": { "objectID": "444", "CAP": "20149", "MUNICIPIO": "8", "ID_NIL": "58", "NIL": "DE ANGELI - MONTE ROSA", "LONG_X_4326": 9.1505912749718856, "LAT_Y_4326": 45.477512969356425, "Location": "(45.477512969356425, 9.150591274971886)" }, "geometry": { "type": "Point", "coordinates": [ 9.150591274971886, 45.477512969356425 ] } },
{ "type": "Feature", "properties": { "objectID": "4217", "CAP": "20156", "MUNICIPIO": "8", "ID_NIL": "71", "NIL": "VILLAPIZZONE - CAGNOLA - BOLDINASCO", "LONG_X_4326": 9.1464406159937326, "LAT_Y_4326": 45.493001477475765, "Location": "(45.493001477475765, 9.146440615993733)" }, "geometry": { "type": "Point", "coordinates": [ 9.146440615993733, 45.493001477475765 ] } },
{ "type": "Feature", "properties": { "objectID": "108", "CAP": "20155", "MUNICIPIO": "8", "ID_NIL": "71", "NIL": "VILLAPIZZONE - CAGNOLA - BOLDINASCO", "LONG_X_4326": 9.1517542988423664, "LAT_Y_4326": 45.497040057861739, "Location": "(45.49704005786174, 9.151754298842366)" }, "geometry": { "type": "Point", "coordinates": [ 9.151754298842366, 45.497040057861739 ] } },
{ "type": "Feature", "properties": { "objectID": "5385", "CAP": "20142", "MUNICIPIO": "6", "ID_NIL": "46", "NIL": "BARONA", "LONG_X_4326": 9.153194726089211, "LAT_Y_4326": 45.427896857110774, "Location": "(45.427896857110774, 9.153194726089211)" }, "geometry": { "type": "Point", "coordinates": [ 9.153194726089211, 45.427896857110774 ] } },
{ "type": "Feature", "properties": { "objectID": "19", "CAP": "20143", "MUNICIPIO": "6", "ID_NIL": "45", "NIL": "MONCUCCO - SAN CRISTOFORO", "LONG_X_4326": 9.1553492970611074, "LAT_Y_4326": 45.437335624731361, "Location": "(45.43733562473136, 9.155349297061107)" }, "geometry": { "type": "Point", "coordinates": [ 9.155349297061107, 45.437335624731361 ] } },
{ "type": "Feature", "properties": { "objectID": "441", "CAP": "20145", "MUNICIPIO": "8", "ID_NIL": "59", "NIL": "TRE TORRI", "LONG_X_4326": 9.1565424969892923, "LAT_Y_4326": 45.473571026825418, "Location": "(45.47357102682542, 9.156542496989292)" }, "geometry": { "type": "Point", "coordinates": [ 9.156542496989292, 45.473571026825418 ] } },
{ "type": "Feature", "properties": { "objectID": "5827", "CAP": "20142", "MUNICIPIO": "5", "ID_NIL": "41", "NIL": "GRATOSOGLIO - Q.RE MISSAGLIA - Q.RE TERRAZZE", "LONG_X_4326": 9.1655891614417708, "LAT_Y_4326": 45.414393415041253, "Location": "(45.41439341504125, 9.16558916144177)" }, "geometry": { "type": "Point", "coordinates": [ 9.165589161441771, 45.414393415041253 ] } },
{ "type": "Feature", "properties": { "objectID": "33919", "CAP": "20144", "MUNICIPIO": "6", "ID_NIL": "50", "NIL": "PORTA GENOVA", "LONG_X_4326": 9.1651860140353882, "LAT_Y_4326": 45.457783680871415, "Location": "(45.457783680871415, 9.165186014035388)" }, "geometry": { "type": "Point", "coordinates": [ 9.165186014035388, 45.457783680871415 ] } },
{ "type": "Feature", "properties": { "objectID": "3400", "CAP": "20155", "MUNICIPIO": "8", "ID_NIL": "70", "NIL": "GHISOLFA", "LONG_X_4326": 9.1645486675414993, "LAT_Y_4326": 45.494474937137142, "Location": "(45.49447493713714, 9.1645486675415)" }, "geometry": { "type": "Point", "coordinates": [ 9.164548667541499, 45.494474937137142 ] } },
{ "type": "Feature", "properties": { "objectID": "35918", "CAP": "20161", "MUNICIPIO": "9", "ID_NIL": "80", "NIL": "AFFORI", "LONG_X_4326": 9.1624720875056838, "LAT_Y_4326": 45.51438664200338, "Location": "(45.51438664200338, 9.162472087505684)" }, "geometry": { "type": "Point", "coordinates": [ 9.162472087505684, 45.51438664200338 ] } },
{ "type": "Feature", "properties": { "objectID": "1746", "CAP": "20142", "MUNICIPIO": "5", "ID_NIL": "42", "NIL": "STADERA - CHIESA ROSSA - Q.RE TORRETTA - CONCA FALLATA", "LONG_X_4326": 9.16724416395137, "LAT_Y_4326": 45.428988272287938, "Location": "(45.42898827228794, 9.16724416395137)" }, "geometry": { "type": "Point", "coordinates": [ 9.16724416395137, 45.428988272287938 ] } },
{ "type": "Feature", "properties": { "objectID": "2559", "CAP": "20123", "MUNICIPIO": "1", "ID_NIL": "7", "NIL": "MAGENTA - S. VITTORE", "LONG_X_4326": 9.1688480934646712, "LAT_Y_4326": 45.459922956931329, "Location": "(45.45992295693133, 9.168848093464671)" }, "geometry": { "type": "Point", "coordinates": [ 9.168848093464671, 45.459922956931329 ] } },
{ "type": "Feature", "properties": { "objectID": "5822", "CAP": "20158", "MUNICIPIO": "9", "ID_NIL": "79", "NIL": "DERGANO", "LONG_X_4326": 9.1713645780449014, "LAT_Y_4326": 45.504359303896486, "Location": "(45.504359303896486, 9.171364578044901)" }, "geometry": { "type": "Point", "coordinates": [ 9.171364578044901, 45.504359303896486 ] } },
{ "type": "Feature", "properties": { "objectID": "3412", "CAP": "20161", "MUNICIPIO": "9", "ID_NIL": "83", "NIL": "BRUZZANO", "LONG_X_4326": 9.1669614113401643, "LAT_Y_4326": 45.528606441107655, "Location": "(45.528606441107655, 9.166961411340164)" }, "geometry": { "type": "Point", "coordinates": [ 9.166961411340164, 45.528606441107655 ] } },
{ "type": "Feature", "properties": { "objectID": "316", "CAP": "20158", "MUNICIPIO": "9", "ID_NIL": "79", "NIL": "DERGANO", "LONG_X_4326": 9.1776464807380478, "LAT_Y_4326": 45.504194181743365, "Location": "(45.504194181743365, 9.177646480738048)" }, "geometry": { "type": "Point", "coordinates": [ 9.177646480738048, 45.504194181743365 ] } },
{ "type": "Feature", "properties": { "objectID": "318", "CAP": "20161", "MUNICIPIO": "9", "ID_NIL": "80", "NIL": "AFFORI", "LONG_X_4326": 9.1768417205683672, "LAT_Y_4326": 45.508603758340016, "Location": "(45.508603758340016, 9.176841720568367)" }, "geometry": { "type": "Point", "coordinates": [ 9.176841720568367, 45.508603758340016 ] } },
{ "type": "Feature", "properties": { "objectID": "324", "CAP": "20161", "MUNICIPIO": "9", "ID_NIL": "83", "NIL": "BRUZZANO", "LONG_X_4326": 9.1743681471495648, "LAT_Y_4326": 45.526534769285689, "Location": "(45.52653476928569, 9.174368147149565)" }, "geometry": { "type": "Point", "coordinates": [ 9.174368147149565, 45.526534769285689 ] } },
{ "type": "Feature", "properties": { "objectID": "4574", "CAP": "20161", "MUNICIPIO": "9", "ID_NIL": "83", "NIL": "BRUZZANO", "LONG_X_4326": 9.1775554877960648, "LAT_Y_4326": 45.52660021280532, "Location": "(45.52660021280532, 9.177555487796065)" }, "geometry": { "type": "Point", "coordinates": [ 9.177555487796065, 45.52660021280532 ] } },
{ "type": "Feature", "properties": { "objectID": "400", "CAP": "20122", "MUNICIPIO": "1", "ID_NIL": "6", "NIL": "PORTA TICINESE - CONCA DEL NAVIGLIO", "LONG_X_4326": 9.183873231389649, "LAT_Y_4326": 45.453666322412253, "Location": "(45.45366632241225, 9.183873231389649)" }, "geometry": { "type": "Point", "coordinates": [ 9.183873231389649, 45.453666322412253 ] } },
{ "type": "Feature", "properties": { "objectID": "471", "CAP": "20154", "MUNICIPIO": "8", "ID_NIL": "69", "NIL": "SARPI", "LONG_X_4326": 9.178913433899659, "LAT_Y_4326": 45.484954684331676, "Location": "(45.484954684331676, 9.178913433899659)" }, "geometry": { "type": "Point", "coordinates": [ 9.178913433899659, 45.484954684331676 ] } },
{ "type": "Feature", "properties": { "objectID": "3377", "CAP": "20141", "MUNICIPIO": "5", "ID_NIL": "43", "NIL": "TIBALDI", "LONG_X_4326": 9.1866570438636526, "LAT_Y_4326": 45.4378571094215, "Location": "(45.4378571094215, 9.186657043863653)" }, "geometry": { "type": "Point", "coordinates": [ 9.186657043863653, 45.4378571094215 ] } },
{ "type": "Feature", "properties": { "objectID": "3378", "CAP": "20141", "MUNICIPIO": "5", "ID_NIL": "43", "NIL": "TIBALDI", "LONG_X_4326": 9.1869466092278618, "LAT_Y_4326": 45.437723280436487, "Location": "(45.43772328043649, 9.186946609227862)" }, "geometry": { "type": "Point", "coordinates": [ 9.186946609227862, 45.437723280436487 ] } },
{ "type": "Feature", "properties": { "objectID": "29126", "CAP": "20136", "MUNICIPIO": "5", "ID_NIL": "5", "NIL": "PORTA VIGENTINA - PORTA LODOVICA", "LONG_X_4326": 9.1881143082238914, "LAT_Y_4326": 45.449277791375586, "Location": "(45.449277791375586, 9.188114308223891)" }, "geometry": { "type": "Point", "coordinates": [ 9.188114308223891, 45.449277791375586 ] } },
{ "type": "Feature", "properties": { "objectID": "378", "CAP": "20121", "MUNICIPIO": "1", "ID_NIL": "1", "NIL": "DUOMO", "LONG_X_4326": 9.1901098482899481, "LAT_Y_4326": 45.466924328058248, "Location": "(45.46692432805825, 9.190109848289948)" }, "geometry": { "type": "Point", "coordinates": [ 9.190109848289948, 45.466924328058248 ] } },
{ "type": "Feature", "properties": { "objectID": "4214", "CAP": "20162", "MUNICIPIO": "9", "ID_NIL": "14", "NIL": "NIGUARDA - CA' GRANDA - PRATO CENTENARO - Q.RE FULVIO TESTI", "LONG_X_4326": 9.1885507356407885, "LAT_Y_4326": 45.514564426137014, "Location": "(45.514564426137014, 9.188550735640789)" }, "geometry": { "type": "Point", "coordinates": [ 9.188550735640789, 45.514564426137014 ] } },
{ "type": "Feature", "properties": { "objectID": "28716", "CAP": "20136", "MUNICIPIO": "5", "ID_NIL": "5", "NIL": "PORTA VIGENTINA - PORTA LODOVICA", "LONG_X_4326": 9.1918858075170125, "LAT_Y_4326": 45.448423903915526, "Location": "(45.448423903915526, 9.191885807517012)" }, "geometry": { "type": "Point", "coordinates": [ 9.191885807517012, 45.448423903915526 ] } },
{ "type": "Feature", "properties": { "objectID": "381", "CAP": "20122", "MUNICIPIO": "1", "ID_NIL": "1", "NIL": "DUOMO", "LONG_X_4326": 9.1937609986398172, "LAT_Y_4326": 45.463450310383358, "Location": "(45.46345031038336, 9.193760998639817)" }, "geometry": { "type": "Point", "coordinates": [ 9.193760998639817, 45.463450310383358 ] } },
{ "type": "Feature", "properties": { "objectID": "3439", "CAP": "20121", "MUNICIPIO": "1", "ID_NIL": "3", "NIL": "GIARDINI P.TA VENEZIA", "LONG_X_4326": 9.1980024873453949, "LAT_Y_4326": 45.475382677117956, "Location": "(45.475382677117956, 9.198002487345395)" }, "geometry": { "type": "Point", "coordinates": [ 9.198002487345395, 45.475382677117956 ] } },
{ "type": "Feature", "properties": { "objectID": "140", "CAP": "20125", "MUNICIPIO": "2", "ID_NIL": "12", "NIL": "MACIACHINI - MAGGIOLINA", "LONG_X_4326": 9.1979337729871915, "LAT_Y_4326": 45.495800619967333, "Location": "(45.49580061996733, 9.197933772987192)" }, "geometry": { "type": "Point", "coordinates": [ 9.197933772987192, 45.495800619967333 ] } },
{ "type": "Feature", "properties": { "objectID": "3388", "CAP": "20122", "MUNICIPIO": "1", "ID_NIL": "4", "NIL": "GUASTALLA", "LONG_X_4326": 9.2045347718547124, "LAT_Y_4326": 45.459789170337601, "Location": "(45.4597891703376, 9.204534771854712)" }, "geometry": { "type": "Point", "coordinates": [ 9.204534771854712, 45.459789170337601 ] } },
{ "type": "Feature", "properties": { "objectID": "4183", "CAP": "20125", "MUNICIPIO": "2", "ID_NIL": "10", "NIL": "STAZIONE CENTRALE - PONTE SEVESO", "LONG_X_4326": 9.2039510016866473, "LAT_Y_4326": 45.484527770254985, "Location": "(45.484527770254985, 9.203951001686647)" }, "geometry": { "type": "Point", "coordinates": [ 9.203951001686647, 45.484527770254985 ] } },
{ "type": "Feature", "properties": { "objectID": "2163", "CAP": "20125", "MUNICIPIO": "2", "ID_NIL": "12", "NIL": "MACIACHINI - MAGGIOLINA", "LONG_X_4326": 9.199959873536951, "LAT_Y_4326": 45.498574103767893, "Location": "(45.49857410376789, 9.199959873536951)" }, "geometry": { "type": "Point", "coordinates": [ 9.199959873536951, 45.498574103767893 ] } },
{ "type": "Feature", "properties": { "objectID": "18304", "CAP": "20126", "MUNICIPIO": "9", "ID_NIL": "15", "NIL": "BICOCCA", "LONG_X_4326": 9.2050281967528704, "LAT_Y_4326": 45.513136887559419, "Location": "(45.51313688755942, 9.20502819675287)" }, "geometry": { "type": "Point", "coordinates": [ 9.20502819675287, 45.513136887559419 ] } },
{ "type": "Feature", "properties": { "objectID": "3359", "CAP": "20141", "MUNICIPIO": "5", "ID_NIL": "85", "NIL": "PARCO DELLE ABBAZIE", "LONG_X_4326": 9.2056372111245679, "LAT_Y_4326": 45.401352716214348, "Location": "(45.40135271621435, 9.205637211124568)" }, "geometry": { "type": "Point", "coordinates": [ 9.205637211124568, 45.401352716214348 ] } },
{ "type": "Feature", "properties": { "objectID": "5843", "CAP": "20135", "MUNICIPIO": "4", "ID_NIL": "26", "NIL": "XXII MARZO", "LONG_X_4326": 9.209201034383435, "LAT_Y_4326": 45.458510210665978, "Location": "(45.45851021066598, 9.209201034383435)" }, "geometry": { "type": "Point", "coordinates": [ 9.209201034383435, 45.458510210665978 ] } },
{ "type": "Feature", "properties": { "objectID": "355", "CAP": "20124", "MUNICIPIO": "3", "ID_NIL": "21", "NIL": "BUENOS AIRES - PORTA VENEZIA - PORTA MONFORTE", "LONG_X_4326": 9.210039620181167, "LAT_Y_4326": 45.484989420051107, "Location": "(45.48498942005111, 9.210039620181167)" }, "geometry": { "type": "Point", "coordinates": [ 9.210039620181167, 45.484989420051107 ] } },
{ "type": "Feature", "properties": { "objectID": "526", "CAP": "20129", "MUNICIPIO": "4", "ID_NIL": "26", "NIL": "XXII MARZO", "LONG_X_4326": 9.2145247321213759, "LAT_Y_4326": 45.467795609845979, "Location": "(45.46779560984598, 9.214524732121376)" }, "geometry": { "type": "Point", "coordinates": [ 9.214524732121376, 45.467795609845979 ] } },
{ "type": "Feature", "properties": { "objectID": "361", "CAP": "20124", "MUNICIPIO": "3", "ID_NIL": "21", "NIL": "BUENOS AIRES - PORTA VENEZIA - PORTA MONFORTE", "LONG_X_4326": 9.2147361330658004, "LAT_Y_4326": 45.484392794659335, "Location": "(45.484392794659335, 9.2147361330658)" }, "geometry": { "type": "Point", "coordinates": [ 9.2147361330658, 45.484392794659335 ] } },
{ "type": "Feature", "properties": { "objectID": "4164", "CAP": "20131", "MUNICIPIO": "2", "ID_NIL": "20", "NIL": "LORETO - CASORETTO - NOLO", "LONG_X_4326": 9.2180380530350021, "LAT_Y_4326": 45.486312156332176, "Location": "(45.486312156332176, 9.218038053035002)" }, "geometry": { "type": "Point", "coordinates": [ 9.218038053035002, 45.486312156332176 ] } },
{ "type": "Feature", "properties": { "objectID": "319", "CAP": "20125", "MUNICIPIO": "2", "ID_NIL": "13", "NIL": "GRECO - SEGNANO", "LONG_X_4326": 9.2119706607902856, "LAT_Y_4326": 45.50211942139358, "Location": "(45.50211942139358, 9.211970660790286)" }, "geometry": { "type": "Point", "coordinates": [ 9.211970660790286, 45.50211942139358 ] } },
{ "type": "Feature", "properties": { "objectID": "28718", "CAP": "20126", "MUNICIPIO": "9", "ID_NIL": "15", "NIL": "BICOCCA", "LONG_X_4326": 9.2132718848483002, "LAT_Y_4326": 45.523130070870629, "Location": "(45.52313007087063, 9.2132718848483)" }, "geometry": { "type": "Point", "coordinates": [ 9.2132718848483, 45.523130070870629 ] } },
{ "type": "Feature", "properties": { "objectID": "4246", "CAP": "20133", "MUNICIPIO": "4", "ID_NIL": "25", "NIL": "CORSICA", "LONG_X_4326": 9.2241913652062983, "LAT_Y_4326": 45.464070409689214, "Location": "(45.464070409689214, 9.224191365206298)" }, "geometry": { "type": "Point", "coordinates": [ 9.224191365206298, 45.464070409689214 ] } },
{ "type": "Feature", "properties": { "objectID": "5825", "CAP": "20133", "MUNICIPIO": "3", "ID_NIL": "21", "NIL": "BUENOS AIRES - PORTA VENEZIA - PORTA MONFORTE", "LONG_X_4326": 9.2232997240014694, "LAT_Y_4326": 45.473695553431696, "Location": "(45.473695553431696, 9.22329972400147)" }, "geometry": { "type": "Point", "coordinates": [ 9.223299724001469, 45.473695553431696 ] } },
{ "type": "Feature", "properties": { "objectID": "3409", "CAP": "20133", "MUNICIPIO": "3", "ID_NIL": "21", "NIL": "BUENOS AIRES - PORTA VENEZIA - PORTA MONFORTE", "LONG_X_4326": 9.2195414722748907, "LAT_Y_4326": 45.476865537609086, "Location": "(45.476865537609086, 9.21954147227489)" }, "geometry": { "type": "Point", "coordinates": [ 9.219541472274891, 45.476865537609086 ] } },
{ "type": "Feature", "properties": { "objectID": "354", "CAP": "20131", "MUNICIPIO": "3", "ID_NIL": "21", "NIL": "BUENOS AIRES - PORTA VENEZIA - PORTA MONFORTE", "LONG_X_4326": 9.2204962872310183, "LAT_Y_4326": 45.484104982204634, "Location": "(45.484104982204634, 9.220496287231018)" }, "geometry": { "type": "Point", "coordinates": [ 9.220496287231018, 45.484104982204634 ] } },
{ "type": "Feature", "properties": { "objectID": "14287", "CAP": "20127", "MUNICIPIO": "2", "ID_NIL": "20", "NIL": "LORETO - CASORETTO - NOLO", "LONG_X_4326": 9.2222796454069247, "LAT_Y_4326": 45.494714458875123, "Location": "(45.49471445887512, 9.222279645406925)" }, "geometry": { "type": "Point", "coordinates": [ 9.222279645406925, 45.494714458875123 ] } },
{ "type": "Feature", "properties": { "objectID": "4173", "CAP": "20126", "MUNICIPIO": "2", "ID_NIL": "16", "NIL": "GORLA - PRECOTTO", "LONG_X_4326": 9.2223980275699269, "LAT_Y_4326": 45.508874911894644, "Location": "(45.508874911894644, 9.222398027569927)" }, "geometry": { "type": "Point", "coordinates": [ 9.222398027569927, 45.508874911894644 ] } },
{ "type": "Feature", "properties": { "objectID": "3384", "CAP": "20137", "MUNICIPIO": "4", "ID_NIL": "29", "NIL": "ORTOMERCATO", "LONG_X_4326": 9.2267739373959579, "LAT_Y_4326": 45.450035570653725, "Location": "(45.450035570653725, 9.226773937395958)" }, "geometry": { "type": "Point", "coordinates": [ 9.226773937395958, 45.450035570653725 ] } },
{ "type": "Feature", "properties": { "objectID": "5383", "CAP": "20137", "MUNICIPIO": "4", "ID_NIL": "29", "NIL": "ORTOMERCATO", "LONG_X_4326": 9.2275082958780033, "LAT_Y_4326": 45.453179294710445, "Location": "(45.453179294710445, 9.227508295878003)" }, "geometry": { "type": "Point", "coordinates": [ 9.227508295878003, 45.453179294710445 ] } },
{ "type": "Feature", "properties": { "objectID": "485", "CAP": "20131", "MUNICIPIO": "3", "ID_NIL": "22", "NIL": "CITTA' STUDI", "LONG_X_4326": 9.2263630587727086, "LAT_Y_4326": 45.484491564165822, "Location": "(45.48449156416582, 9.226363058772709)" }, "geometry": { "type": "Point", "coordinates": [ 9.226363058772709, 45.484491564165822 ] } },
{ "type": "Feature", "properties": { "objectID": "4170", "CAP": "20132", "MUNICIPIO": "3", "ID_NIL": "18", "NIL": "CIMIANO - ROTTOLE - Q.RE FELTRE", "LONG_X_4326": 9.2336382811807827, "LAT_Y_4326": 45.493566358789231, "Location": "(45.49356635878923, 9.233638281180783)" }, "geometry": { "type": "Point", "coordinates": [ 9.233638281180783, 45.493566358789231 ] } },
{ "type": "Feature", "properties": { "objectID": "14289", "CAP": "20127", "MUNICIPIO": "2", "ID_NIL": "19", "NIL": "PADOVA - TURRO - CRESCENZAGO", "LONG_X_4326": 9.2340487364019115, "LAT_Y_4326": 45.503564305649348, "Location": "(45.50356430564935, 9.234048736401911)" }, "geometry": { "type": "Point", "coordinates": [ 9.234048736401911, 45.503564305649348 ] } },
{ "type": "Feature", "properties": { "objectID": "4207", "CAP": "20138", "MUNICIPIO": "4", "ID_NIL": "33", "NIL": "ROGOREDO - SANTA GIULIA", "LONG_X_4326": 9.2438385528392182, "LAT_Y_4326": 45.436245762140558, "Location": "(45.43624576214056, 9.243838552839218)" }, "geometry": { "type": "Point", "coordinates": [ 9.243838552839218, 45.436245762140558 ] } },
{ "type": "Feature", "properties": { "objectID": "39680", "CAP": "20138", "MUNICIPIO": "4", "ID_NIL": "33", "NIL": "ROGOREDO - SANTA GIULIA", "LONG_X_4326": 9.2411510896680724, "LAT_Y_4326": 45.442351917110351, "Location": "(45.44235191711035, 9.241151089668072)" }, "geometry": { "type": "Point", "coordinates": [ 9.241151089668072, 45.442351917110351 ] } },
{ "type": "Feature", "properties": { "objectID": "488", "CAP": "20134", "MUNICIPIO": "3", "ID_NIL": "23", "NIL": "LAMBRATE - ORTICA", "LONG_X_4326": 9.2424899294235754, "LAT_Y_4326": 45.482209391923909, "Location": "(45.48220939192391, 9.242489929423575)" }, "geometry": { "type": "Point", "coordinates": [ 9.242489929423575, 45.482209391923909 ] } },
{ "type": "Feature", "properties": { "objectID": "3421", "CAP": "20134", "MUNICIPIO": "3", "ID_NIL": "23", "NIL": "LAMBRATE - ORTICA", "LONG_X_4326": 9.24403115888183, "LAT_Y_4326": 45.485329643727795, "Location": "(45.485329643727795, 9.24403115888183)" }, "geometry": { "type": "Point", "coordinates": [ 9.24403115888183, 45.485329643727795 ] } },
{ "type": "Feature", "properties": { "objectID": "29118", "CAP": "20128", "MUNICIPIO": "2", "ID_NIL": "17", "NIL": "ADRIANO", "LONG_X_4326": 9.2407047254283334, "LAT_Y_4326": 45.517252992789764, "Location": "(45.517252992789764, 9.240704725428333)" }, "geometry": { "type": "Point", "coordinates": [ 9.240704725428333, 45.517252992789764 ] } },
{ "type": "Feature", "properties": { "objectID": "4199", "CAP": "20138", "MUNICIPIO": "4", "ID_NIL": "33", "NIL": "ROGOREDO - SANTA GIULIA", "LONG_X_4326": 9.2468536207645258, "LAT_Y_4326": 45.431680690259604, "Location": "(45.431680690259604, 9.246853620764526)" }, "geometry": { "type": "Point", "coordinates": [ 9.246853620764526, 45.431680690259604 ] } },
{ "type": "Feature", "properties": { "objectID": "38719", "CAP": "20138", "MUNICIPIO": "4", "ID_NIL": "30", "NIL": "TALIEDO - MORSENCHIO - Q.RE FORLANINI", "LONG_X_4326": 9.2454810411378272, "LAT_Y_4326": 45.444523106219869, "Location": "(45.44452310621987, 9.245481041137827)" }, "geometry": { "type": "Point", "coordinates": [ 9.245481041137827, 45.444523106219869 ] } },
{ "type": "Feature", "properties": { "objectID": "505", "CAP": "20134", "MUNICIPIO": "3", "ID_NIL": "18", "NIL": "CIMIANO - ROTTOLE - Q.RE FELTRE", "LONG_X_4326": 9.2474041911296148, "LAT_Y_4326": 45.488588553703273, "Location": "(45.48858855370327, 9.247404191129615)" }, "geometry": { "type": "Point", "coordinates": [ 9.247404191129615, 45.488588553703273 ] } },
{ "type": "Feature", "properties": { "objectID": "17504", "CAP": "20134", "MUNICIPIO": "3", "ID_NIL": "18", "NIL": "CIMIANO - ROTTOLE - Q.RE FELTRE", "LONG_X_4326": 9.2495297280570448, "LAT_Y_4326": 45.498280959376117, "Location": "(45.49828095937612, 9.249529728057045)" }, "geometry": { "type": "Point", "coordinates": [ 9.249529728057045, 45.498280959376117 ] } },
{ "type": "Feature", "properties": { "objectID": "542", "CAP": "20128", "MUNICIPIO": "2", "ID_NIL": "17", "NIL": "ADRIANO", "LONG_X_4326": 9.2483979807134951, "LAT_Y_4326": 45.519070277684733, "Location": "(45.51907027768473, 9.248397980713495)" }, "geometry": { "type": "Point", "coordinates": [ 9.248397980713495, 45.519070277684733 ] } },
{ "type": "Feature", "properties": { "objectID": "21912", "CAP": "20152", "MUNICIPIO": "7", "ID_NIL": "55", "NIL": "BAGGIO - Q.RE DEGLI OLMI - Q.RE VALSESIA", "LONG_X_4326": 9.08293314612086, "LAT_Y_4326": 45.452614060732202, "Location": "(45.4526140607322, 9.08293314612086)" }, "geometry": { "type": "Point", "coordinates": [ 9.08293314612086, 45.452614060732202 ] } },
{ "type": "Feature", "properties": { "objectID": "2563", "CAP": "20152", "MUNICIPIO": "7", "ID_NIL": "55", "NIL": "BAGGIO - Q.RE DEGLI OLMI - Q.RE VALSESIA", "LONG_X_4326": 9.0954898149971601, "LAT_Y_4326": 45.456815583028444, "Location": "(45.456815583028444, 9.09548981499716)" }, "geometry": { "type": "Point", "coordinates": [ 9.09548981499716, 45.456815583028444 ] } },
{ "type": "Feature", "properties": { "objectID": "2150", "CAP": "20152", "MUNICIPIO": "7", "ID_NIL": "88", "NIL": "PARCO BOSCO IN CITTA'", "LONG_X_4326": 9.0989848886160374, "LAT_Y_4326": 45.461466713843947, "Location": "(45.46146671384395, 9.098984888616037)" }, "geometry": { "type": "Point", "coordinates": [ 9.098984888616037, 45.461466713843947 ] } },
{ "type": "Feature", "properties": { "objectID": "11085", "CAP": "20151", "MUNICIPIO": "8", "ID_NIL": "64", "NIL": "TRENNO", "LONG_X_4326": 9.098562090579966, "LAT_Y_4326": 45.492385142640373, "Location": "(45.49238514264037, 9.098562090579966)" }, "geometry": { "type": "Point", "coordinates": [ 9.098562090579966, 45.492385142640373 ] } },
{ "type": "Feature", "properties": { "objectID": "7084", "CAP": "20152", "MUNICIPIO": "6", "ID_NIL": "53", "NIL": "LORENTEGGIO", "LONG_X_4326": 9.1067427453902035, "LAT_Y_4326": 45.452139797321081, "Location": "(45.45213979732108, 9.106742745390203)" }, "geometry": { "type": "Point", "coordinates": [ 9.106742745390203, 45.452139797321081 ] } },
{ "type": "Feature", "properties": { "objectID": "8286", "CAP": "20156", "MUNICIPIO": "8", "ID_NIL": "72", "NIL": "MAGGIORE - MUSOCCO - CERTOSA", "LONG_X_4326": 9.103916017153459, "LAT_Y_4326": 45.509529057508402, "Location": "(45.5095290575084, 9.103916017153459)" }, "geometry": { "type": "Point", "coordinates": [ 9.103916017153459, 45.509529057508402 ] } },
{ "type": "Feature", "properties": { "objectID": "65", "CAP": "20152", "MUNICIPIO": "7", "ID_NIL": "56", "NIL": "FORZE ARMATE", "LONG_X_4326": 9.1134215134146217, "LAT_Y_4326": 45.455835426773611, "Location": "(45.45583542677361, 9.113421513414622)" }, "geometry": { "type": "Point", "coordinates": [ 9.113421513414622, 45.455835426773611 ] } },
{ "type": "Feature", "properties": { "objectID": "5828", "CAP": "20151", "MUNICIPIO": "7", "ID_NIL": "88", "NIL": "PARCO BOSCO IN CITTA'", "LONG_X_4326": 9.1071581751487951, "LAT_Y_4326": 45.487798853311027, "Location": "(45.48779885331103, 9.107158175148795)" }, "geometry": { "type": "Point", "coordinates": [ 9.107158175148795, 45.487798853311027 ] } },
{ "type": "Feature", "properties": { "objectID": "407", "CAP": "20152", "MUNICIPIO": "6", "ID_NIL": "49", "NIL": "GIAMBELLINO", "LONG_X_4326": 9.1167565073209946, "LAT_Y_4326": 45.443593092440608, "Location": "(45.44359309244061, 9.116756507320995)" }, "geometry": { "type": "Point", "coordinates": [ 9.116756507320995, 45.443593092440608 ] } },
{ "type": "Feature", "properties": { "objectID": "3411", "CAP": "20151", "MUNICIPIO": "8", "ID_NIL": "65", "NIL": "Q.RE GALLARATESE - Q.RE SAN LEONARDO - LAMPUGNANO", "LONG_X_4326": 9.117400505514393, "LAT_Y_4326": 45.493194244940767, "Location": "(45.49319424494077, 9.117400505514393)" }, "geometry": { "type": "Point", "coordinates": [ 9.117400505514393, 45.493194244940767 ] } },
{ "type": "Feature", "properties": { "objectID": "3410", "CAP": "20151", "MUNICIPIO": "8", "ID_NIL": "65", "NIL": "Q.RE GALLARATESE - Q.RE SAN LEONARDO - LAMPUGNANO", "LONG_X_4326": 9.118794469356498, "LAT_Y_4326": 45.494076696666703, "Location": "(45.4940766966667, 9.118794469356498)" }, "geometry": { "type": "Point", "coordinates": [ 9.118794469356498, 45.494076696666703 ] } },
{ "type": "Feature", "properties": { "objectID": "132", "CAP": "20157", "MUNICIPIO": "8", "ID_NIL": "74", "NIL": "ROSERIO", "LONG_X_4326": 9.1196068355521245, "LAT_Y_4326": 45.517267422999623, "Location": "(45.51726742299962, 9.119606835552124)" }, "geometry": { "type": "Point", "coordinates": [ 9.119606835552124, 45.517267422999623 ] } },
{ "type": "Feature", "properties": { "objectID": "363", "CAP": "20147", "MUNICIPIO": "6", "ID_NIL": "53", "NIL": "LORENTEGGIO", "LONG_X_4326": 9.1253357781422011, "LAT_Y_4326": 45.456819261125602, "Location": "(45.4568192611256, 9.125335778142201)" }, "geometry": { "type": "Point", "coordinates": [ 9.125335778142201, 45.456819261125602 ] } },
{ "type": "Feature", "properties": { "objectID": "3431", "CAP": "20151", "MUNICIPIO": "8", "ID_NIL": "65", "NIL": "Q.RE GALLARATESE - Q.RE SAN LEONARDO - LAMPUGNANO", "LONG_X_4326": 9.1222744625299654, "LAT_Y_4326": 45.493495387988482, "Location": "(45.49349538798848, 9.122274462529965)" }, "geometry": { "type": "Point", "coordinates": [ 9.122274462529965, 45.493495387988482 ] } },
{ "type": "Feature", "properties": { "objectID": "124", "CAP": "20147", "MUNICIPIO": "7", "ID_NIL": "56", "NIL": "FORZE ARMATE", "LONG_X_4326": 9.1267126857817846, "LAT_Y_4326": 45.461021916890509, "Location": "(45.46102191689051, 9.126712685781785)" }, "geometry": { "type": "Point", "coordinates": [ 9.126712685781785, 45.461021916890509 ] } },
{ "type": "Feature", "properties": { "objectID": "122", "CAP": "20147", "MUNICIPIO": "7", "ID_NIL": "52", "NIL": "BANDE NERE", "LONG_X_4326": 9.1278838770341277, "LAT_Y_4326": 45.465042808842696, "Location": "(45.465042808842696, 9.127883877034128)" }, "geometry": { "type": "Point", "coordinates": [ 9.127883877034128, 45.465042808842696 ] } },
{ "type": "Feature", "properties": { "objectID": "295", "CAP": "20148", "MUNICIPIO": "7", "ID_NIL": "60", "NIL": "STADIO - IPPODROMI", "LONG_X_4326": 9.1415652633939839, "LAT_Y_4326": 45.479380407227296, "Location": "(45.479380407227296, 9.141565263393984)" }, "geometry": { "type": "Point", "coordinates": [ 9.141565263393984, 45.479380407227296 ] } },
{ "type": "Feature", "properties": { "objectID": "3403", "CAP": "20157", "MUNICIPIO": "8", "ID_NIL": "76", "NIL": "QUARTO OGGIARO - VIALBA - MUSOCCO", "LONG_X_4326": 9.1407821873621415, "LAT_Y_4326": 45.507382319021332, "Location": "(45.50738231902133, 9.140782187362142)" }, "geometry": { "type": "Point", "coordinates": [ 9.140782187362142, 45.507382319021332 ] } },
{ "type": "Feature", "properties": { "objectID": "5837", "CAP": "20157", "MUNICIPIO": "8", "ID_NIL": "76", "NIL": "QUARTO OGGIARO - VIALBA - MUSOCCO", "LONG_X_4326": 9.1447771595301361, "LAT_Y_4326": 45.507696133407059, "Location": "(45.50769613340706, 9.144777159530136)" }, "geometry": { "type": "Point", "coordinates": [ 9.144777159530136, 45.507696133407059 ] } },
{ "type": "Feature", "properties": { "objectID": "3373", "CAP": "20145", "MUNICIPIO": "7", "ID_NIL": "68", "NIL": "PAGANO", "LONG_X_4326": 9.155524263815332, "LAT_Y_4326": 45.468532915599191, "Location": "(45.46853291559919, 9.155524263815332)" }, "geometry": { "type": "Point", "coordinates": [ 9.155524263815332, 45.468532915599191 ] } },
{ "type": "Feature", "properties": { "objectID": "136", "CAP": "20144", "MUNICIPIO": "7", "ID_NIL": "51", "NIL": "PORTA MAGENTA", "LONG_X_4326": 9.1594609480410547, "LAT_Y_4326": 45.461976612547481, "Location": "(45.46197661254748, 9.159460948041055)" }, "geometry": { "type": "Point", "coordinates": [ 9.159460948041055, 45.461976612547481 ] } },
{ "type": "Feature", "properties": { "objectID": "3382", "CAP": "20145", "MUNICIPIO": "8", "ID_NIL": "68", "NIL": "PAGANO", "LONG_X_4326": 9.1615594615553277, "LAT_Y_4326": 45.470813921629187, "Location": "(45.47081392162919, 9.161559461555328)" }, "geometry": { "type": "Point", "coordinates": [ 9.161559461555328, 45.470813921629187 ] } },
{ "type": "Feature", "properties": { "objectID": "5406", "CAP": "20145", "MUNICIPIO": "8", "ID_NIL": "68", "NIL": "PAGANO", "LONG_X_4326": 9.1620144105162389, "LAT_Y_4326": 45.47106949978609, "Location": "(45.47106949978609, 9.162014410516239)" }, "geometry": { "type": "Point", "coordinates": [ 9.162014410516239, 45.47106949978609 ] } },
{ "type": "Feature", "properties": { "objectID": "2173", "CAP": "20145", "MUNICIPIO": "8", "ID_NIL": "68", "NIL": "PAGANO", "LONG_X_4326": 9.1602025418912394, "LAT_Y_4326": 45.474638460192629, "Location": "(45.47463846019263, 9.16020254189124)" }, "geometry": { "type": "Point", "coordinates": [ 9.160202541891239, 45.474638460192629 ] } },
{ "type": "Feature", "properties": { "objectID": "146", "CAP": "20158", "MUNICIPIO": "9", "ID_NIL": "77", "NIL": "BOVISA", "LONG_X_4326": 9.1654890271739635, "LAT_Y_4326": 45.498984020069258, "Location": "(45.49898402006926, 9.165489027173964)" }, "geometry": { "type": "Point", "coordinates": [ 9.165489027173964, 45.498984020069258 ] } },
{ "type": "Feature", "properties": { "objectID": "5841", "CAP": "20157", "MUNICIPIO": "9", "ID_NIL": "77", "NIL": "BOVISA", "LONG_X_4326": 9.1597262763722291, "LAT_Y_4326": 45.508674409517702, "Location": "(45.5086744095177, 9.15972627637223)" }, "geometry": { "type": "Point", "coordinates": [ 9.159726276372229, 45.508674409517702 ] } },
{ "type": "Feature", "properties": { "objectID": "5842", "CAP": "20157", "MUNICIPIO": "9", "ID_NIL": "77", "NIL": "BOVISA", "LONG_X_4326": 9.1600207470793737, "LAT_Y_4326": 45.508542991104143, "Location": "(45.50854299110414, 9.160020747079374)" }, "geometry": { "type": "Point", "coordinates": [ 9.160020747079374, 45.508542991104143 ] } },
{ "type": "Feature", "properties": { "objectID": "12", "CAP": "20142", "MUNICIPIO": "6", "ID_NIL": "45", "NIL": "MONCUCCO - SAN CRISTOFORO", "LONG_X_4326": 9.1695397152396385, "LAT_Y_4326": 45.438511280669729, "Location": "(45.43851128066973, 9.169539715239639)" }, "geometry": { "type": "Point", "coordinates": [ 9.169539715239639, 45.438511280669729 ] } },
{ "type": "Feature", "properties": { "objectID": "144", "CAP": "20158", "MUNICIPIO": "9", "ID_NIL": "77", "NIL": "BOVISA", "LONG_X_4326": 9.1691974510622991, "LAT_Y_4326": 45.504002174852545, "Location": "(45.504002174852545, 9.169197451062299)" }, "geometry": { "type": "Point", "coordinates": [ 9.169197451062299, 45.504002174852545 ] } },
{ "type": "Feature", "properties": { "objectID": "3396", "CAP": "20158", "MUNICIPIO": "9", "ID_NIL": "79", "NIL": "DERGANO", "LONG_X_4326": 9.1719530837373409, "LAT_Y_4326": 45.504635638043922, "Location": "(45.50463563804392, 9.17195308373734)" }, "geometry": { "type": "Point", "coordinates": [ 9.171953083737341, 45.504635638043922 ] } },
{ "type": "Feature", "properties": { "objectID": "281", "CAP": "20141", "MUNICIPIO": "5", "ID_NIL": "42", "NIL": "STADERA - CHIESA ROSSA - Q.RE TORRETTA - CONCA FALLATA", "LONG_X_4326": 9.1746390559806823, "LAT_Y_4326": 45.43648197579828, "Location": "(45.43648197579828, 9.174639055980682)" }, "geometry": { "type": "Point", "coordinates": [ 9.174639055980682, 45.43648197579828 ] } },
{ "type": "Feature", "properties": { "objectID": "402", "CAP": "20144", "MUNICIPIO": "6", "ID_NIL": "44", "NIL": "PORTA TICINESE - CONCHETTA", "LONG_X_4326": 9.1735884981760396, "LAT_Y_4326": 45.455326047709157, "Location": "(45.45532604770916, 9.17358849817604)" }, "geometry": { "type": "Point", "coordinates": [ 9.17358849817604, 45.455326047709157 ] } },
{ "type": "Feature", "properties": { "objectID": "20710", "CAP": "20123", "MUNICIPIO": "1", "ID_NIL": "1", "NIL": "DUOMO", "LONG_X_4326": 9.1780898665601232, "LAT_Y_4326": 45.464730326859318, "Location": "(45.46473032685932, 9.178089866560123)" }, "geometry": { "type": "Point", "coordinates": [ 9.178089866560123, 45.464730326859318 ] } },
{ "type": "Feature", "properties": { "objectID": "475", "CAP": "20121", "MUNICIPIO": "1", "ID_NIL": "8", "NIL": "PARCO SEMPIONE", "LONG_X_4326": 9.1755652742210465, "LAT_Y_4326": 45.473926303308836, "Location": "(45.473926303308836, 9.175565274221047)" }, "geometry": { "type": "Point", "coordinates": [ 9.175565274221047, 45.473926303308836 ] } },
{ "type": "Feature", "properties": { "objectID": "474", "CAP": "20121", "MUNICIPIO": "1", "ID_NIL": "8", "NIL": "PARCO SEMPIONE", "LONG_X_4326": 9.1771221786783705, "LAT_Y_4326": 45.473560373303265, "Location": "(45.473560373303265, 9.17712217867837)" }, "geometry": { "type": "Point", "coordinates": [ 9.177122178678371, 45.473560373303265 ] } },
{ "type": "Feature", "properties": { "objectID": "3387", "CAP": "20154", "MUNICIPIO": "1", "ID_NIL": "8", "NIL": "PARCO SEMPIONE", "LONG_X_4326": 9.1757212570100997, "LAT_Y_4326": 45.476122544961676, "Location": "(45.476122544961676, 9.1757212570101)" }, "geometry": { "type": "Point", "coordinates": [ 9.1757212570101, 45.476122544961676 ] } },
{ "type": "Feature", "properties": { "objectID": "7086", "CAP": "20154", "MUNICIPIO": "1", "ID_NIL": "69", "NIL": "SARPI", "LONG_X_4326": 9.1767864237909809, "LAT_Y_4326": 45.47831652661128, "Location": "(45.47831652661128, 9.17678642379098)" }, "geometry": { "type": "Point", "coordinates": [ 9.176786423790981, 45.47831652661128 ] } },
{ "type": "Feature", "properties": { "objectID": "2146", "CAP": "20161", "MUNICIPIO": "9", "ID_NIL": "80", "NIL": "AFFORI", "LONG_X_4326": 9.1740908024554191, "LAT_Y_4326": 45.507581294733043, "Location": "(45.50758129473304, 9.174090802455419)" }, "geometry": { "type": "Point", "coordinates": [ 9.174090802455419, 45.507581294733043 ] } },
{ "type": "Feature", "properties": { "objectID": "3435", "CAP": "20142", "MUNICIPIO": "5", "ID_NIL": "41", "NIL": "GRATOSOGLIO - Q.RE MISSAGLIA - Q.RE TERRAZZE", "LONG_X_4326": 9.1801935751746608, "LAT_Y_4326": 45.415354272725097, "Location": "(45.4153542727251, 9.18019357517466)" }, "geometry": { "type": "Point", "coordinates": [ 9.180193575174661, 45.415354272725097 ] } },
{ "type": "Feature", "properties": { "objectID": "104", "CAP": "20122", "MUNICIPIO": "1", "ID_NIL": "6", "NIL": "PORTA TICINESE - CONCA DEL NAVIGLIO", "LONG_X_4326": 9.1809637229386905, "LAT_Y_4326": 45.453522739831179, "Location": "(45.45352273983118, 9.18096372293869)" }, "geometry": { "type": "Point", "coordinates": [ 9.18096372293869, 45.453522739831179 ] } },
{ "type": "Feature", "properties": { "objectID": "473", "CAP": "20121", "MUNICIPIO": "1", "ID_NIL": "1", "NIL": "DUOMO", "LONG_X_4326": 9.1803012044340289, "LAT_Y_4326": 45.470357573146607, "Location": "(45.47035757314661, 9.180301204434029)" }, "geometry": { "type": "Point", "coordinates": [ 9.180301204434029, 45.470357573146607 ] } },
{ "type": "Feature", "properties": { "objectID": "13888", "CAP": "20121", "MUNICIPIO": "1", "ID_NIL": "8", "NIL": "PARCO SEMPIONE", "LONG_X_4326": 9.1801257583831326, "LAT_Y_4326": 45.473559156251753, "Location": "(45.47355915625175, 9.180125758383133)" }, "geometry": { "type": "Point", "coordinates": [ 9.180125758383133, 45.473559156251753 ] } },
{ "type": "Feature", "properties": { "objectID": "452", "CAP": "20159", "MUNICIPIO": "9", "ID_NIL": "78", "NIL": "FARINI", "LONG_X_4326": 9.1811815701154469, "LAT_Y_4326": 45.490827466660853, "Location": "(45.49082746666085, 9.181181570115447)" }, "geometry": { "type": "Point", "coordinates": [ 9.181181570115447, 45.490827466660853 ] } },
{ "type": "Feature", "properties": { "objectID": "3369", "CAP": "20159", "MUNICIPIO": "9", "ID_NIL": "78", "NIL": "FARINI", "LONG_X_4326": 9.1795339253529882, "LAT_Y_4326": 45.496686143656063, "Location": "(45.49668614365606, 9.179533925352988)" }, "geometry": { "type": "Point", "coordinates": [ 9.179533925352988, 45.496686143656063 ] } },
{ "type": "Feature", "properties": { "objectID": "10287", "CAP": "20158", "MUNICIPIO": "9", "ID_NIL": "79", "NIL": "DERGANO", "LONG_X_4326": 9.1823454172309571, "LAT_Y_4326": 45.498960654031983, "Location": "(45.49896065403198, 9.182345417230957)" }, "geometry": { "type": "Point", "coordinates": [ 9.182345417230957, 45.498960654031983 ] } },
{ "type": "Feature", "properties": { "objectID": "150", "CAP": "20121", "MUNICIPIO": "1", "ID_NIL": "2", "NIL": "BRERA", "LONG_X_4326": 9.1897805853305563, "LAT_Y_4326": 45.475255806103583, "Location": "(45.47525580610358, 9.189780585330556)" }, "geometry": { "type": "Point", "coordinates": [ 9.189780585330556, 45.475255806103583 ] } },
{ "type": "Feature", "properties": { "objectID": "4202", "CAP": "20154", "MUNICIPIO": "9", "ID_NIL": "2", "NIL": "BRERA", "LONG_X_4326": 9.1864154424900253, "LAT_Y_4326": 45.480917259028487, "Location": "(45.48091725902849, 9.186415442490025)" }, "geometry": { "type": "Point", "coordinates": [ 9.186415442490025, 45.480917259028487 ] } },
{ "type": "Feature", "properties": { "objectID": "3399", "CAP": "20154", "MUNICIPIO": "9", "ID_NIL": "9", "NIL": "PORTA GARIBALDI - PORTA NUOVA", "LONG_X_4326": 9.1880645913482173, "LAT_Y_4326": 45.485398928979357, "Location": "(45.48539892897936, 9.188064591348217)" }, "geometry": { "type": "Point", "coordinates": [ 9.188064591348217, 45.485398928979357 ] } },
{ "type": "Feature", "properties": { "objectID": "352", "CAP": "20159", "MUNICIPIO": "9", "ID_NIL": "12", "NIL": "MACIACHINI - MAGGIOLINA", "LONG_X_4326": 9.1895235982707373, "LAT_Y_4326": 45.500887525272447, "Location": "(45.50088752527245, 9.189523598270737)" }, "geometry": { "type": "Point", "coordinates": [ 9.189523598270737, 45.500887525272447 ] } },
{ "type": "Feature", "properties": { "objectID": "1745", "CAP": "20162", "MUNICIPIO": "9", "ID_NIL": "14", "NIL": "NIGUARDA - CA' GRANDA - PRATO CENTENARO - Q.RE FULVIO TESTI", "LONG_X_4326": 9.1915073283912445, "LAT_Y_4326": 45.514403850174304, "Location": "(45.514403850174304, 9.191507328391245)" }, "geometry": { "type": "Point", "coordinates": [ 9.191507328391245, 45.514403850174304 ] } },
{ "type": "Feature", "properties": { "objectID": "38", "CAP": "20141", "MUNICIPIO": "5", "ID_NIL": "38", "NIL": "VIGENTINO - Q.RE FATIMA", "LONG_X_4326": 9.1973930918316373, "LAT_Y_4326": 45.434814345073931, "Location": "(45.43481434507393, 9.197393091831637)" }, "geometry": { "type": "Point", "coordinates": [ 9.197393091831637, 45.434814345073931 ] } },
{ "type": "Feature", "properties": { "objectID": "390", "CAP": "20122", "MUNICIPIO": "1", "ID_NIL": "5", "NIL": "PORTA VIGENTINA - PORTA LODOVICA", "LONG_X_4326": 9.1942326476477412, "LAT_Y_4326": 45.453775406968809, "Location": "(45.45377540696881, 9.194232647647741)" }, "geometry": { "type": "Point", "coordinates": [ 9.194232647647741, 45.453775406968809 ] } },
{ "type": "Feature", "properties": { "objectID": "382", "CAP": "20123", "MUNICIPIO": "1", "ID_NIL": "1", "NIL": "DUOMO", "LONG_X_4326": 9.1924037231035367, "LAT_Y_4326": 45.464582826769345, "Location": "(45.464582826769345, 9.192403723103537)" }, "geometry": { "type": "Point", "coordinates": [ 9.192403723103537, 45.464582826769345 ] } },
{ "type": "Feature", "properties": { "objectID": "8685", "CAP": "20124", "MUNICIPIO": "9", "ID_NIL": "9", "NIL": "PORTA GARIBALDI - PORTA NUOVA", "LONG_X_4326": 9.1941588100033016, "LAT_Y_4326": 45.482762344119095, "Location": "(45.482762344119095, 9.194158810003302)" }, "geometry": { "type": "Point", "coordinates": [ 9.194158810003302, 45.482762344119095 ] } },
{ "type": "Feature", "properties": { "objectID": "4572", "CAP": "20141", "MUNICIPIO": "5", "ID_NIL": "38", "NIL": "VIGENTINO - Q.RE FATIMA", "LONG_X_4326": 9.2017482762425988, "LAT_Y_4326": 45.424915160930361, "Location": "(45.42491516093036, 9.201748276242599)" }, "geometry": { "type": "Point", "coordinates": [ 9.201748276242599, 45.424915160930361 ] } },
{ "type": "Feature", "properties": { "objectID": "3368", "CAP": "20141", "MUNICIPIO": "5", "ID_NIL": "38", "NIL": "VIGENTINO - Q.RE FATIMA", "LONG_X_4326": 9.2014234577486071, "LAT_Y_4326": 45.431565406652787, "Location": "(45.43156540665279, 9.201423457748607)" }, "geometry": { "type": "Point", "coordinates": [ 9.201423457748607, 45.431565406652787 ] } },
{ "type": "Feature", "properties": { "objectID": "13485", "CAP": "20139", "MUNICIPIO": "5", "ID_NIL": "38", "NIL": "VIGENTINO - Q.RE FATIMA", "LONG_X_4326": 9.2056899025436714, "LAT_Y_4326": 45.434662953540673, "Location": "(45.43466295354067, 9.205689902543671)" }, "geometry": { "type": "Point", "coordinates": [ 9.205689902543671, 45.434662953540673 ] } },
{ "type": "Feature", "properties": { "objectID": "119", "CAP": "20139", "MUNICIPIO": "5", "ID_NIL": "36", "NIL": "SCALO ROMANA", "LONG_X_4326": 9.2112507827774888, "LAT_Y_4326": 45.440763339553556, "Location": "(45.440763339553556, 9.211250782777489)" }, "geometry": { "type": "Point", "coordinates": [ 9.211250782777489, 45.440763339553556 ] } },
{ "type": "Feature", "properties": { "objectID": "176", "CAP": "20135", "MUNICIPIO": "4", "ID_NIL": "26", "NIL": "XXII MARZO", "LONG_X_4326": 9.2157533769956874, "LAT_Y_4326": 45.460761471685259, "Location": "(45.46076147168526, 9.215753376995687)" }, "geometry": { "type": "Point", "coordinates": [ 9.215753376995687, 45.460761471685259 ] } },
{ "type": "Feature", "properties": { "objectID": "533", "CAP": "20129", "MUNICIPIO": "3", "ID_NIL": "21", "NIL": "BUENOS AIRES - PORTA VENEZIA - PORTA MONFORTE", "LONG_X_4326": 9.2128667359792029, "LAT_Y_4326": 45.478757470434516, "Location": "(45.478757470434516, 9.212866735979203)" }, "geometry": { "type": "Point", "coordinates": [ 9.212866735979203, 45.478757470434516 ] } },
{ "type": "Feature", "properties": { "objectID": "7090", "CAP": "20126", "MUNICIPIO": "9", "ID_NIL": "15", "NIL": "BICOCCA", "LONG_X_4326": 9.2147683526841497, "LAT_Y_4326": 45.516349988143688, "Location": "(45.51634998814369, 9.21476835268415)" }, "geometry": { "type": "Point", "coordinates": [ 9.21476835268415, 45.516349988143688 ] } },
{ "type": "Feature", "properties": { "objectID": "4182", "CAP": "20139", "MUNICIPIO": "4", "ID_NIL": "35", "NIL": "LODI - CORVETTO", "LONG_X_4326": 9.2193929149348257, "LAT_Y_4326": 45.445824889755023, "Location": "(45.44582488975502, 9.219392914934826)" }, "geometry": { "type": "Point", "coordinates": [ 9.219392914934826, 45.445824889755023 ] } },
{ "type": "Feature", "properties": { "objectID": "4573", "CAP": "20139", "MUNICIPIO": "4", "ID_NIL": "35", "NIL": "LODI - CORVETTO", "LONG_X_4326": 9.2220039292010814, "LAT_Y_4326": 45.444978529977838, "Location": "(45.44497852997784, 9.222003929201081)" }, "geometry": { "type": "Point", "coordinates": [ 9.222003929201081, 45.444978529977838 ] } },
{ "type": "Feature", "properties": { "objectID": "410", "CAP": "20137", "MUNICIPIO": "4", "ID_NIL": "28", "NIL": "UMBRIA - MOLISE - CALVAIRATE", "LONG_X_4326": 9.2201520113144877, "LAT_Y_4326": 45.452704195409233, "Location": "(45.45270419540923, 9.220152011314488)" }, "geometry": { "type": "Point", "coordinates": [ 9.220152011314488, 45.452704195409233 ] } },
{ "type": "Feature", "properties": { "objectID": "14286", "CAP": "20127", "MUNICIPIO": "2", "ID_NIL": "20", "NIL": "LORETO - CASORETTO - NOLO", "LONG_X_4326": 9.2234278909101999, "LAT_Y_4326": 45.492641361883486, "Location": "(45.492641361883486, 9.2234278909102)" }, "geometry": { "type": "Point", "coordinates": [ 9.2234278909102, 45.492641361883486 ] } },
{ "type": "Feature", "properties": { "objectID": "41606", "CAP": "20133", "MUNICIPIO": "4", "ID_NIL": "25", "NIL": "CORSICA", "LONG_X_4326": 9.2317867443841948, "LAT_Y_4326": 45.46801236161253, "Location": "(45.46801236161253, 9.231786744384195)" }, "geometry": { "type": "Point", "coordinates": [ 9.231786744384195, 45.46801236161253 ] } },
{ "type": "Feature", "properties": { "objectID": "13887", "CAP": "20133", "MUNICIPIO": "3", "ID_NIL": "22", "NIL": "CITTA' STUDI", "LONG_X_4326": 9.2326573533773928, "LAT_Y_4326": 45.469892809117731, "Location": "(45.46989280911773, 9.232657353377393)" }, "geometry": { "type": "Point", "coordinates": [ 9.232657353377393, 45.469892809117731 ] } },
{ "type": "Feature", "properties": { "objectID": "4221", "CAP": "20133", "MUNICIPIO": "3", "ID_NIL": "22", "NIL": "CITTA' STUDI", "LONG_X_4326": 9.2376606302993647, "LAT_Y_4326": 45.472264465394218, "Location": "(45.47226446539422, 9.237660630299365)" }, "geometry": { "type": "Point", "coordinates": [ 9.237660630299365, 45.472264465394218 ] } },
{ "type": "Feature", "properties": { "objectID": "5392", "CAP": "20138", "MUNICIPIO": "4", "ID_NIL": "33", "NIL": "ROGOREDO - SANTA GIULIA", "LONG_X_4326": 9.2426823087755388, "LAT_Y_4326": 45.438507942401415, "Location": "(45.438507942401415, 9.242682308775539)" }, "geometry": { "type": "Point", "coordinates": [ 9.242682308775539, 45.438507942401415 ] } },
{ "type": "Feature", "properties": { "objectID": "170", "CAP": "20138", "MUNICIPIO": "4", "ID_NIL": "30", "NIL": "TALIEDO - MORSENCHIO - Q.RE FORLANINI", "LONG_X_4326": 9.2399082249290601, "LAT_Y_4326": 45.455268805483975, "Location": "(45.455268805483975, 9.23990822492906)" }, "geometry": { "type": "Point", "coordinates": [ 9.23990822492906, 45.455268805483975 ] } },
{ "type": "Feature", "properties": { "objectID": "504", "CAP": "20134", "MUNICIPIO": "3", "ID_NIL": "18", "NIL": "CIMIANO - ROTTOLE - Q.RE FELTRE", "LONG_X_4326": 9.2426990094125543, "LAT_Y_4326": 45.489069741675436, "Location": "(45.489069741675436, 9.242699009412554)" }, "geometry": { "type": "Point", "coordinates": [ 9.242699009412554, 45.489069741675436 ] } },
{ "type": "Feature", "properties": { "objectID": "3394", "CAP": "20128", "MUNICIPIO": "2", "ID_NIL": "17", "NIL": "ADRIANO", "LONG_X_4326": 9.2501002726292221, "LAT_Y_4326": 45.512583957024304, "Location": "(45.512583957024304, 9.250100272629222)" }, "geometry": { "type": "Point", "coordinates": [ 9.250100272629222, 45.512583957024304 ] } },
{ "type": "Feature", "properties": { "objectID": "541", "CAP": "20128", "MUNICIPIO": "2", "ID_NIL": "17", "NIL": "ADRIANO", "LONG_X_4326": 9.2486961338818894, "LAT_Y_4326": 45.517792942090935, "Location": "(45.517792942090935, 9.24869613388189)" }, "geometry": { "type": "Point", "coordinates": [ 9.248696133881889, 45.517792942090935 ] } },
{ "type": "Feature", "properties": { "objectID": "543", "CAP": "20128", "MUNICIPIO": "2", "ID_NIL": "17", "NIL": "ADRIANO", "LONG_X_4326": 9.249070174777982, "LAT_Y_4326": 45.518156106433445, "Location": "(45.518156106433445, 9.249070174777982)" }, "geometry": { "type": "Point", "coordinates": [ 9.249070174777982, 45.518156106433445 ] } },
{ "type": "Feature", "properties": { "objectID": "341", "CAP": "20138", "MUNICIPIO": "4", "ID_NIL": "31", "NIL": "MONLUE' - PONTE LAMBRO", "LONG_X_4326": 9.2545424305765742, "LAT_Y_4326": 45.4559921962746, "Location": "(45.4559921962746, 9.254542430576574)" }, "geometry": { "type": "Point", "coordinates": [ 9.254542430576574, 45.4559921962746 ] } },
{ "type": "Feature", "properties": { "objectID": "1", "CAP": "20153", "MUNICIPIO": "7", "ID_NIL": "62", "NIL": "QUINTO ROMANO", "LONG_X_4326": 9.0885709481288792, "LAT_Y_4326": 45.475793277540824, "Location": "(45.475793277540824, 9.08857094812888)" }, "geometry": { "type": "Point", "coordinates": [ 9.088570948128879, 45.475793277540824 ] } },
{ "type": "Feature", "properties": { "objectID": "4247", "CAP": "20151", "MUNICIPIO": "8", "ID_NIL": "65", "NIL": "Q.RE GALLARATESE - Q.RE SAN LEONARDO - LAMPUGNANO", "LONG_X_4326": 9.0994199354500047, "LAT_Y_4326": 45.500708453048027, "Location": "(45.50070845304803, 9.099419935450005)" }, "geometry": { "type": "Point", "coordinates": [ 9.099419935450005, 45.500708453048027 ] } },
{ "type": "Feature", "properties": { "objectID": "5396", "CAP": "20152", "MUNICIPIO": "6", "ID_NIL": "53", "NIL": "LORENTEGGIO", "LONG_X_4326": 9.1055849492248129, "LAT_Y_4326": 45.451608807553669, "Location": "(45.45160880755367, 9.105584949224813)" }, "geometry": { "type": "Point", "coordinates": [ 9.105584949224813, 45.451608807553669 ] } },
{ "type": "Feature", "properties": { "objectID": "58", "CAP": "20151", "MUNICIPIO": "7", "ID_NIL": "88", "NIL": "PARCO BOSCO IN CITTA'", "LONG_X_4326": 9.1058085705662553, "LAT_Y_4326": 45.484281079408326, "Location": "(45.484281079408326, 9.105808570566255)" }, "geometry": { "type": "Point", "coordinates": [ 9.105808570566255, 45.484281079408326 ] } },
{ "type": "Feature", "properties": { "objectID": "60", "CAP": "20151", "MUNICIPIO": "7", "ID_NIL": "88", "NIL": "PARCO BOSCO IN CITTA'", "LONG_X_4326": 9.1046949478122787, "LAT_Y_4326": 45.489709765622486, "Location": "(45.489709765622486, 9.104694947812279)" }, "geometry": { "type": "Point", "coordinates": [ 9.104694947812279, 45.489709765622486 ] } },
{ "type": "Feature", "properties": { "objectID": "61", "CAP": "20151", "MUNICIPIO": "7", "ID_NIL": "88", "NIL": "PARCO BOSCO IN CITTA'", "LONG_X_4326": 9.1058708303892626, "LAT_Y_4326": 45.487093573648487, "Location": "(45.48709357364849, 9.105870830389263)" }, "geometry": { "type": "Point", "coordinates": [ 9.105870830389263, 45.487093573648487 ] } },
{ "type": "Feature", "properties": { "objectID": "304", "CAP": "20151", "MUNICIPIO": "8", "ID_NIL": "64", "NIL": "TRENNO", "LONG_X_4326": 9.101280288656735, "LAT_Y_4326": 45.491867600413087, "Location": "(45.49186760041309, 9.101280288656735)" }, "geometry": { "type": "Point", "coordinates": [ 9.101280288656735, 45.491867600413087 ] } },
{ "type": "Feature", "properties": { "objectID": "8285", "CAP": "20151", "MUNICIPIO": "8", "ID_NIL": "72", "NIL": "MAGGIORE - MUSOCCO - CERTOSA", "LONG_X_4326": 9.1018448114570436, "LAT_Y_4326": 45.508920875495008, "Location": "(45.50892087549501, 9.101844811457044)" }, "geometry": { "type": "Point", "coordinates": [ 9.101844811457044, 45.508920875495008 ] } },
{ "type": "Feature", "properties": { "objectID": "7083", "CAP": "20152", "MUNICIPIO": "6", "ID_NIL": "53", "NIL": "LORENTEGGIO", "LONG_X_4326": 9.1088366349621541, "LAT_Y_4326": 45.452922127863395, "Location": "(45.452922127863395, 9.108836634962154)" }, "geometry": { "type": "Point", "coordinates": [ 9.108836634962154, 45.452922127863395 ] } },
{ "type": "Feature", "properties": { "objectID": "299", "CAP": "20152", "MUNICIPIO": "7", "ID_NIL": "56", "NIL": "FORZE ARMATE", "LONG_X_4326": 9.1076086208781497, "LAT_Y_4326": 45.456280771949253, "Location": "(45.45628077194925, 9.10760862087815)" }, "geometry": { "type": "Point", "coordinates": [ 9.10760862087815, 45.456280771949253 ] } },
{ "type": "Feature", "properties": { "objectID": "52", "CAP": "20153", "MUNICIPIO": "7", "ID_NIL": "56", "NIL": "FORZE ARMATE", "LONG_X_4326": 9.1125879759140567, "LAT_Y_4326": 45.470007762429375, "Location": "(45.470007762429375, 9.112587975914057)" }, "geometry": { "type": "Point", "coordinates": [ 9.112587975914057, 45.470007762429375 ] } },
{ "type": "Feature", "properties": { "objectID": "59", "CAP": "20151", "MUNICIPIO": "7", "ID_NIL": "88", "NIL": "PARCO BOSCO IN CITTA'", "LONG_X_4326": 9.1077563058225248, "LAT_Y_4326": 45.486891421661447, "Location": "(45.48689142166145, 9.107756305822525)" }, "geometry": { "type": "Point", "coordinates": [ 9.107756305822525, 45.486891421661447 ] } },
{ "type": "Feature", "properties": { "objectID": "53", "CAP": "20151", "MUNICIPIO": "7", "ID_NIL": "60", "NIL": "STADIO - IPPODROMI", "LONG_X_4326": 9.1153590975326626, "LAT_Y_4326": 45.476910962313546, "Location": "(45.476910962313546, 9.115359097532663)" }, "geometry": { "type": "Point", "coordinates": [ 9.115359097532663, 45.476910962313546 ] } },
{ "type": "Feature", "properties": { "objectID": "5405", "CAP": "20157", "MUNICIPIO": "8", "ID_NIL": "75", "NIL": "STEPHENSON", "LONG_X_4326": 9.1200536838756054, "LAT_Y_4326": 45.511331762552992, "Location": "(45.51133176255299, 9.120053683875605)" }, "geometry": { "type": "Point", "coordinates": [ 9.120053683875605, 45.511331762552992 ] } },
{ "type": "Feature", "properties": { "objectID": "5395", "CAP": "20147", "MUNICIPIO": "7", "ID_NIL": "56", "NIL": "FORZE ARMATE", "LONG_X_4326": 9.1221729760652437, "LAT_Y_4326": 45.467842970413948, "Location": "(45.46784297041395, 9.122172976065244)" }, "geometry": { "type": "Point", "coordinates": [ 9.122172976065244, 45.467842970413948 ] } },
{ "type": "Feature", "properties": { "objectID": "333", "CAP": "20156", "MUNICIPIO": "8", "ID_NIL": "72", "NIL": "MAGGIORE - MUSOCCO - CERTOSA", "LONG_X_4326": 9.1263870286579856, "LAT_Y_4326": 45.506804758296759, "Location": "(45.50680475829676, 9.126387028657986)" }, "geometry": { "type": "Point", "coordinates": [ 9.126387028657986, 45.506804758296759 ] } },
{ "type": "Feature", "properties": { "objectID": "513", "CAP": "20147", "MUNICIPIO": "6", "ID_NIL": "56", "NIL": "FORZE ARMATE", "LONG_X_4326": 9.1286762072743937, "LAT_Y_4326": 45.460210009242481, "Location": "(45.46021000924248, 9.128676207274394)" }, "geometry": { "type": "Point", "coordinates": [ 9.128676207274394, 45.460210009242481 ] } },
{ "type": "Feature", "properties": { "objectID": "36318", "CAP": "20146", "MUNICIPIO": "6", "ID_NIL": "49", "NIL": "GIAMBELLINO", "LONG_X_4326": 9.1351160570351713, "LAT_Y_4326": 45.446968931274704, "Location": "(45.446968931274704, 9.135116057035171)" }, "geometry": { "type": "Point", "coordinates": [ 9.135116057035171, 45.446968931274704 ] } },
{ "type": "Feature", "properties": { "objectID": "5834", "CAP": "20148", "MUNICIPIO": "7", "ID_NIL": "60", "NIL": "STADIO - IPPODROMI", "LONG_X_4326": 9.1379417101268512, "LAT_Y_4326": 45.476633065612525, "Location": "(45.476633065612525, 9.137941710126851)" }, "geometry": { "type": "Point", "coordinates": [ 9.137941710126851, 45.476633065612525 ] } },
{ "type": "Feature", "properties": { "objectID": "5865", "CAP": "20157", "MUNICIPIO": "8", "ID_NIL": "76", "NIL": "QUARTO OGGIARO - VIALBA - MUSOCCO", "LONG_X_4326": 9.1335425394812511, "LAT_Y_4326": 45.50910140031047, "Location": "(45.50910140031047, 9.133542539481251)" }, "geometry": { "type": "Point", "coordinates": [ 9.133542539481251, 45.50910140031047 ] } },
{ "type": "Feature", "properties": { "objectID": "5393", "CAP": "20148", "MUNICIPIO": "8", "ID_NIL": "58", "NIL": "DE ANGELI - MONTE ROSA", "LONG_X_4326": 9.1438105060532582, "LAT_Y_4326": 45.479544673195321, "Location": "(45.47954467319532, 9.143810506053258)" }, "geometry": { "type": "Point", "coordinates": [ 9.143810506053258, 45.479544673195321 ] } },
{ "type": "Feature", "properties": { "objectID": "3425", "CAP": "20149", "MUNICIPIO": "8", "ID_NIL": "71", "NIL": "VILLAPIZZONE - CAGNOLA - BOLDINASCO", "LONG_X_4326": 9.1455671619362349, "LAT_Y_4326": 45.487769337741064, "Location": "(45.487769337741064, 9.145567161936235)" }, "geometry": { "type": "Point", "coordinates": [ 9.145567161936235, 45.487769337741064 ] } },
{ "type": "Feature", "properties": { "objectID": "3418", "CAP": "20142", "MUNICIPIO": "6", "ID_NIL": "46", "NIL": "BARONA", "LONG_X_4326": 9.1463819507656954, "LAT_Y_4326": 45.432324647948597, "Location": "(45.4323246479486, 9.146381950765695)" }, "geometry": { "type": "Point", "coordinates": [ 9.146381950765695, 45.432324647948597 ] } },
{ "type": "Feature", "properties": { "objectID": "366", "CAP": "20146", "MUNICIPIO": "6", "ID_NIL": "52", "NIL": "BANDE NERE", "LONG_X_4326": 9.1466582361785136, "LAT_Y_4326": 45.459714955894661, "Location": "(45.45971495589466, 9.146658236178514)" }, "geometry": { "type": "Point", "coordinates": [ 9.146658236178514, 45.459714955894661 ] } },
{ "type": "Feature", "properties": { "objectID": "30316", "CAP": "20146", "MUNICIPIO": "6", "ID_NIL": "52", "NIL": "BANDE NERE", "LONG_X_4326": 9.1476710579219436, "LAT_Y_4326": 45.458406686112205, "Location": "(45.458406686112205, 9.147671057921944)" }, "geometry": { "type": "Point", "coordinates": [ 9.147671057921944, 45.458406686112205 ] } },
{ "type": "Feature", "properties": { "objectID": "48", "CAP": "20149", "MUNICIPIO": "7", "ID_NIL": "58", "NIL": "DE ANGELI - MONTE ROSA", "LONG_X_4326": 9.1463779488946848, "LAT_Y_4326": 45.472399716838027, "Location": "(45.47239971683803, 9.146377948894685)" }, "geometry": { "type": "Point", "coordinates": [ 9.146377948894685, 45.472399716838027 ] } },
{ "type": "Feature", "properties": { "objectID": "29122", "CAP": "20149", "MUNICIPIO": "8", "ID_NIL": "59", "NIL": "TRE TORRI", "LONG_X_4326": 9.1522374010971426, "LAT_Y_4326": 45.478996461567334, "Location": "(45.478996461567334, 9.152237401097143)" }, "geometry": { "type": "Point", "coordinates": [ 9.152237401097143, 45.478996461567334 ] } },
{ "type": "Feature", "properties": { "objectID": "5388", "CAP": "20145", "MUNICIPIO": "8", "ID_NIL": "59", "NIL": "TRE TORRI", "LONG_X_4326": 9.1551507234289726, "LAT_Y_4326": 45.475528228124332, "Location": "(45.47552822812433, 9.155150723428973)" }, "geometry": { "type": "Point", "coordinates": [ 9.155150723428973, 45.475528228124332 ] } },
{ "type": "Feature", "properties": { "objectID": "40641", "CAP": "20149", "MUNICIPIO": "8", "ID_NIL": "59", "NIL": "TRE TORRI", "LONG_X_4326": 9.1532735245086236, "LAT_Y_4326": 45.478863257566928, "Location": "(45.47886325756693, 9.153273524508624)" }, "geometry": { "type": "Point", "coordinates": [ 9.153273524508624, 45.478863257566928 ] } },
{ "type": "Feature", "properties": { "objectID": "436", "CAP": "20149", "MUNICIPIO": "8", "ID_NIL": "67", "NIL": "PORTELLO", "LONG_X_4326": 9.1587789040129159, "LAT_Y_4326": 45.481173697534381, "Location": "(45.48117369753438, 9.158778904012916)" }, "geometry": { "type": "Point", "coordinates": [ 9.158778904012916, 45.481173697534381 ] } },
{ "type": "Feature", "properties": { "objectID": "35518", "CAP": "20144", "MUNICIPIO": "7", "ID_NIL": "51", "NIL": "PORTA MAGENTA", "LONG_X_4326": 9.160699650012738, "LAT_Y_4326": 45.464326031942662, "Location": "(45.46432603194266, 9.160699650012738)" }, "geometry": { "type": "Point", "coordinates": [ 9.160699650012738, 45.464326031942662 ] } },
{ "type": "Feature", "properties": { "objectID": "440", "CAP": "20145", "MUNICIPIO": "8", "ID_NIL": "68", "NIL": "PAGANO", "LONG_X_4326": 9.1609988584080551, "LAT_Y_4326": 45.477747598430042, "Location": "(45.47774759843004, 9.160998858408055)" }, "geometry": { "type": "Point", "coordinates": [ 9.160998858408055, 45.477747598430042 ] } },
{ "type": "Feature", "properties": { "objectID": "429", "CAP": "20154", "MUNICIPIO": "8", "ID_NIL": "70", "NIL": "GHISOLFA", "LONG_X_4326": 9.1615377481123534, "LAT_Y_4326": 45.487849326737425, "Location": "(45.487849326737425, 9.161537748112353)" }, "geometry": { "type": "Point", "coordinates": [ 9.161537748112353, 45.487849326737425 ] } },
{ "type": "Feature", "properties": { "objectID": "5418", "CAP": "20155", "MUNICIPIO": "8", "ID_NIL": "70", "NIL": "GHISOLFA", "LONG_X_4326": 9.1614198129504096, "LAT_Y_4326": 45.494878446782785, "Location": "(45.494878446782785, 9.16141981295041)" }, "geometry": { "type": "Point", "coordinates": [ 9.16141981295041, 45.494878446782785 ] } },
{ "type": "Feature", "properties": { "objectID": "126", "CAP": "20161", "MUNICIPIO": "9", "ID_NIL": "81", "NIL": "BOVISASCA", "LONG_X_4326": 9.1642619235970049, "LAT_Y_4326": 45.522132067209021, "Location": "(45.52213206720902, 9.164261923597005)" }, "geometry": { "type": "Point", "coordinates": [ 9.164261923597005, 45.522132067209021 ] } },
{ "type": "Feature", "properties": { "objectID": "4219", "CAP": "20142", "MUNICIPIO": "5", "ID_NIL": "42", "NIL": "STADERA - CHIESA ROSSA - Q.RE TORRETTA - CONCA FALLATA", "LONG_X_4326": 9.1708120492378082, "LAT_Y_4326": 45.430875913482545, "Location": "(45.430875913482545, 9.170812049237808)" }, "geometry": { "type": "Point", "coordinates": [ 9.170812049237808, 45.430875913482545 ] } },
{ "type": "Feature", "properties": { "objectID": "389", "CAP": "20123", "MUNICIPIO": "1", "ID_NIL": "7", "NIL": "MAGENTA - S. VITTORE", "LONG_X_4326": 9.1679484327209888, "LAT_Y_4326": 45.461139495257811, "Location": "(45.46113949525781, 9.167948432720989)" }, "geometry": { "type": "Point", "coordinates": [ 9.167948432720989, 45.461139495257811 ] } },
{ "type": "Feature", "properties": { "objectID": "10685", "CAP": "20123", "MUNICIPIO": "1", "ID_NIL": "7", "NIL": "MAGENTA - S. VITTORE", "LONG_X_4326": 9.1663975288246267, "LAT_Y_4326": 45.469352124370481, "Location": "(45.46935212437048, 9.166397528824627)" }, "geometry": { "type": "Point", "coordinates": [ 9.166397528824627, 45.469352124370481 ] } },
{ "type": "Feature", "properties": { "objectID": "2172", "CAP": "20155", "MUNICIPIO": "8", "ID_NIL": "70", "NIL": "GHISOLFA", "LONG_X_4326": 9.1672032965563837, "LAT_Y_4326": 45.492061573561223, "Location": "(45.49206157356122, 9.167203296556384)" }, "geometry": { "type": "Point", "coordinates": [ 9.167203296556384, 45.492061573561223 ] } },
{ "type": "Feature", "properties": { "objectID": "145", "CAP": "20158", "MUNICIPIO": "9", "ID_NIL": "77", "NIL": "BOVISA", "LONG_X_4326": 9.1694601904475181, "LAT_Y_4326": 45.503693155521042, "Location": "(45.50369315552104, 9.169460190447518)" }, "geometry": { "type": "Point", "coordinates": [ 9.169460190447518, 45.503693155521042 ] } },
{ "type": "Feature", "properties": { "objectID": "129", "CAP": "20161", "MUNICIPIO": "9", "ID_NIL": "80", "NIL": "AFFORI", "LONG_X_4326": 9.1705765607803951, "LAT_Y_4326": 45.518239448145593, "Location": "(45.51823944814559, 9.170576560780395)" }, "geometry": { "type": "Point", "coordinates": [ 9.170576560780395, 45.518239448145593 ] } },
{ "type": "Feature", "properties": { "objectID": "5399", "CAP": "20161", "MUNICIPIO": "9", "ID_NIL": "82", "NIL": "COMASINA", "LONG_X_4326": 9.1667562876542412, "LAT_Y_4326": 45.526771137069765, "Location": "(45.526771137069765, 9.166756287654241)" }, "geometry": { "type": "Point", "coordinates": [ 9.166756287654241, 45.526771137069765 ] } },
{ "type": "Feature", "properties": { "objectID": "9", "CAP": "20142", "MUNICIPIO": "5", "ID_NIL": "41", "NIL": "GRATOSOGLIO - Q.RE MISSAGLIA - Q.RE TERRAZZE", "LONG_X_4326": 9.1733683634264231, "LAT_Y_4326": 45.405420251515068, "Location": "(45.40542025151507, 9.173368363426423)" }, "geometry": { "type": "Point", "coordinates": [ 9.173368363426423, 45.405420251515068 ] } },
{ "type": "Feature", "properties": { "objectID": "540", "CAP": "20142", "MUNICIPIO": "5", "ID_NIL": "42", "NIL": "STADERA - CHIESA ROSSA - Q.RE TORRETTA - CONCA FALLATA", "LONG_X_4326": 9.1742157619493003, "LAT_Y_4326": 45.425477344627652, "Location": "(45.42547734462765, 9.1742157619493)" }, "geometry": { "type": "Point", "coordinates": [ 9.1742157619493, 45.425477344627652 ] } },
{ "type": "Feature", "properties": { "objectID": "2156", "CAP": "20141", "MUNICIPIO": "5", "ID_NIL": "43", "NIL": "TIBALDI", "LONG_X_4326": 9.1779044518072759, "LAT_Y_4326": 45.437885953056266, "Location": "(45.437885953056266, 9.177904451807276)" }, "geometry": { "type": "Point", "coordinates": [ 9.177904451807276, 45.437885953056266 ] } },
{ "type": "Feature", "properties": { "objectID": "403", "CAP": "20144", "MUNICIPIO": "6", "ID_NIL": "44", "NIL": "PORTA TICINESE - CONCHETTA", "LONG_X_4326": 9.174354790197615, "LAT_Y_4326": 45.453992142542873, "Location": "(45.45399214254287, 9.174354790197615)" }, "geometry": { "type": "Point", "coordinates": [ 9.174354790197615, 45.453992142542873 ] } },
{ "type": "Feature", "properties": { "objectID": "4197", "CAP": "20123", "MUNICIPIO": "1", "ID_NIL": "6", "NIL": "PORTA TICINESE - CONCA DEL NAVIGLIO", "LONG_X_4326": 9.177293936811763, "LAT_Y_4326": 45.454953067511148, "Location": "(45.45495306751115, 9.177293936811763)" }, "geometry": { "type": "Point", "coordinates": [ 9.177293936811763, 45.454953067511148 ] } },
{ "type": "Feature", "properties": { "objectID": "4225", "CAP": "20154", "MUNICIPIO": "8", "ID_NIL": "69", "NIL": "SARPI", "LONG_X_4326": 9.1781305413232737, "LAT_Y_4326": 45.484575977422928, "Location": "(45.48457597742293, 9.178130541323274)" }, "geometry": { "type": "Point", "coordinates": [ 9.178130541323274, 45.484575977422928 ] } },
{ "type": "Feature", "properties": { "objectID": "3402", "CAP": "20161", "MUNICIPIO": "9", "ID_NIL": "80", "NIL": "AFFORI", "LONG_X_4326": 9.1728615934008442, "LAT_Y_4326": 45.510745418930725, "Location": "(45.510745418930725, 9.172861593400844)" }, "geometry": { "type": "Point", "coordinates": [ 9.172861593400844, 45.510745418930725 ] } },
{ "type": "Feature", "properties": { "objectID": "3361", "CAP": "20142", "MUNICIPIO": "5", "ID_NIL": "42", "NIL": "STADERA - CHIESA ROSSA - Q.RE TORRETTA - CONCA FALLATA", "LONG_X_4326": 9.1791857970726927, "LAT_Y_4326": 45.423044294031833, "Location": "(45.42304429403183, 9.179185797072693)" }, "geometry": { "type": "Point", "coordinates": [ 9.179185797072693, 45.423044294031833 ] } },
{ "type": "Feature", "properties": { "objectID": "29", "CAP": "20136", "MUNICIPIO": "5", "ID_NIL": "6", "NIL": "PORTA TICINESE - CONCA DEL NAVIGLIO", "LONG_X_4326": 9.1830347155525551, "LAT_Y_4326": 45.447537433075119, "Location": "(45.44753743307512, 9.183034715552555)" }, "geometry": { "type": "Point", "coordinates": [ 9.183034715552555, 45.447537433075119 ] } },
{ "type": "Feature", "properties": { "objectID": "377", "CAP": "20121", "MUNICIPIO": "1", "ID_NIL": "1", "NIL": "DUOMO", "LONG_X_4326": 9.1793894544162544, "LAT_Y_4326": 45.469748197327164, "Location": "(45.46974819732716, 9.179389454416254)" }, "geometry": { "type": "Point", "coordinates": [ 9.179389454416254, 45.469748197327164 ] } },
{ "type": "Feature", "properties": { "objectID": "477", "CAP": "20121", "MUNICIPIO": "1", "ID_NIL": "1", "NIL": "DUOMO", "LONG_X_4326": 9.1817554481633685, "LAT_Y_4326": 45.467598654700012, "Location": "(45.46759865470001, 9.181755448163369)" }, "geometry": { "type": "Point", "coordinates": [ 9.181755448163369, 45.467598654700012 ] } },
{ "type": "Feature", "properties": { "objectID": "375", "CAP": "20121", "MUNICIPIO": "1", "ID_NIL": "2", "NIL": "BRERA", "LONG_X_4326": 9.1850403457608145, "LAT_Y_4326": 45.469304596386259, "Location": "(45.46930459638626, 9.185040345760815)" }, "geometry": { "type": "Point", "coordinates": [ 9.185040345760815, 45.469304596386259 ] } },
{ "type": "Feature", "properties": { "objectID": "2560", "CAP": "20121", "MUNICIPIO": "1", "ID_NIL": "2", "NIL": "BRERA", "LONG_X_4326": 9.1839420390109652, "LAT_Y_4326": 45.476487665834455, "Location": "(45.476487665834455, 9.183942039010965)" }, "geometry": { "type": "Point", "coordinates": [ 9.183942039010965, 45.476487665834455 ] } },
{ "type": "Feature", "properties": { "objectID": "5832", "CAP": "20154", "MUNICIPIO": "8", "ID_NIL": "69", "NIL": "SARPI", "LONG_X_4326": 9.1813524379392906, "LAT_Y_4326": 45.485955542820363, "Location": "(45.48595554282036, 9.18135243793929)" }, "geometry": { "type": "Point", "coordinates": [ 9.181352437939291, 45.485955542820363 ] } },
{ "type": "Feature", "properties": { "objectID": "282", "CAP": "20141", "MUNICIPIO": "5", "ID_NIL": "37", "NIL": "MORIVIONE", "LONG_X_4326": 9.1912456857670524, "LAT_Y_4326": 45.439267425096311, "Location": "(45.43926742509631, 9.191245685767052)" }, "geometry": { "type": "Point", "coordinates": [ 9.191245685767052, 45.439267425096311 ] } },
{ "type": "Feature", "properties": { "objectID": "11086", "CAP": "20136", "MUNICIPIO": "5", "ID_NIL": "5", "NIL": "PORTA VIGENTINA - PORTA LODOVICA", "LONG_X_4326": 9.1874723782461114, "LAT_Y_4326": 45.449221794459213, "Location": "(45.44922179445921, 9.187472378246111)" }, "geometry": { "type": "Point", "coordinates": [ 9.187472378246111, 45.449221794459213 ] } },
{ "type": "Feature", "properties": { "objectID": "134", "CAP": "20136", "MUNICIPIO": "5", "ID_NIL": "5", "NIL": "PORTA VIGENTINA - PORTA LODOVICA", "LONG_X_4326": 9.1906154991589766, "LAT_Y_4326": 45.449162626323854, "Location": "(45.449162626323854, 9.190615499158977)" }, "geometry": { "type": "Point", "coordinates": [ 9.190615499158977, 45.449162626323854 ] } },
{ "type": "Feature", "properties": { "objectID": "102", "CAP": "20122", "MUNICIPIO": "1", "ID_NIL": "1", "NIL": "DUOMO", "LONG_X_4326": 9.192938817852875, "LAT_Y_4326": 45.459443990119652, "Location": "(45.45944399011965, 9.192938817852875)" }, "geometry": { "type": "Point", "coordinates": [ 9.192938817852875, 45.459443990119652 ] } },
{ "type": "Feature", "properties": { "objectID": "29129", "CAP": "20154", "MUNICIPIO": "9", "ID_NIL": "9", "NIL": "PORTA GARIBALDI - PORTA NUOVA", "LONG_X_4326": 9.1932026671039058, "LAT_Y_4326": 45.484287951243687, "Location": "(45.48428795124369, 9.193202667103906)" }, "geometry": { "type": "Point", "coordinates": [ 9.193202667103906, 45.484287951243687 ] } },
{ "type": "Feature", "properties": { "objectID": "3433", "CAP": "20159", "MUNICIPIO": "9", "ID_NIL": "12", "NIL": "MACIACHINI - MAGGIOLINA", "LONG_X_4326": 9.1956647668987586, "LAT_Y_4326": 45.501540301059194, "Location": "(45.501540301059194, 9.195664766898759)" }, "geometry": { "type": "Point", "coordinates": [ 9.195664766898759, 45.501540301059194 ] } },
{ "type": "Feature", "properties": { "objectID": "120", "CAP": "20141", "MUNICIPIO": "5", "ID_NIL": "38", "NIL": "VIGENTINO - Q.RE FATIMA", "LONG_X_4326": 9.2042682020654372, "LAT_Y_4326": 45.430603619313466, "Location": "(45.430603619313466, 9.204268202065437)" }, "geometry": { "type": "Point", "coordinates": [ 9.204268202065437, 45.430603619313466 ] } },
{ "type": "Feature", "properties": { "objectID": "4198", "CAP": "20125", "MUNICIPIO": "2", "ID_NIL": "12", "NIL": "MACIACHINI - MAGGIOLINA", "LONG_X_4326": 9.200539094513223, "LAT_Y_4326": 45.493273787157179, "Location": "(45.49327378715718, 9.200539094513223)" }, "geometry": { "type": "Point", "coordinates": [ 9.200539094513223, 45.493273787157179 ] } },
{ "type": "Feature", "properties": { "objectID": "28319", "CAP": "20141", "MUNICIPIO": "5", "ID_NIL": "38", "NIL": "VIGENTINO - Q.RE FATIMA", "LONG_X_4326": 9.2055556416542146, "LAT_Y_4326": 45.432727527242484, "Location": "(45.432727527242484, 9.205555641654215)" }, "geometry": { "type": "Point", "coordinates": [ 9.205555641654215, 45.432727527242484 ] } },
{ "type": "Feature", "properties": { "objectID": "3432", "CAP": "20139", "MUNICIPIO": "5", "ID_NIL": "36", "NIL": "SCALO ROMANA", "LONG_X_4326": 9.210946658319596, "LAT_Y_4326": 45.436775214515109, "Location": "(45.43677521451511, 9.210946658319596)" }, "geometry": { "type": "Point", "coordinates": [ 9.210946658319596, 45.436775214515109 ] } },
{ "type": "Feature", "properties": { "objectID": "36319", "CAP": "20124", "MUNICIPIO": "2", "ID_NIL": "10", "NIL": "STAZIONE CENTRALE - PONTE SEVESO", "LONG_X_4326": 9.2066240928607588, "LAT_Y_4326": 45.485821932212573, "Location": "(45.48582193221257, 9.206624092860759)" }, "geometry": { "type": "Point", "coordinates": [ 9.206624092860759, 45.485821932212573 ] } },
{ "type": "Feature", "properties": { "objectID": "28317", "CAP": "20125", "MUNICIPIO": "2", "ID_NIL": "10", "NIL": "STAZIONE CENTRALE - PONTE SEVESO", "LONG_X_4326": 9.2061345275705335, "LAT_Y_4326": 45.489694221955638, "Location": "(45.48969422195564, 9.206134527570534)" }, "geometry": { "type": "Point", "coordinates": [ 9.206134527570534, 45.489694221955638 ] } },
{ "type": "Feature", "properties": { "objectID": "18305", "CAP": "20126", "MUNICIPIO": "9", "ID_NIL": "15", "NIL": "BICOCCA", "LONG_X_4326": 9.2062865624588159, "LAT_Y_4326": 45.512075115350157, "Location": "(45.51207511535016, 9.206286562458816)" }, "geometry": { "type": "Point", "coordinates": [ 9.206286562458816, 45.512075115350157 ] } },
{ "type": "Feature", "properties": { "objectID": "3415", "CAP": "20162", "MUNICIPIO": "9", "ID_NIL": "14", "NIL": "NIGUARDA - CA' GRANDA - PRATO CENTENARO - Q.RE FULVIO TESTI", "LONG_X_4326": 9.2103870400532948, "LAT_Y_4326": 45.524582611791047, "Location": "(45.52458261179105, 9.210387040053295)" }, "geometry": { "type": "Point", "coordinates": [ 9.210387040053295, 45.524582611791047 ] } },
{ "type": "Feature", "properties": { "objectID": "422", "CAP": "20139", "MUNICIPIO": "5", "ID_NIL": "36", "NIL": "SCALO ROMANA", "LONG_X_4326": 9.2166985507788386, "LAT_Y_4326": 45.435805973080981, "Location": "(45.43580597308098, 9.216698550778839)" }, "geometry": { "type": "Point", "coordinates": [ 9.216698550778839, 45.435805973080981 ] } },
{ "type": "Feature", "properties": { "objectID": "4172", "CAP": "20135", "MUNICIPIO": "4", "ID_NIL": "26", "NIL": "XXII MARZO", "LONG_X_4326": 9.215945081698468, "LAT_Y_4326": 45.460472812275661, "Location": "(45.46047281227566, 9.215945081698468)" }, "geometry": { "type": "Point", "coordinates": [ 9.215945081698468, 45.460472812275661 ] } },
{ "type": "Feature", "properties": { "objectID": "517", "CAP": "20129", "MUNICIPIO": "3", "ID_NIL": "21", "NIL": "BUENOS AIRES - PORTA VENEZIA - PORTA MONFORTE", "LONG_X_4326": 9.2117806535940971, "LAT_Y_4326": 45.477552470146975, "Location": "(45.477552470146975, 9.211780653594097)" }, "geometry": { "type": "Point", "coordinates": [ 9.211780653594097, 45.477552470146975 ] } },
{ "type": "Feature", "properties": { "objectID": "534", "CAP": "20129", "MUNICIPIO": "3", "ID_NIL": "21", "NIL": "BUENOS AIRES - PORTA VENEZIA - PORTA MONFORTE", "LONG_X_4326": 9.2148798609694413, "LAT_Y_4326": 45.480938345085633, "Location": "(45.48093834508563, 9.214879860969441)" }, "geometry": { "type": "Point", "coordinates": [ 9.214879860969441, 45.480938345085633 ] } },
{ "type": "Feature", "properties": { "objectID": "36718", "CAP": "20125", "MUNICIPIO": "2", "ID_NIL": "13", "NIL": "GRECO - SEGNANO", "LONG_X_4326": 9.2131691220237446, "LAT_Y_4326": 45.501398481716798, "Location": "(45.5013984817168, 9.213169122023745)" }, "geometry": { "type": "Point", "coordinates": [ 9.213169122023745, 45.501398481716798 ] } },
{ "type": "Feature", "properties": { "objectID": "15901", "CAP": "20126", "MUNICIPIO": "9", "ID_NIL": "15", "NIL": "BICOCCA", "LONG_X_4326": 9.2142473430802507, "LAT_Y_4326": 45.522664705968786, "Location": "(45.522664705968786, 9.21424734308025)" }, "geometry": { "type": "Point", "coordinates": [ 9.214247343080251, 45.522664705968786 ] } },
{ "type": "Feature", "properties": { "objectID": "4180", "CAP": "20139", "MUNICIPIO": "4", "ID_NIL": "35", "NIL": "LODI - CORVETTO", "LONG_X_4326": 9.2238229075102289, "LAT_Y_4326": 45.437220117319612, "Location": "(45.43722011731961, 9.223822907510229)" }, "geometry": { "type": "Point", "coordinates": [ 9.223822907510229, 45.437220117319612 ] } },
{ "type": "Feature", "properties": { "objectID": "5417", "CAP": "20139", "MUNICIPIO": "4", "ID_NIL": "35", "NIL": "LODI - CORVETTO", "LONG_X_4326": 9.223417096096318, "LAT_Y_4326": 45.444900580137833, "Location": "(45.44490058013783, 9.223417096096318)" }, "geometry": { "type": "Point", "coordinates": [ 9.223417096096318, 45.444900580137833 ] } },
{ "type": "Feature", "properties": { "objectID": "174", "CAP": "20137", "MUNICIPIO": "4", "ID_NIL": "28", "NIL": "UMBRIA - MOLISE - CALVAIRATE", "LONG_X_4326": 9.2206643324609239, "LAT_Y_4326": 45.456088560245682, "Location": "(45.45608856024568, 9.220664332460924)" }, "geometry": { "type": "Point", "coordinates": [ 9.220664332460924, 45.456088560245682 ] } },
{ "type": "Feature", "properties": { "objectID": "414", "CAP": "20129", "MUNICIPIO": "3", "ID_NIL": "21", "NIL": "BUENOS AIRES - PORTA VENEZIA - PORTA MONFORTE", "LONG_X_4326": 9.2229237141622544, "LAT_Y_4326": 45.471069516327688, "Location": "(45.47106951632769, 9.222923714162254)" }, "geometry": { "type": "Point", "coordinates": [ 9.222923714162254, 45.471069516327688 ] } },
{ "type": "Feature", "properties": { "objectID": "14288", "CAP": "20127", "MUNICIPIO": "2", "ID_NIL": "20", "NIL": "LORETO - CASORETTO - NOLO", "LONG_X_4326": 9.22258386304566, "LAT_Y_4326": 45.495131744658352, "Location": "(45.49513174465835, 9.22258386304566)" }, "geometry": { "type": "Point", "coordinates": [ 9.22258386304566, 45.495131744658352 ] } },
{ "type": "Feature", "properties": { "objectID": "154", "CAP": "20137", "MUNICIPIO": "4", "ID_NIL": "29", "NIL": "ORTOMERCATO", "LONG_X_4326": 9.2286990048146134, "LAT_Y_4326": 45.449939041858094, "Location": "(45.449939041858094, 9.228699004814613)" }, "geometry": { "type": "Point", "coordinates": [ 9.228699004814613, 45.449939041858094 ] } },
{ "type": "Feature", "properties": { "objectID": "160", "CAP": "20133", "MUNICIPIO": "3", "ID_NIL": "22", "NIL": "CITTA' STUDI", "LONG_X_4326": 9.2249583438013154, "LAT_Y_4326": 45.468350211889934, "Location": "(45.468350211889934, 9.224958343801315)" }, "geometry": { "type": "Point", "coordinates": [ 9.224958343801315, 45.468350211889934 ] } },
{ "type": "Feature", "properties": { "objectID": "3437", "CAP": "20133", "MUNICIPIO": "3", "ID_NIL": "22", "NIL": "CITTA' STUDI", "LONG_X_4326": 9.2251043081241466, "LAT_Y_4326": 45.478248366535951, "Location": "(45.47824836653595, 9.225104308124147)" }, "geometry": { "type": "Point", "coordinates": [ 9.225104308124147, 45.478248366535951 ] } },
{ "type": "Feature", "properties": { "objectID": "3430", "CAP": "20131", "MUNICIPIO": "3", "ID_NIL": "22", "NIL": "CITTA' STUDI", "LONG_X_4326": 9.2253528260093862, "LAT_Y_4326": 45.482773231374907, "Location": "(45.48277323137491, 9.225352826009386)" }, "geometry": { "type": "Point", "coordinates": [ 9.225352826009386, 45.482773231374907 ] } },
{ "type": "Feature", "properties": { "objectID": "4171", "CAP": "20133", "MUNICIPIO": "3", "ID_NIL": "22", "NIL": "CITTA' STUDI", "LONG_X_4326": 9.235540184108082, "LAT_Y_4326": 45.479095744378505, "Location": "(45.479095744378505, 9.235540184108082)" }, "geometry": { "type": "Point", "coordinates": [ 9.235540184108082, 45.479095744378505 ] } },
{ "type": "Feature", "properties": { "objectID": "515", "CAP": "20138", "MUNICIPIO": "4", "ID_NIL": "30", "NIL": "TALIEDO - MORSENCHIO - Q.RE FORLANINI", "LONG_X_4326": 9.2413860604800142, "LAT_Y_4326": 45.456526959456511, "Location": "(45.45652695945651, 9.241386060480014)" }, "geometry": { "type": "Point", "coordinates": [ 9.241386060480014, 45.456526959456511 ] } },
{ "type": "Feature", "properties": { "objectID": "4228", "CAP": "20128", "MUNICIPIO": "2", "ID_NIL": "17", "NIL": "ADRIANO", "LONG_X_4326": 9.2403458042887205, "LAT_Y_4326": 45.515020871304017, "Location": "(45.51502087130402, 9.24034580428872)" }, "geometry": { "type": "Point", "coordinates": [ 9.240345804288721, 45.515020871304017 ] } },
{ "type": "Feature", "properties": { "objectID": "165", "CAP": "20138", "MUNICIPIO": "4", "ID_NIL": "30", "NIL": "TALIEDO - MORSENCHIO - Q.RE FORLANINI", "LONG_X_4326": 9.245111137576842, "LAT_Y_4326": 45.460403909975028, "Location": "(45.46040390997503, 9.245111137576842)" }, "geometry": { "type": "Point", "coordinates": [ 9.245111137576842, 45.460403909975028 ] } },
{ "type": "Feature", "properties": { "objectID": "502", "CAP": "20134", "MUNICIPIO": "3", "ID_NIL": "23", "NIL": "LAMBRATE - ORTICA", "LONG_X_4326": 9.2507555113273625, "LAT_Y_4326": 45.479739198309311, "Location": "(45.47973919830931, 9.250755511327363)" }, "geometry": { "type": "Point", "coordinates": [ 9.250755511327363, 45.479739198309311 ] } },
{ "type": "Feature", "properties": { "objectID": "4195", "CAP": "20138", "MUNICIPIO": "4", "ID_NIL": "31", "NIL": "MONLUE' - PONTE LAMBRO", "LONG_X_4326": 9.2629756174325344, "LAT_Y_4326": 45.444695055736048, "Location": "(45.44469505573605, 9.262975617432534)" }, "geometry": { "type": "Point", "coordinates": [ 9.262975617432534, 45.444695055736048 ] } },
{ "type": "Feature", "properties": { "objectID": "3364", "CAP": "20138", "MUNICIPIO": "4", "ID_NIL": "31", "NIL": "MONLUE' - PONTE LAMBRO", "LONG_X_4326": 9.263747585215345, "LAT_Y_4326": 45.442915424059905, "Location": "(45.442915424059905, 9.263747585215345)" }, "geometry": { "type": "Point", "coordinates": [ 9.263747585215345, 45.442915424059905 ] } },
{ "type": "Feature", "properties": { "objectID": "6", "CAP": "20152", "MUNICIPIO": "7", "ID_NIL": "55", "NIL": "BAGGIO - Q.RE DEGLI OLMI - Q.RE VALSESIA", "LONG_X_4326": 9.0925789768576077, "LAT_Y_4326": 45.459056102337186, "Location": "(45.459056102337186, 9.092578976857608)" }, "geometry": { "type": "Point", "coordinates": [ 9.092578976857608, 45.459056102337186 ] } },
{ "type": "Feature", "properties": { "objectID": "4223", "CAP": "20152", "MUNICIPIO": "7", "ID_NIL": "55", "NIL": "BAGGIO - Q.RE DEGLI OLMI - Q.RE VALSESIA", "LONG_X_4326": 9.0951271514757259, "LAT_Y_4326": 45.465032056375655, "Location": "(45.465032056375655, 9.095127151475726)" }, "geometry": { "type": "Point", "coordinates": [ 9.095127151475726, 45.465032056375655 ] } },
{ "type": "Feature", "properties": { "objectID": "67", "CAP": "20152", "MUNICIPIO": "7", "ID_NIL": "56", "NIL": "FORZE ARMATE", "LONG_X_4326": 9.103998783193326, "LAT_Y_4326": 45.459130224453375, "Location": "(45.459130224453375, 9.103998783193326)" }, "geometry": { "type": "Point", "coordinates": [ 9.103998783193326, 45.459130224453375 ] } },
{ "type": "Feature", "properties": { "objectID": "10290", "CAP": "20153", "MUNICIPIO": "7", "ID_NIL": "88", "NIL": "PARCO BOSCO IN CITTA'", "LONG_X_4326": 9.1014549053261842, "LAT_Y_4326": 45.474847561731124, "Location": "(45.474847561731124, 9.101454905326184)" }, "geometry": { "type": "Point", "coordinates": [ 9.101454905326184, 45.474847561731124 ] } },
{ "type": "Feature", "properties": { "objectID": "5867", "CAP": "20156", "MUNICIPIO": "8", "ID_NIL": "72", "NIL": "MAGGIORE - MUSOCCO - CERTOSA", "LONG_X_4326": 9.1024824137979365, "LAT_Y_4326": 45.512737353723665, "Location": "(45.512737353723665, 9.102482413797937)" }, "geometry": { "type": "Point", "coordinates": [ 9.102482413797937, 45.512737353723665 ] } },
{ "type": "Feature", "properties": { "objectID": "4184", "CAP": "20152", "MUNICIPIO": "7", "ID_NIL": "56", "NIL": "FORZE ARMATE", "LONG_X_4326": 9.1151874292693762, "LAT_Y_4326": 45.456559738632784, "Location": "(45.456559738632784, 9.115187429269376)" }, "geometry": { "type": "Point", "coordinates": [ 9.115187429269376, 45.456559738632784 ] } },
{ "type": "Feature", "properties": { "objectID": "66", "CAP": "20147", "MUNICIPIO": "6", "ID_NIL": "53", "NIL": "LORENTEGGIO", "LONG_X_4326": 9.1216483215101665, "LAT_Y_4326": 45.452341231044628, "Location": "(45.45234123104463, 9.121648321510166)" }, "geometry": { "type": "Point", "coordinates": [ 9.121648321510166, 45.452341231044628 ] } },
{ "type": "Feature", "properties": { "objectID": "5835", "CAP": "20151", "MUNICIPIO": "7", "ID_NIL": "60", "NIL": "STADIO - IPPODROMI", "LONG_X_4326": 9.1299795181321812, "LAT_Y_4326": 45.476690024050555, "Location": "(45.476690024050555, 9.129979518132181)" }, "geometry": { "type": "Point", "coordinates": [ 9.129979518132181, 45.476690024050555 ] } },
{ "type": "Feature", "properties": { "objectID": "2962", "CAP": "20156", "MUNICIPIO": "8", "ID_NIL": "72", "NIL": "MAGGIORE - MUSOCCO - CERTOSA", "LONG_X_4326": 9.1285149653856159, "LAT_Y_4326": 45.502521397389089, "Location": "(45.50252139738909, 9.128514965385616)" }, "geometry": { "type": "Point", "coordinates": [ 9.128514965385616, 45.502521397389089 ] } },
{ "type": "Feature", "properties": { "objectID": "41", "CAP": "20148", "MUNICIPIO": "7", "ID_NIL": "60", "NIL": "STADIO - IPPODROMI", "LONG_X_4326": 9.1351078333214701, "LAT_Y_4326": 45.474050178299329, "Location": "(45.47405017829933, 9.13510783332147)" }, "geometry": { "type": "Point", "coordinates": [ 9.13510783332147, 45.474050178299329 ] } },
{ "type": "Feature", "properties": { "objectID": "40", "CAP": "20148", "MUNICIPIO": "7", "ID_NIL": "57", "NIL": "SAN SIRO", "LONG_X_4326": 9.1372329405662391, "LAT_Y_4326": 45.472041056470367, "Location": "(45.47204105647037, 9.13723294056624)" }, "geometry": { "type": "Point", "coordinates": [ 9.137232940566239, 45.472041056470367 ] } },
{ "type": "Feature", "properties": { "objectID": "4176", "CAP": "20157", "MUNICIPIO": "8", "ID_NIL": "76", "NIL": "QUARTO OGGIARO - VIALBA - MUSOCCO", "LONG_X_4326": 9.1349167737810379, "LAT_Y_4326": 45.507772601165492, "Location": "(45.50777260116549, 9.134916773781038)" }, "geometry": { "type": "Point", "coordinates": [ 9.134916773781038, 45.507772601165492 ] } },
{ "type": "Feature", "properties": { "objectID": "28", "CAP": "20142", "MUNICIPIO": "6", "ID_NIL": "48", "NIL": "RONCHETTO SUL NAVIGLIO - Q.RE LODOVICO IL MORO", "LONG_X_4326": 9.1416672016676053, "LAT_Y_4326": 45.434645668709621, "Location": "(45.43464566870962, 9.141667201667605)" }, "geometry": { "type": "Point", "coordinates": [ 9.141667201667605, 45.434645668709621 ] } },
{ "type": "Feature", "properties": { "objectID": "40960", "CAP": "20148", "MUNICIPIO": "7", "ID_NIL": "57", "NIL": "SAN SIRO", "LONG_X_4326": 9.1426451052377775, "LAT_Y_4326": 45.472195246615158, "Location": "(45.47219524661516, 9.142645105237778)" }, "geometry": { "type": "Point", "coordinates": [ 9.142645105237778, 45.472195246615158 ] } },
{ "type": "Feature", "properties": { "objectID": "5831", "CAP": "20148", "MUNICIPIO": "8", "ID_NIL": "58", "NIL": "DE ANGELI - MONTE ROSA", "LONG_X_4326": 9.1432183810254237, "LAT_Y_4326": 45.47995647487739, "Location": "(45.47995647487739, 9.143218381025424)" }, "geometry": { "type": "Point", "coordinates": [ 9.143218381025424, 45.47995647487739 ] } },
{ "type": "Feature", "properties": { "objectID": "4216", "CAP": "20149", "MUNICIPIO": "8", "ID_NIL": "71", "NIL": "VILLAPIZZONE - CAGNOLA - BOLDINASCO", "LONG_X_4326": 9.1421291505442159, "LAT_Y_4326": 45.490381535399692, "Location": "(45.49038153539969, 9.142129150544216)" }, "geometry": { "type": "Point", "coordinates": [ 9.142129150544216, 45.490381535399692 ] } },
{ "type": "Feature", "properties": { "objectID": "4240", "CAP": "20157", "MUNICIPIO": "8", "ID_NIL": "76", "NIL": "QUARTO OGGIARO - VIALBA - MUSOCCO", "LONG_X_4326": 9.1401105747492952, "LAT_Y_4326": 45.508751518402889, "Location": "(45.50875151840289, 9.140110574749295)" }, "geometry": { "type": "Point", "coordinates": [ 9.140110574749295, 45.508751518402889 ] } },
{ "type": "Feature", "properties": { "objectID": "4239", "CAP": "20157", "MUNICIPIO": "8", "ID_NIL": "76", "NIL": "QUARTO OGGIARO - VIALBA - MUSOCCO", "LONG_X_4326": 9.1452404586143619, "LAT_Y_4326": 45.509731729126955, "Location": "(45.509731729126955, 9.145240458614362)" }, "geometry": { "type": "Point", "coordinates": [ 9.145240458614362, 45.509731729126955 ] } },
{ "type": "Feature", "properties": { "objectID": "3767", "CAP": "20146", "MUNICIPIO": "6", "ID_NIL": "52", "NIL": "BANDE NERE", "LONG_X_4326": 9.150663595392432, "LAT_Y_4326": 45.455399430240782, "Location": "(45.45539943024078, 9.150663595392432)" }, "geometry": { "type": "Point", "coordinates": [ 9.150663595392432, 45.455399430240782 ] } },
{ "type": "Feature", "properties": { "objectID": "273", "CAP": "20151", "MUNICIPIO": "8", "ID_NIL": "71", "NIL": "VILLAPIZZONE - CAGNOLA - BOLDINASCO", "LONG_X_4326": 9.1462514593095303, "LAT_Y_4326": 45.491811296530948, "Location": "(45.49181129653095, 9.14625145930953)" }, "geometry": { "type": "Point", "coordinates": [ 9.14625145930953, 45.491811296530948 ] } },
{ "type": "Feature", "properties": { "objectID": "2174", "CAP": "20155", "MUNICIPIO": "8", "ID_NIL": "71", "NIL": "VILLAPIZZONE - CAGNOLA - BOLDINASCO", "LONG_X_4326": 9.1507885194265057, "LAT_Y_4326": 45.494286071054105, "Location": "(45.494286071054105, 9.150788519426506)" }, "geometry": { "type": "Point", "coordinates": [ 9.150788519426506, 45.494286071054105 ] } },
{ "type": "Feature", "properties": { "objectID": "3404", "CAP": "20156", "MUNICIPIO": "8", "ID_NIL": "71", "NIL": "VILLAPIZZONE - CAGNOLA - BOLDINASCO", "LONG_X_4326": 9.1462934277199572, "LAT_Y_4326": 45.501356850436814, "Location": "(45.501356850436814, 9.146293427719957)" }, "geometry": { "type": "Point", "coordinates": [ 9.146293427719957, 45.501356850436814 ] } },
{ "type": "Feature", "properties": { "objectID": "10686", "CAP": "20157", "MUNICIPIO": "8", "ID_NIL": "76", "NIL": "QUARTO OGGIARO - VIALBA - MUSOCCO", "LONG_X_4326": 9.1480408902379526, "LAT_Y_4326": 45.509682743727637, "Location": "(45.50968274372764, 9.148040890237953)" }, "geometry": { "type": "Point", "coordinates": [ 9.148040890237953, 45.509682743727637 ] } },
{ "type": "Feature", "properties": { "objectID": "25113", "CAP": "20157", "MUNICIPIO": "8", "ID_NIL": "76", "NIL": "QUARTO OGGIARO - VIALBA - MUSOCCO", "LONG_X_4326": 9.1487483897302457, "LAT_Y_4326": 45.513322254634865, "Location": "(45.513322254634865, 9.148748389730246)" }, "geometry": { "type": "Point", "coordinates": [ 9.148748389730246, 45.513322254634865 ] } },
{ "type": "Feature", "properties": { "objectID": "25", "CAP": "20142", "MUNICIPIO": "6", "ID_NIL": "46", "NIL": "BARONA", "LONG_X_4326": 9.1544923157758955, "LAT_Y_4326": 45.431704986641343, "Location": "(45.43170498664134, 9.154492315775896)" }, "geometry": { "type": "Point", "coordinates": [ 9.154492315775896, 45.431704986641343 ] } },
{ "type": "Feature", "properties": { "objectID": "528", "CAP": "20146", "MUNICIPIO": "6", "ID_NIL": "49", "NIL": "GIAMBELLINO", "LONG_X_4326": 9.1534470568228219, "LAT_Y_4326": 45.452504675214982, "Location": "(45.45250467521498, 9.153447056822822)" }, "geometry": { "type": "Point", "coordinates": [ 9.153447056822822, 45.452504675214982 ] } },
{ "type": "Feature", "properties": { "objectID": "21511", "CAP": "20144", "MUNICIPIO": "6", "ID_NIL": "50", "NIL": "PORTA GENOVA", "LONG_X_4326": 9.1563271616359589, "LAT_Y_4326": 45.450168969854268, "Location": "(45.45016896985427, 9.156327161635959)" }, "geometry": { "type": "Point", "coordinates": [ 9.156327161635959, 45.450168969854268 ] } },
{ "type": "Feature", "properties": { "objectID": "405", "CAP": "20146", "MUNICIPIO": "7", "ID_NIL": "51", "NIL": "PORTA MAGENTA", "LONG_X_4326": 9.1532854922876528, "LAT_Y_4326": 45.461469776987535, "Location": "(45.461469776987535, 9.153285492287653)" }, "geometry": { "type": "Point", "coordinates": [ 9.153285492287653, 45.461469776987535 ] } },
{ "type": "Feature", "properties": { "objectID": "393", "CAP": "20146", "MUNICIPIO": "6", "ID_NIL": "51", "NIL": "PORTA MAGENTA", "LONG_X_4326": 9.1535406019898904, "LAT_Y_4326": 45.457904554343401, "Location": "(45.4579045543434, 9.15354060198989)" }, "geometry": { "type": "Point", "coordinates": [ 9.15354060198989, 45.457904554343401 ] } },
{ "type": "Feature", "properties": { "objectID": "29124", "CAP": "20149", "MUNICIPIO": "8", "ID_NIL": "59", "NIL": "TRE TORRI", "LONG_X_4326": 9.1534686816744983, "LAT_Y_4326": 45.477393246005313, "Location": "(45.47739324600531, 9.153468681674498)" }, "geometry": { "type": "Point", "coordinates": [ 9.153468681674498, 45.477393246005313 ] } },
{ "type": "Feature", "properties": { "objectID": "5830", "CAP": "20145", "MUNICIPIO": "8", "ID_NIL": "59", "NIL": "TRE TORRI", "LONG_X_4326": 9.1583450134893916, "LAT_Y_4326": 45.476170162443758, "Location": "(45.47617016244376, 9.158345013489392)" }, "geometry": { "type": "Point", "coordinates": [ 9.158345013489392, 45.476170162443758 ] } },
{ "type": "Feature", "properties": { "objectID": "17502", "CAP": "20155", "MUNICIPIO": "8", "ID_NIL": "71", "NIL": "VILLAPIZZONE - CAGNOLA - BOLDINASCO", "LONG_X_4326": 9.1567170399632314, "LAT_Y_4326": 45.49660220129033, "Location": "(45.49660220129033, 9.156717039963231)" }, "geometry": { "type": "Point", "coordinates": [ 9.156717039963231, 45.49660220129033 ] } },
{ "type": "Feature", "properties": { "objectID": "109", "CAP": "20156", "MUNICIPIO": "8", "ID_NIL": "71", "NIL": "VILLAPIZZONE - CAGNOLA - BOLDINASCO", "LONG_X_4326": 9.1530076125571895, "LAT_Y_4326": 45.499661849490806, "Location": "(45.499661849490806, 9.15300761255719)" }, "geometry": { "type": "Point", "coordinates": [ 9.15300761255719, 45.499661849490806 ] } },
{ "type": "Feature", "properties": { "objectID": "20", "CAP": "20142", "MUNICIPIO": "6", "ID_NIL": "46", "NIL": "BARONA", "LONG_X_4326": 9.1634697582989872, "LAT_Y_4326": 45.431654997965431, "Location": "(45.43165499796543, 9.163469758298987)" }, "geometry": { "type": "Point", "coordinates": [ 9.163469758298987, 45.431654997965431 ] } },
{ "type": "Feature", "properties": { "objectID": "3381", "CAP": "20145", "MUNICIPIO": "8", "ID_NIL": "68", "NIL": "PAGANO", "LONG_X_4326": 9.1604133045372578, "LAT_Y_4326": 45.470179727198996, "Location": "(45.470179727198996, 9.160413304537258)" }, "geometry": { "type": "Point", "coordinates": [ 9.160413304537258, 45.470179727198996 ] } },
{ "type": "Feature", "properties": { "objectID": "427", "CAP": "20145", "MUNICIPIO": "8", "ID_NIL": "68", "NIL": "PAGANO", "LONG_X_4326": 9.1606744957541029, "LAT_Y_4326": 45.469999133488621, "Location": "(45.46999913348862, 9.160674495754103)" }, "geometry": { "type": "Point", "coordinates": [ 9.160674495754103, 45.469999133488621 ] } },
{ "type": "Feature", "properties": { "objectID": "438", "CAP": "20145", "MUNICIPIO": "8", "ID_NIL": "68", "NIL": "PAGANO", "LONG_X_4326": 9.1643628304970619, "LAT_Y_4326": 45.477393252362013, "Location": "(45.47739325236201, 9.164362830497062)" }, "geometry": { "type": "Point", "coordinates": [ 9.164362830497062, 45.477393252362013 ] } },
{ "type": "Feature", "properties": { "objectID": "28318", "CAP": "20154", "MUNICIPIO": "8", "ID_NIL": "69", "NIL": "SARPI", "LONG_X_4326": 9.165319466878552, "LAT_Y_4326": 45.487323819882079, "Location": "(45.48732381988208, 9.165319466878552)" }, "geometry": { "type": "Point", "coordinates": [ 9.165319466878552, 45.487323819882079 ] } },
{ "type": "Feature", "properties": { "objectID": "3420", "CAP": "20155", "MUNICIPIO": "8", "ID_NIL": "70", "NIL": "GHISOLFA", "LONG_X_4326": 9.1597098326109609, "LAT_Y_4326": 45.48989325917465, "Location": "(45.48989325917465, 9.159709832610961)" }, "geometry": { "type": "Point", "coordinates": [ 9.159709832610961, 45.48989325917465 ] } },
{ "type": "Feature", "properties": { "objectID": "323", "CAP": "20161", "MUNICIPIO": "9", "ID_NIL": "82", "NIL": "COMASINA", "LONG_X_4326": 9.1648990008490241, "LAT_Y_4326": 45.526741997122137, "Location": "(45.52674199712214, 9.164899000849024)" }, "geometry": { "type": "Point", "coordinates": [ 9.164899000849024, 45.526741997122137 ] } },
{ "type": "Feature", "properties": { "objectID": "339", "CAP": "20142", "MUNICIPIO": "5", "ID_NIL": "41", "NIL": "GRATOSOGLIO - Q.RE MISSAGLIA - Q.RE TERRAZZE", "LONG_X_4326": 9.1689801486379956, "LAT_Y_4326": 45.414075622160432, "Location": "(45.41407562216043, 9.168980148637996)" }, "geometry": { "type": "Point", "coordinates": [ 9.168980148637996, 45.414075622160432 ] } },
{ "type": "Feature", "properties": { "objectID": "24", "CAP": "20142", "MUNICIPIO": "5", "ID_NIL": "42", "NIL": "STADERA - CHIESA ROSSA - Q.RE TORRETTA - CONCA FALLATA", "LONG_X_4326": 9.1704490495880666, "LAT_Y_4326": 45.43384090564458, "Location": "(45.43384090564458, 9.170449049588067)" }, "geometry": { "type": "Point", "coordinates": [ 9.170449049588067, 45.43384090564458 ] } },
{ "type": "Feature", "properties": { "objectID": "3371", "CAP": "20142", "MUNICIPIO": "6", "ID_NIL": "45", "NIL": "MONCUCCO - SAN CRISTOFORO", "LONG_X_4326": 9.1672967634934555, "LAT_Y_4326": 45.440073762995716, "Location": "(45.440073762995716, 9.167296763493455)" }, "geometry": { "type": "Point", "coordinates": [ 9.167296763493455, 45.440073762995716 ] } },
{ "type": "Feature", "properties": { "objectID": "4976", "CAP": "20143", "MUNICIPIO": "6", "ID_NIL": "44", "NIL": "PORTA TICINESE - CONCHETTA", "LONG_X_4326": 9.1712960562376935, "LAT_Y_4326": 45.444924346047678, "Location": "(45.44492434604768, 9.171296056237694)" }, "geometry": { "type": "Point", "coordinates": [ 9.171296056237694, 45.444924346047678 ] } },
{ "type": "Feature", "properties": { "objectID": "536", "CAP": "20123", "MUNICIPIO": "1", "ID_NIL": "7", "NIL": "MAGENTA - S. VITTORE", "LONG_X_4326": 9.1702380767784462, "LAT_Y_4326": 45.466199044341138, "Location": "(45.46619904434114, 9.170238076778446)" }, "geometry": { "type": "Point", "coordinates": [ 9.170238076778446, 45.466199044341138 ] } },
{ "type": "Feature", "properties": { "objectID": "445", "CAP": "20145", "MUNICIPIO": "1", "ID_NIL": "8", "NIL": "PARCO SEMPIONE", "LONG_X_4326": 9.1720402596459483, "LAT_Y_4326": 45.474802678498705, "Location": "(45.474802678498705, 9.172040259645948)" }, "geometry": { "type": "Point", "coordinates": [ 9.172040259645948, 45.474802678498705 ] } },
{ "type": "Feature", "properties": { "objectID": "3391", "CAP": "20123", "MUNICIPIO": "1", "ID_NIL": "1", "NIL": "DUOMO", "LONG_X_4326": 9.1759175951350773, "LAT_Y_4326": 45.463615585287563, "Location": "(45.46361558528756, 9.175917595135077)" }, "geometry": { "type": "Point", "coordinates": [ 9.175917595135077, 45.463615585287563 ] } },
{ "type": "Feature", "properties": { "objectID": "446", "CAP": "20154", "MUNICIPIO": "1", "ID_NIL": "8", "NIL": "PARCO SEMPIONE", "LONG_X_4326": 9.174699462471267, "LAT_Y_4326": 45.475916816415612, "Location": "(45.47591681641561, 9.174699462471267)" }, "geometry": { "type": "Point", "coordinates": [ 9.174699462471267, 45.475916816415612 ] } },
{ "type": "Feature", "properties": { "objectID": "28314", "CAP": "20158", "MUNICIPIO": "9", "ID_NIL": "79", "NIL": "DERGANO", "LONG_X_4326": 9.1736533113014911, "LAT_Y_4326": 45.500719861638515, "Location": "(45.500719861638515, 9.173653311301491)" }, "geometry": { "type": "Point", "coordinates": [ 9.173653311301491, 45.500719861638515 ] } },
{ "type": "Feature", "properties": { "objectID": "2147", "CAP": "20161", "MUNICIPIO": "9", "ID_NIL": "80", "NIL": "AFFORI", "LONG_X_4326": 9.175008489371594, "LAT_Y_4326": 45.507661063616631, "Location": "(45.50766106361663, 9.175008489371594)" }, "geometry": { "type": "Point", "coordinates": [ 9.175008489371594, 45.507661063616631 ] } },
{ "type": "Feature", "properties": { "objectID": "2158", "CAP": "20142", "MUNICIPIO": "5", "ID_NIL": "40", "NIL": "RONCHETTO DELLE RANE", "LONG_X_4326": 9.1808145816811138, "LAT_Y_4326": 45.402738667845043, "Location": "(45.40273866784504, 9.180814581681114)" }, "geometry": { "type": "Point", "coordinates": [ 9.180814581681114, 45.402738667845043 ] } },
{ "type": "Feature", "properties": { "objectID": "293", "CAP": "20142", "MUNICIPIO": "5", "ID_NIL": "41", "NIL": "GRATOSOGLIO - Q.RE MISSAGLIA - Q.RE TERRAZZE", "LONG_X_4326": 9.1807590737806422, "LAT_Y_4326": 45.418925261129957, "Location": "(45.41892526112996, 9.180759073780642)" }, "geometry": { "type": "Point", "coordinates": [ 9.180759073780642, 45.418925261129957 ] } },
{ "type": "Feature", "properties": { "objectID": "399", "CAP": "20123", "MUNICIPIO": "1", "ID_NIL": "6", "NIL": "PORTA TICINESE - CONCA DEL NAVIGLIO", "LONG_X_4326": 9.18196431160038, "LAT_Y_4326": 45.455962297907703, "Location": "(45.4559622979077, 9.18196431160038)" }, "geometry": { "type": "Point", "coordinates": [ 9.18196431160038, 45.455962297907703 ] } },
{ "type": "Feature", "properties": { "objectID": "401", "CAP": "20123", "MUNICIPIO": "1", "ID_NIL": "1", "NIL": "DUOMO", "LONG_X_4326": 9.183177258004525, "LAT_Y_4326": 45.458001485729874, "Location": "(45.45800148572987, 9.183177258004525)" }, "geometry": { "type": "Point", "coordinates": [ 9.183177258004525, 45.458001485729874 ] } },
{ "type": "Feature", "properties": { "objectID": "2177", "CAP": "20159", "MUNICIPIO": "9", "ID_NIL": "11", "NIL": "ISOLA", "LONG_X_4326": 9.1853610141736173, "LAT_Y_4326": 45.492766615965984, "Location": "(45.492766615965984, 9.185361014173617)" }, "geometry": { "type": "Point", "coordinates": [ 9.185361014173617, 45.492766615965984 ] } },
{ "type": "Feature", "properties": { "objectID": "325", "CAP": "20161", "MUNICIPIO": "9", "ID_NIL": "84", "NIL": "PARCO NORD", "LONG_X_4326": 9.1833467058655227, "LAT_Y_4326": 45.525224870828509, "Location": "(45.52522487082851, 9.183346705865523)" }, "geometry": { "type": "Point", "coordinates": [ 9.183346705865523, 45.525224870828509 ] } },
{ "type": "Feature", "properties": { "objectID": "3379", "CAP": "20141", "MUNICIPIO": "5", "ID_NIL": "43", "NIL": "TIBALDI", "LONG_X_4326": 9.1871825152347419, "LAT_Y_4326": 45.437535082168942, "Location": "(45.43753508216894, 9.187182515234742)" }, "geometry": { "type": "Point", "coordinates": [ 9.187182515234742, 45.437535082168942 ] } },
{ "type": "Feature", "properties": { "objectID": "286", "CAP": "20141", "MUNICIPIO": "5", "ID_NIL": "43", "NIL": "TIBALDI", "LONG_X_4326": 9.1871301013359066, "LAT_Y_4326": 45.442396686352346, "Location": "(45.442396686352346, 9.187130101335907)" }, "geometry": { "type": "Point", "coordinates": [ 9.187130101335907, 45.442396686352346 ] } },
{ "type": "Feature", "properties": { "objectID": "29128", "CAP": "20124", "MUNICIPIO": "9", "ID_NIL": "11", "NIL": "ISOLA", "LONG_X_4326": 9.1910477451134263, "LAT_Y_4326": 45.484791687989258, "Location": "(45.48479168798926, 9.191047745113426)" }, "geometry": { "type": "Point", "coordinates": [ 9.191047745113426, 45.484791687989258 ] } },
{ "type": "Feature", "properties": { "objectID": "4212", "CAP": "20159", "MUNICIPIO": "9", "ID_NIL": "12", "NIL": "MACIACHINI - MAGGIOLINA", "LONG_X_4326": 9.1887517511972465, "LAT_Y_4326": 45.498392552295869, "Location": "(45.49839255229587, 9.188751751197247)" }, "geometry": { "type": "Point", "coordinates": [ 9.188751751197247, 45.498392552295869 ] } },
{ "type": "Feature", "properties": { "objectID": "34", "CAP": "20136", "MUNICIPIO": "5", "ID_NIL": "5", "NIL": "PORTA VIGENTINA - PORTA LODOVICA", "LONG_X_4326": 9.193978138952712, "LAT_Y_4326": 45.44856362806366, "Location": "(45.44856362806366, 9.193978138952712)" }, "geometry": { "type": "Point", "coordinates": [ 9.193978138952712, 45.44856362806366 ] } },
{ "type": "Feature", "properties": { "objectID": "7082", "CAP": "20122", "MUNICIPIO": "1", "ID_NIL": "1", "NIL": "DUOMO", "LONG_X_4326": 9.1948087628012765, "LAT_Y_4326": 45.464149628347464, "Location": "(45.464149628347464, 9.194808762801276)" }, "geometry": { "type": "Point", "coordinates": [ 9.194808762801276, 45.464149628347464 ] } },
{ "type": "Feature", "properties": { "objectID": "511", "CAP": "20121", "MUNICIPIO": "1", "ID_NIL": "3", "NIL": "GIARDINI P.TA VENEZIA", "LONG_X_4326": 9.1977994808603452, "LAT_Y_4326": 45.47386956318109, "Location": "(45.47386956318109, 9.197799480860345)" }, "geometry": { "type": "Point", "coordinates": [ 9.197799480860345, 45.47386956318109 ] } },
{ "type": "Feature", "properties": { "objectID": "4166", "CAP": "20124", "MUNICIPIO": "2", "ID_NIL": "10", "NIL": "STAZIONE CENTRALE - PONTE SEVESO", "LONG_X_4326": 9.1967996636586768, "LAT_Y_4326": 45.479419796910605, "Location": "(45.479419796910605, 9.196799663658677)" }, "geometry": { "type": "Point", "coordinates": [ 9.196799663658677, 45.479419796910605 ] } },
{ "type": "Feature", "properties": { "objectID": "342", "CAP": "20124", "MUNICIPIO": "2", "ID_NIL": "11", "NIL": "ISOLA", "LONG_X_4326": 9.1971921484322774, "LAT_Y_4326": 45.489461182879438, "Location": "(45.48946118287944, 9.197192148432277)" }, "geometry": { "type": "Point", "coordinates": [ 9.197192148432277, 45.489461182879438 ] } },
{ "type": "Feature", "properties": { "objectID": "312", "CAP": "20162", "MUNICIPIO": "9", "ID_NIL": "14", "NIL": "NIGUARDA - CA' GRANDA - PRATO CENTENARO - Q.RE FULVIO TESTI", "LONG_X_4326": 9.1940062257884616, "LAT_Y_4326": 45.515621216598966, "Location": "(45.515621216598966, 9.194006225788462)" }, "geometry": { "type": "Point", "coordinates": [ 9.194006225788462, 45.515621216598966 ] } },
{ "type": "Feature", "properties": { "objectID": "18306", "CAP": "20162", "MUNICIPIO": "9", "ID_NIL": "14", "NIL": "NIGUARDA - CA' GRANDA - PRATO CENTENARO - Q.RE FULVIO TESTI", "LONG_X_4326": 9.1967248127717021, "LAT_Y_4326": 45.515067337430004, "Location": "(45.515067337430004, 9.196724812771702)" }, "geometry": { "type": "Point", "coordinates": [ 9.196724812771702, 45.515067337430004 ] } },
{ "type": "Feature", "properties": { "objectID": "3389", "CAP": "20122", "MUNICIPIO": "1", "ID_NIL": "4", "NIL": "GUASTALLA", "LONG_X_4326": 9.2058310904906193, "LAT_Y_4326": 45.459874279858816, "Location": "(45.459874279858816, 9.20583109049062)" }, "geometry": { "type": "Point", "coordinates": [ 9.205831090490619, 45.459874279858816 ] } },
{ "type": "Feature", "properties": { "objectID": "3367", "CAP": "20137", "MUNICIPIO": "4", "ID_NIL": "28", "NIL": "UMBRIA - MOLISE - CALVAIRATE", "LONG_X_4326": 9.2141424057941368, "LAT_Y_4326": 45.446439667854683, "Location": "(45.44643966785468, 9.214142405794137)" }, "geometry": { "type": "Point", "coordinates": [ 9.214142405794137, 45.446439667854683 ] } },
{ "type": "Feature", "properties": { "objectID": "13085", "CAP": "20137", "MUNICIPIO": "4", "ID_NIL": "28", "NIL": "UMBRIA - MOLISE - CALVAIRATE", "LONG_X_4326": 9.2165176468237444, "LAT_Y_4326": 45.450138545066565, "Location": "(45.450138545066565, 9.216517646823744)" }, "geometry": { "type": "Point", "coordinates": [ 9.216517646823744, 45.450138545066565 ] } },
{ "type": "Feature", "properties": { "objectID": "177", "CAP": "20129", "MUNICIPIO": "4", "ID_NIL": "26", "NIL": "XXII MARZO", "LONG_X_4326": 9.2166637411080625, "LAT_Y_4326": 45.462320669648754, "Location": "(45.462320669648754, 9.216663741108063)" }, "geometry": { "type": "Point", "coordinates": [ 9.216663741108063, 45.462320669648754 ] } },
{ "type": "Feature", "properties": { "objectID": "2166", "CAP": "20127", "MUNICIPIO": "2", "ID_NIL": "20", "NIL": "LORETO - CASORETTO - NOLO", "LONG_X_4326": 9.2161884108197896, "LAT_Y_4326": 45.493251485564535, "Location": "(45.493251485564535, 9.21618841081979)" }, "geometry": { "type": "Point", "coordinates": [ 9.21618841081979, 45.493251485564535 ] } },
{ "type": "Feature", "properties": { "objectID": "409", "CAP": "20139", "MUNICIPIO": "4", "ID_NIL": "35", "NIL": "LODI - CORVETTO", "LONG_X_4326": 9.2185631890591981, "LAT_Y_4326": 45.443851776780789, "Location": "(45.44385177678079, 9.218563189059198)" }, "geometry": { "type": "Point", "coordinates": [ 9.218563189059198, 45.443851776780789 ] } },
{ "type": "Feature", "properties": { "objectID": "3366", "CAP": "20137", "MUNICIPIO": "4", "ID_NIL": "28", "NIL": "UMBRIA - MOLISE - CALVAIRATE", "LONG_X_4326": 9.2240396851614719, "LAT_Y_4326": 45.451028012544391, "Location": "(45.45102801254439, 9.224039685161472)" }, "geometry": { "type": "Point", "coordinates": [ 9.224039685161472, 45.451028012544391 ] } },
{ "type": "Feature", "properties": { "objectID": "2961", "CAP": "20137", "MUNICIPIO": "4", "ID_NIL": "28", "NIL": "UMBRIA - MOLISE - CALVAIRATE", "LONG_X_4326": 9.2225524504234251, "LAT_Y_4326": 45.456874615531, "Location": "(45.456874615531, 9.222552450423425)" }, "geometry": { "type": "Point", "coordinates": [ 9.222552450423425, 45.456874615531 ] } },
{ "type": "Feature", "properties": { "objectID": "4203", "CAP": "20135", "MUNICIPIO": "4", "ID_NIL": "26", "NIL": "XXII MARZO", "LONG_X_4326": 9.2204795938029065, "LAT_Y_4326": 45.461777388043714, "Location": "(45.461777388043714, 9.220479593802906)" }, "geometry": { "type": "Point", "coordinates": [ 9.220479593802906, 45.461777388043714 ] } },
{ "type": "Feature", "properties": { "objectID": "2959", "CAP": "20133", "MUNICIPIO": "3", "ID_NIL": "22", "NIL": "CITTA' STUDI", "LONG_X_4326": 9.2243787227683178, "LAT_Y_4326": 45.477970787864578, "Location": "(45.47797078786458, 9.224378722768318)" }, "geometry": { "type": "Point", "coordinates": [ 9.224378722768318, 45.477970787864578 ] } },
{ "type": "Feature", "properties": { "objectID": "169", "CAP": "20137", "MUNICIPIO": "4", "ID_NIL": "29", "NIL": "ORTOMERCATO", "LONG_X_4326": 9.2289203473245127, "LAT_Y_4326": 45.45326275451832, "Location": "(45.45326275451832, 9.228920347324513)" }, "geometry": { "type": "Point", "coordinates": [ 9.228920347324513, 45.45326275451832 ] } },
{ "type": "Feature", "properties": { "objectID": "411", "CAP": "20133", "MUNICIPIO": "4", "ID_NIL": "25", "NIL": "CORSICA", "LONG_X_4326": 9.228201764687002, "LAT_Y_4326": 45.462359601329155, "Location": "(45.462359601329155, 9.228201764687002)" }, "geometry": { "type": "Point", "coordinates": [ 9.228201764687002, 45.462359601329155 ] } },
{ "type": "Feature", "properties": { "objectID": "360", "CAP": "20133", "MUNICIPIO": "3", "ID_NIL": "22", "NIL": "CITTA' STUDI", "LONG_X_4326": 9.2271728770202586, "LAT_Y_4326": 45.470210684010254, "Location": "(45.470210684010254, 9.227172877020259)" }, "geometry": { "type": "Point", "coordinates": [ 9.227172877020259, 45.470210684010254 ] } },
{ "type": "Feature", "properties": { "objectID": "5824", "CAP": "20133", "MUNICIPIO": "3", "ID_NIL": "22", "NIL": "CITTA' STUDI", "LONG_X_4326": 9.2260620502855577, "LAT_Y_4326": 45.477052217957521, "Location": "(45.47705221795752, 9.226062050285558)" }, "geometry": { "type": "Point", "coordinates": [ 9.226062050285558, 45.477052217957521 ] } },
{ "type": "Feature", "properties": { "objectID": "499", "CAP": "20127", "MUNICIPIO": "2", "ID_NIL": "19", "NIL": "PADOVA - TURRO - CRESCENZAGO", "LONG_X_4326": 9.2254895711583718, "LAT_Y_4326": 45.497451502507147, "Location": "(45.49745150250715, 9.225489571158372)" }, "geometry": { "type": "Point", "coordinates": [ 9.225489571158372, 45.497451502507147 ] } },
{ "type": "Feature", "properties": { "objectID": "503", "CAP": "20132", "MUNICIPIO": "3", "ID_NIL": "23", "NIL": "LAMBRATE - ORTICA", "LONG_X_4326": 9.2372186397139995, "LAT_Y_4326": 45.486048483673407, "Location": "(45.48604848367341, 9.237218639714)" }, "geometry": { "type": "Point", "coordinates": [ 9.237218639713999, 45.486048483673407 ] } },
{ "type": "Feature", "properties": { "objectID": "18709", "CAP": "20132", "MUNICIPIO": "3", "ID_NIL": "18", "NIL": "CIMIANO - ROTTOLE - Q.RE FELTRE", "LONG_X_4326": 9.2377136783044715, "LAT_Y_4326": 45.490949403093147, "Location": "(45.49094940309315, 9.237713678304472)" }, "geometry": { "type": "Point", "coordinates": [ 9.237713678304472, 45.490949403093147 ] } },
{ "type": "Feature", "properties": { "objectID": "497", "CAP": "20132", "MUNICIPIO": "3", "ID_NIL": "18", "NIL": "CIMIANO - ROTTOLE - Q.RE FELTRE", "LONG_X_4326": 9.2448651812655545, "LAT_Y_4326": 45.500026685769399, "Location": "(45.5000266857694, 9.244865181265554)" }, "geometry": { "type": "Point", "coordinates": [ 9.244865181265554, 45.500026685769399 ] } },
{ "type": "Feature", "properties": { "objectID": "291", "CAP": "20138", "MUNICIPIO": "4", "ID_NIL": "32", "NIL": "TRIULZO SUPERIORE", "LONG_X_4326": 9.2512863998992181, "LAT_Y_4326": 45.427400187465352, "Location": "(45.42740018746535, 9.251286399899218)" }, "geometry": { "type": "Point", "coordinates": [ 9.251286399899218, 45.427400187465352 ] } },
{ "type": "Feature", "properties": { "objectID": "346", "CAP": "20138", "MUNICIPIO": "4", "ID_NIL": "30", "NIL": "TALIEDO - MORSENCHIO - Q.RE FORLANINI", "LONG_X_4326": 9.2534212010611725, "LAT_Y_4326": 45.448610225375063, "Location": "(45.44861022537506, 9.253421201061172)" }, "geometry": { "type": "Point", "coordinates": [ 9.253421201061172, 45.448610225375063 ] } },
{ "type": "Feature", "properties": { "objectID": "350", "CAP": "20134", "MUNICIPIO": "4", "ID_NIL": "24", "NIL": "PARCO FORLANINI - CAVRIANO", "LONG_X_4326": 9.2617568675197379, "LAT_Y_4326": 45.465588240924326, "Location": "(45.465588240924326, 9.261756867519738)" }, "geometry": { "type": "Point", "coordinates": [ 9.261756867519738, 45.465588240924326 ] } },
{ "type": "Feature", "properties": { "objectID": "349", "CAP": "20134", "MUNICIPIO": "4", "ID_NIL": "24", "NIL": "PARCO FORLANINI - CAVRIANO", "LONG_X_4326": 9.2648832112394217, "LAT_Y_4326": 45.464721307112235, "Location": "(45.464721307112235, 9.264883211239422)" }, "geometry": { "type": "Point", "coordinates": [ 9.264883211239422, 45.464721307112235 ] } },
{ "type": "Feature", "properties": { "objectID": "7", "CAP": "20152", "MUNICIPIO": "7", "ID_NIL": "55", "NIL": "BAGGIO - Q.RE DEGLI OLMI - Q.RE VALSESIA", "LONG_X_4326": 9.0807586974436525, "LAT_Y_4326": 45.453017262375909, "Location": "(45.45301726237591, 9.080758697443652)" }, "geometry": { "type": "Point", "coordinates": [ 9.080758697443652, 45.453017262375909 ] } },
{ "type": "Feature", "properties": { "objectID": "3413", "CAP": "20153", "MUNICIPIO": "7", "ID_NIL": "55", "NIL": "BAGGIO - Q.RE DEGLI OLMI - Q.RE VALSESIA", "LONG_X_4326": 9.0796622376342153, "LAT_Y_4326": 45.465824449139376, "Location": "(45.465824449139376, 9.079662237634215)" }, "geometry": { "type": "Point", "coordinates": [ 9.079662237634215, 45.465824449139376 ] } },
{ "type": "Feature", "properties": { "objectID": "5868", "CAP": "20153", "MUNICIPIO": "7", "ID_NIL": "63", "NIL": "FIGINO", "LONG_X_4326": 9.0775801272766934, "LAT_Y_4326": 45.491524065942762, "Location": "(45.49152406594276, 9.077580127276693)" }, "geometry": { "type": "Point", "coordinates": [ 9.077580127276693, 45.491524065942762 ] } },
{ "type": "Feature", "properties": { "objectID": "63", "CAP": "20151", "MUNICIPIO": "8", "ID_NIL": "64", "NIL": "TRENNO", "LONG_X_4326": 9.0995388887720097, "LAT_Y_4326": 45.490628414824386, "Location": "(45.490628414824386, 9.09953888877201)" }, "geometry": { "type": "Point", "coordinates": [ 9.09953888877201, 45.490628414824386 ] } },
{ "type": "Feature", "properties": { "objectID": "5407", "CAP": "20152", "MUNICIPIO": "6", "ID_NIL": "53", "NIL": "LORENTEGGIO", "LONG_X_4326": 9.1040757633592726, "LAT_Y_4326": 45.45100463400172, "Location": "(45.45100463400172, 9.104075763359273)" }, "geometry": { "type": "Point", "coordinates": [ 9.104075763359273, 45.45100463400172 ] } },
{ "type": "Feature", "properties": { "objectID": "4241", "CAP": "20152", "MUNICIPIO": "7", "ID_NIL": "88", "NIL": "PARCO BOSCO IN CITTA'", "LONG_X_4326": 9.1022345253938735, "LAT_Y_4326": 45.463118250056013, "Location": "(45.46311825005601, 9.102234525393873)" }, "geometry": { "type": "Point", "coordinates": [ 9.102234525393873, 45.463118250056013 ] } },
{ "type": "Feature", "properties": { "objectID": "3414", "CAP": "20153", "MUNICIPIO": "7", "ID_NIL": "61", "NIL": "QUARTO CAGNINO", "LONG_X_4326": 9.106527423974967, "LAT_Y_4326": 45.471171431245189, "Location": "(45.47117143124519, 9.106527423974967)" }, "geometry": { "type": "Point", "coordinates": [ 9.106527423974967, 45.471171431245189 ] } },
{ "type": "Feature", "properties": { "objectID": "56", "CAP": "20151", "MUNICIPIO": "7", "ID_NIL": "88", "NIL": "PARCO BOSCO IN CITTA'", "LONG_X_4326": 9.1068263234304521, "LAT_Y_4326": 45.481284257044265, "Location": "(45.481284257044265, 9.106826323430452)" }, "geometry": { "type": "Point", "coordinates": [ 9.106826323430452, 45.481284257044265 ] } },
{ "type": "Feature", "properties": { "objectID": "62", "CAP": "20151", "MUNICIPIO": "7", "ID_NIL": "88", "NIL": "PARCO BOSCO IN CITTA'", "LONG_X_4326": 9.1034980367151803, "LAT_Y_4326": 45.487623269063967, "Location": "(45.48762326906397, 9.10349803671518)" }, "geometry": { "type": "Point", "coordinates": [ 9.10349803671518, 45.487623269063967 ] } },
{ "type": "Feature", "properties": { "objectID": "3422", "CAP": "20151", "MUNICIPIO": "8", "ID_NIL": "65", "NIL": "Q.RE GALLARATESE - Q.RE SAN LEONARDO - LAMPUGNANO", "LONG_X_4326": 9.1056801920851758, "LAT_Y_4326": 45.499218684130696, "Location": "(45.499218684130696, 9.105680192085176)" }, "geometry": { "type": "Point", "coordinates": [ 9.105680192085176, 45.499218684130696 ] } },
{ "type": "Feature", "properties": { "objectID": "5845", "CAP": "20152", "MUNICIPIO": "7", "ID_NIL": "56", "NIL": "FORZE ARMATE", "LONG_X_4326": 9.1105288323058105, "LAT_Y_4326": 45.456589030016154, "Location": "(45.456589030016154, 9.11052883230581)" }, "geometry": { "type": "Point", "coordinates": [ 9.11052883230581, 45.456589030016154 ] } },
{ "type": "Feature", "properties": { "objectID": "57", "CAP": "20151", "MUNICIPIO": "7", "ID_NIL": "88", "NIL": "PARCO BOSCO IN CITTA'", "LONG_X_4326": 9.10717081331941, "LAT_Y_4326": 45.482679914086688, "Location": "(45.48267991408669, 9.10717081331941)" }, "geometry": { "type": "Point", "coordinates": [ 9.10717081331941, 45.482679914086688 ] } },
{ "type": "Feature", "properties": { "objectID": "4220", "CAP": "20151", "MUNICIPIO": "8", "ID_NIL": "65", "NIL": "Q.RE GALLARATESE - Q.RE SAN LEONARDO - LAMPUGNANO", "LONG_X_4326": 9.1072546327219275, "LAT_Y_4326": 45.495255772092953, "Location": "(45.49525577209295, 9.107254632721927)" }, "geometry": { "type": "Point", "coordinates": [ 9.107254632721927, 45.495255772092953 ] } },
{ "type": "Feature", "properties": { "objectID": "4177", "CAP": "20153", "MUNICIPIO": "7", "ID_NIL": "60", "NIL": "STADIO - IPPODROMI", "LONG_X_4326": 9.1184825728904215, "LAT_Y_4326": 45.475740896845565, "Location": "(45.475740896845565, 9.118482572890422)" }, "geometry": { "type": "Point", "coordinates": [ 9.118482572890422, 45.475740896845565 ] } },
{ "type": "Feature", "properties": { "objectID": "64", "CAP": "20151", "MUNICIPIO": "8", "ID_NIL": "65", "NIL": "Q.RE GALLARATESE - Q.RE SAN LEONARDO - LAMPUGNANO", "LONG_X_4326": 9.1150783686905665, "LAT_Y_4326": 45.490892881908046, "Location": "(45.490892881908046, 9.115078368690567)" }, "geometry": { "type": "Point", "coordinates": [ 9.115078368690567, 45.490892881908046 ] } },
{ "type": "Feature", "properties": { "objectID": "3764", "CAP": "20147", "MUNICIPIO": "6", "ID_NIL": "53", "NIL": "LORENTEGGIO", "LONG_X_4326": 9.1326768953253374, "LAT_Y_4326": 45.453251382143719, "Location": "(45.45325138214372, 9.132676895325337)" }, "geometry": { "type": "Point", "coordinates": [ 9.132676895325337, 45.453251382143719 ] } },
{ "type": "Feature", "properties": { "objectID": "332", "CAP": "20157", "MUNICIPIO": "8", "ID_NIL": "76", "NIL": "QUARTO OGGIARO - VIALBA - MUSOCCO", "LONG_X_4326": 9.1322028817740186, "LAT_Y_4326": 45.510265371597001, "Location": "(45.510265371597, 9.132202881774019)" }, "geometry": { "type": "Point", "coordinates": [ 9.132202881774019, 45.510265371597001 ] } },
{ "type": "Feature", "properties": { "objectID": "43", "CAP": "20148", "MUNICIPIO": "7", "ID_NIL": "60", "NIL": "STADIO - IPPODROMI", "LONG_X_4326": 9.1332837492847254, "LAT_Y_4326": 45.475414826649924, "Location": "(45.475414826649924, 9.133283749284725)" }, "geometry": { "type": "Point", "coordinates": [ 9.133283749284725, 45.475414826649924 ] } },
{ "type": "Feature", "properties": { "objectID": "302", "CAP": "20148", "MUNICIPIO": "8", "ID_NIL": "66", "NIL": "QT 8", "LONG_X_4326": 9.1378073165784421, "LAT_Y_4326": 45.488329481807916, "Location": "(45.48832948180792, 9.137807316578442)" }, "geometry": { "type": "Point", "coordinates": [ 9.137807316578442, 45.488329481807916 ] } },
{ "type": "Feature", "properties": { "objectID": "31116", "CAP": "20157", "MUNICIPIO": "8", "ID_NIL": "76", "NIL": "QUARTO OGGIARO - VIALBA - MUSOCCO", "LONG_X_4326": 9.1378824743170561, "LAT_Y_4326": 45.511644030005094, "Location": "(45.511644030005094, 9.137882474317056)" }, "geometry": { "type": "Point", "coordinates": [ 9.137882474317056, 45.511644030005094 ] } },
{ "type": "Feature", "properties": { "objectID": "3427", "CAP": "20157", "MUNICIPIO": "8", "ID_NIL": "76", "NIL": "QUARTO OGGIARO - VIALBA - MUSOCCO", "LONG_X_4326": 9.1356379358533317, "LAT_Y_4326": 45.516459939951147, "Location": "(45.51645993995115, 9.135637935853332)" }, "geometry": { "type": "Point", "coordinates": [ 9.135637935853332, 45.516459939951147 ] } },
{ "type": "Feature", "properties": { "objectID": "27", "CAP": "20142", "MUNICIPIO": "6", "ID_NIL": "48", "NIL": "RONCHETTO SUL NAVIGLIO - Q.RE LODOVICO IL MORO", "LONG_X_4326": 9.1414570475435486, "LAT_Y_4326": 45.436301624548015, "Location": "(45.436301624548015, 9.141457047543549)" }, "geometry": { "type": "Point", "coordinates": [ 9.141457047543549, 45.436301624548015 ] } },
{ "type": "Feature", "properties": { "objectID": "114", "CAP": "20143", "MUNICIPIO": "6", "ID_NIL": "48", "NIL": "RONCHETTO SUL NAVIGLIO - Q.RE LODOVICO IL MORO", "LONG_X_4326": 9.1396891262573146, "LAT_Y_4326": 45.444062989906286, "Location": "(45.444062989906286, 9.139689126257315)" }, "geometry": { "type": "Point", "coordinates": [ 9.139689126257315, 45.444062989906286 ] } },
{ "type": "Feature", "properties": { "objectID": "41605", "CAP": "20146", "MUNICIPIO": "6", "ID_NIL": "49", "NIL": "GIAMBELLINO", "LONG_X_4326": 9.1418991023132232, "LAT_Y_4326": 45.451658203199351, "Location": "(45.45165820319935, 9.141899102313223)" }, "geometry": { "type": "Point", "coordinates": [ 9.141899102313223, 45.451658203199351 ] } },
{ "type": "Feature", "properties": { "objectID": "3401", "CAP": "20157", "MUNICIPIO": "8", "ID_NIL": "76", "NIL": "QUARTO OGGIARO - VIALBA - MUSOCCO", "LONG_X_4326": 9.1455520117584346, "LAT_Y_4326": 45.507430333750456, "Location": "(45.507430333750456, 9.145552011758435)" }, "geometry": { "type": "Point", "coordinates": [ 9.145552011758435, 45.507430333750456 ] } },
{ "type": "Feature", "properties": { "objectID": "424", "CAP": "20157", "MUNICIPIO": "8", "ID_NIL": "76", "NIL": "QUARTO OGGIARO - VIALBA - MUSOCCO", "LONG_X_4326": 9.1448006855462047, "LAT_Y_4326": 45.515390109741148, "Location": "(45.51539010974115, 9.144800685546205)" }, "geometry": { "type": "Point", "coordinates": [ 9.144800685546205, 45.515390109741148 ] } },
{ "type": "Feature", "properties": { "objectID": "10286", "CAP": "20143", "MUNICIPIO": "6", "ID_NIL": "48", "NIL": "RONCHETTO SUL NAVIGLIO - Q.RE LODOVICO IL MORO", "LONG_X_4326": 9.1480009212784914, "LAT_Y_4326": 45.440737376778081, "Location": "(45.44073737677808, 9.148000921278491)" }, "geometry": { "type": "Point", "coordinates": [ 9.148000921278491, 45.440737376778081 ] } },
{ "type": "Feature", "properties": { "objectID": "443", "CAP": "20149", "MUNICIPIO": "7", "ID_NIL": "58", "NIL": "DE ANGELI - MONTE ROSA", "LONG_X_4326": 9.1488618213418249, "LAT_Y_4326": 45.472892880482469, "Location": "(45.47289288048247, 9.148861821341825)" }, "geometry": { "type": "Point", "coordinates": [ 9.148861821341825, 45.472892880482469 ] } },
{ "type": "Feature", "properties": { "objectID": "4185", "CAP": "20157", "MUNICIPIO": "9", "ID_NIL": "81", "NIL": "BOVISASCA", "LONG_X_4326": 9.1524695277696697, "LAT_Y_4326": 45.514483382693129, "Location": "(45.51448338269313, 9.15246952776967)" }, "geometry": { "type": "Point", "coordinates": [ 9.15246952776967, 45.514483382693129 ] } },
{ "type": "Feature", "properties": { "objectID": "425", "CAP": "20161", "MUNICIPIO": "9", "ID_NIL": "81", "NIL": "BOVISASCA", "LONG_X_4326": 9.1527055644289455, "LAT_Y_4326": 45.519944548080161, "Location": "(45.51994454808016, 9.152705564428945)" }, "geometry": { "type": "Point", "coordinates": [ 9.152705564428945, 45.519944548080161 ] } },
{ "type": "Feature", "properties": { "objectID": "3397", "CAP": "20142", "MUNICIPIO": "6", "ID_NIL": "46", "NIL": "BARONA", "LONG_X_4326": 9.1548043020712253, "LAT_Y_4326": 45.43512980898322, "Location": "(45.43512980898322, 9.154804302071225)" }, "geometry": { "type": "Point", "coordinates": [ 9.154804302071225, 45.43512980898322 ] } },
{ "type": "Feature", "properties": { "objectID": "512", "CAP": "20146", "MUNICIPIO": "6", "ID_NIL": "51", "NIL": "PORTA MAGENTA", "LONG_X_4326": 9.1551072360571322, "LAT_Y_4326": 45.456323255944568, "Location": "(45.45632325594457, 9.155107236057132)" }, "geometry": { "type": "Point", "coordinates": [ 9.155107236057132, 45.456323255944568 ] } },
{ "type": "Feature", "properties": { "objectID": "3436", "CAP": "20144", "MUNICIPIO": "7", "ID_NIL": "51", "NIL": "PORTA MAGENTA", "LONG_X_4326": 9.1576112526814413, "LAT_Y_4326": 45.462015534409261, "Location": "(45.46201553440926, 9.157611252681441)" }, "geometry": { "type": "Point", "coordinates": [ 9.157611252681441, 45.462015534409261 ] } },
{ "type": "Feature", "properties": { "objectID": "428", "CAP": "20149", "MUNICIPIO": "8", "ID_NIL": "67", "NIL": "PORTELLO", "LONG_X_4326": 9.1567864496355273, "LAT_Y_4326": 45.48726254151974, "Location": "(45.48726254151974, 9.156786449635527)" }, "geometry": { "type": "Point", "coordinates": [ 9.156786449635527, 45.48726254151974 ] } },
{ "type": "Feature", "properties": { "objectID": "29119", "CAP": "20143", "MUNICIPIO": "6", "ID_NIL": "45", "NIL": "MONCUCCO - SAN CRISTOFORO", "LONG_X_4326": 9.163645619945175, "LAT_Y_4326": 45.440788236973624, "Location": "(45.440788236973624, 9.163645619945175)" }, "geometry": { "type": "Point", "coordinates": [ 9.163645619945175, 45.440788236973624 ] } },
{ "type": "Feature", "properties": { "objectID": "22312", "CAP": "20144", "MUNICIPIO": "7", "ID_NIL": "51", "NIL": "PORTA MAGENTA", "LONG_X_4326": 9.160032499203183, "LAT_Y_4326": 45.459459168882731, "Location": "(45.45945916888273, 9.160032499203183)" }, "geometry": { "type": "Point", "coordinates": [ 9.160032499203183, 45.459459168882731 ] } },
{ "type": "Feature", "properties": { "objectID": "388", "CAP": "20123", "MUNICIPIO": "1", "ID_NIL": "7", "NIL": "MAGENTA - S. VITTORE", "LONG_X_4326": 9.1651112847989751, "LAT_Y_4326": 45.466282636700143, "Location": "(45.46628263670014, 9.165111284798975)" }, "geometry": { "type": "Point", "coordinates": [ 9.165111284798975, 45.466282636700143 ] } },
{ "type": "Feature", "properties": { "objectID": "3405", "CAP": "20155", "MUNICIPIO": "8", "ID_NIL": "70", "NIL": "GHISOLFA", "LONG_X_4326": 9.1621724591263067, "LAT_Y_4326": 45.490240691091209, "Location": "(45.49024069109121, 9.162172459126307)" }, "geometry": { "type": "Point", "coordinates": [ 9.162172459126307, 45.490240691091209 ] } },
{ "type": "Feature", "properties": { "objectID": "147", "CAP": "20158", "MUNICIPIO": "9", "ID_NIL": "77", "NIL": "BOVISA", "LONG_X_4326": 9.1649171648029597, "LAT_Y_4326": 45.502385195619901, "Location": "(45.5023851956199, 9.16491716480296)" }, "geometry": { "type": "Point", "coordinates": [ 9.16491716480296, 45.502385195619901 ] } },
{ "type": "Feature", "properties": { "objectID": "945", "CAP": "20142", "MUNICIPIO": "5", "ID_NIL": "42", "NIL": "STADERA - CHIESA ROSSA - Q.RE TORRETTA - CONCA FALLATA", "LONG_X_4326": 9.1684941451006328, "LAT_Y_4326": 45.424985985637072, "Location": "(45.42498598563707, 9.168494145100633)" }, "geometry": { "type": "Point", "coordinates": [ 9.168494145100633, 45.424985985637072 ] } },
{ "type": "Feature", "properties": { "objectID": "946", "CAP": "20142", "MUNICIPIO": "5", "ID_NIL": "42", "NIL": "STADERA - CHIESA ROSSA - Q.RE TORRETTA - CONCA FALLATA", "LONG_X_4326": 9.1663890028902468, "LAT_Y_4326": 45.425639861776766, "Location": "(45.425639861776766, 9.166389002890247)" }, "geometry": { "type": "Point", "coordinates": [ 9.166389002890247, 45.425639861776766 ] } },
{ "type": "Feature", "properties": { "objectID": "5821", "CAP": "20143", "MUNICIPIO": "6", "ID_NIL": "44", "NIL": "PORTA TICINESE - CONCHETTA", "LONG_X_4326": 9.1714409716540626, "LAT_Y_4326": 45.449143724402596, "Location": "(45.449143724402596, 9.171440971654063)" }, "geometry": { "type": "Point", "coordinates": [ 9.171440971654063, 45.449143724402596 ] } },
{ "type": "Feature", "properties": { "objectID": "395", "CAP": "20144", "MUNICIPIO": "6", "ID_NIL": "50", "NIL": "PORTA GENOVA", "LONG_X_4326": 9.1672258827012669, "LAT_Y_4326": 45.458322424435316, "Location": "(45.458322424435316, 9.167225882701267)" }, "geometry": { "type": "Point", "coordinates": [ 9.167225882701267, 45.458322424435316 ] } },
{ "type": "Feature", "properties": { "objectID": "439", "CAP": "20145", "MUNICIPIO": "1", "ID_NIL": "68", "NIL": "PAGANO", "LONG_X_4326": 9.1695690464364699, "LAT_Y_4326": 45.475633852395873, "Location": "(45.47563385239587, 9.16956904643647)" }, "geometry": { "type": "Point", "coordinates": [ 9.16956904643647, 45.475633852395873 ] } },
{ "type": "Feature", "properties": { "objectID": "430", "CAP": "20154", "MUNICIPIO": "8", "ID_NIL": "69", "NIL": "SARPI", "LONG_X_4326": 9.1668404512582153, "LAT_Y_4326": 45.487398144965958, "Location": "(45.48739814496596, 9.166840451258215)" }, "geometry": { "type": "Point", "coordinates": [ 9.166840451258215, 45.487398144965958 ] } },
{ "type": "Feature", "properties": { "objectID": "431", "CAP": "20154", "MUNICIPIO": "8", "ID_NIL": "70", "NIL": "GHISOLFA", "LONG_X_4326": 9.1705379745232136, "LAT_Y_4326": 45.48938149000255, "Location": "(45.48938149000255, 9.170537974523214)" }, "geometry": { "type": "Point", "coordinates": [ 9.170537974523214, 45.48938149000255 ] } },
{ "type": "Feature", "properties": { "objectID": "4175", "CAP": "20158", "MUNICIPIO": "9", "ID_NIL": "79", "NIL": "DERGANO", "LONG_X_4326": 9.1716111423137203, "LAT_Y_4326": 45.506128544520962, "Location": "(45.50612854452096, 9.17161114231372)" }, "geometry": { "type": "Point", "coordinates": [ 9.17161114231372, 45.506128544520962 ] } },
{ "type": "Feature", "properties": { "objectID": "131", "CAP": "20161", "MUNICIPIO": "9", "ID_NIL": "80", "NIL": "AFFORI", "LONG_X_4326": 9.1661627738438565, "LAT_Y_4326": 45.515762703983839, "Location": "(45.51576270398384, 9.166162773843856)" }, "geometry": { "type": "Point", "coordinates": [ 9.166162773843856, 45.515762703983839 ] } },
{ "type": "Feature", "properties": { "objectID": "5839", "CAP": "20142", "MUNICIPIO": "5", "ID_NIL": "41", "NIL": "GRATOSOGLIO - Q.RE MISSAGLIA - Q.RE TERRAZZE", "LONG_X_4326": 9.1725990738813064, "LAT_Y_4326": 45.407712165334665, "Location": "(45.407712165334665, 9.172599073881306)" }, "geometry": { "type": "Point", "coordinates": [ 9.172599073881306, 45.407712165334665 ] } },
{ "type": "Feature", "properties": { "objectID": "14698", "CAP": "20121", "MUNICIPIO": "1", "ID_NIL": "8", "NIL": "PARCO SEMPIONE", "LONG_X_4326": 9.1755652757849067, "LAT_Y_4326": 45.471364039973366, "Location": "(45.471364039973366, 9.175565275784907)" }, "geometry": { "type": "Point", "coordinates": [ 9.175565275784907, 45.471364039973366 ] } },
{ "type": "Feature", "properties": { "objectID": "15499", "CAP": "20158", "MUNICIPIO": "9", "ID_NIL": "78", "NIL": "FARINI", "LONG_X_4326": 9.1735599637618073, "LAT_Y_4326": 45.494805710793351, "Location": "(45.49480571079335, 9.173559963761807)" }, "geometry": { "type": "Point", "coordinates": [ 9.173559963761807, 45.494805710793351 ] } },
{ "type": "Feature", "properties": { "objectID": "141", "CAP": "20158", "MUNICIPIO": "9", "ID_NIL": "79", "NIL": "DERGANO", "LONG_X_4326": 9.1767764246586569, "LAT_Y_4326": 45.498332827016, "Location": "(45.498332827016, 9.176776424658657)" }, "geometry": { "type": "Point", "coordinates": [ 9.176776424658657, 45.498332827016 ] } },
{ "type": "Feature", "properties": { "objectID": "111", "CAP": "20158", "MUNICIPIO": "9", "ID_NIL": "79", "NIL": "DERGANO", "LONG_X_4326": 9.1773498161096292, "LAT_Y_4326": 45.502615291878264, "Location": "(45.502615291878264, 9.17734981610963)" }, "geometry": { "type": "Point", "coordinates": [ 9.177349816109629, 45.502615291878264 ] } },
{ "type": "Feature", "properties": { "objectID": "143", "CAP": "20158", "MUNICIPIO": "9", "ID_NIL": "79", "NIL": "DERGANO", "LONG_X_4326": 9.1786684760498041, "LAT_Y_4326": 45.498869257496438, "Location": "(45.49886925749644, 9.178668476049804)" }, "geometry": { "type": "Point", "coordinates": [ 9.178668476049804, 45.498869257496438 ] } },
{ "type": "Feature", "properties": { "objectID": "398", "CAP": "20123", "MUNICIPIO": "5", "ID_NIL": "6", "NIL": "PORTA TICINESE - CONCA DEL NAVIGLIO", "LONG_X_4326": 9.179258845241101, "LAT_Y_4326": 45.452129361867769, "Location": "(45.45212936186777, 9.179258845241101)" }, "geometry": { "type": "Point", "coordinates": [ 9.179258845241101, 45.452129361867769 ] } },
{ "type": "Feature", "properties": { "objectID": "137", "CAP": "20136", "MUNICIPIO": "5", "ID_NIL": "6", "NIL": "PORTA TICINESE - CONCA DEL NAVIGLIO", "LONG_X_4326": 9.1828208412873735, "LAT_Y_4326": 45.44913578672395, "Location": "(45.44913578672395, 9.182820841287374)" }, "geometry": { "type": "Point", "coordinates": [ 9.182820841287374, 45.44913578672395 ] } },
{ "type": "Feature", "properties": { "objectID": "151", "CAP": "20121", "MUNICIPIO": "1", "ID_NIL": "2", "NIL": "BRERA", "LONG_X_4326": 9.1830056875378858, "LAT_Y_4326": 45.471409599873049, "Location": "(45.47140959987305, 9.183005687537886)" }, "geometry": { "type": "Point", "coordinates": [ 9.183005687537886, 45.471409599873049 ] } },
{ "type": "Feature", "properties": { "objectID": "472", "CAP": "20154", "MUNICIPIO": "8", "ID_NIL": "69", "NIL": "SARPI", "LONG_X_4326": 9.1796096333519124, "LAT_Y_4326": 45.484545427698848, "Location": "(45.48454542769885, 9.179609633351912)" }, "geometry": { "type": "Point", "coordinates": [ 9.179609633351912, 45.484545427698848 ] } },
{ "type": "Feature", "properties": { "objectID": "317", "CAP": "20161", "MUNICIPIO": "9", "ID_NIL": "80", "NIL": "AFFORI", "LONG_X_4326": 9.1808065980861837, "LAT_Y_4326": 45.506927855409323, "Location": "(45.50692785540932, 9.180806598086184)" }, "geometry": { "type": "Point", "coordinates": [ 9.180806598086184, 45.506927855409323 ] } },
{ "type": "Feature", "properties": { "objectID": "3380", "CAP": "20141", "MUNICIPIO": "5", "ID_NIL": "43", "NIL": "TIBALDI", "LONG_X_4326": 9.1872801225729912, "LAT_Y_4326": 45.437802056417546, "Location": "(45.437802056417546, 9.187280122572991)" }, "geometry": { "type": "Point", "coordinates": [ 9.187280122572991, 45.437802056417546 ] } },
{ "type": "Feature", "properties": { "objectID": "283", "CAP": "20141", "MUNICIPIO": "5", "ID_NIL": "37", "NIL": "MORIVIONE", "LONG_X_4326": 9.1879728007533981, "LAT_Y_4326": 45.439875362937514, "Location": "(45.439875362937514, 9.187972800753398)" }, "geometry": { "type": "Point", "coordinates": [ 9.187972800753398, 45.439875362937514 ] } },
{ "type": "Feature", "properties": { "objectID": "285", "CAP": "20136", "MUNICIPIO": "5", "ID_NIL": "5", "NIL": "PORTA VIGENTINA - PORTA LODOVICA", "LONG_X_4326": 9.1908686395290058, "LAT_Y_4326": 45.446468924569764, "Location": "(45.446468924569764, 9.190868639529006)" }, "geometry": { "type": "Point", "coordinates": [ 9.190868639529006, 45.446468924569764 ] } },
{ "type": "Feature", "properties": { "objectID": "149", "CAP": "20124", "MUNICIPIO": "1", "ID_NIL": "2", "NIL": "BRERA", "LONG_X_4326": 9.1902717381363619, "LAT_Y_4326": 45.480343223985734, "Location": "(45.480343223985734, 9.190271738136362)" }, "geometry": { "type": "Point", "coordinates": [ 9.190271738136362, 45.480343223985734 ] } },
{ "type": "Feature", "properties": { "objectID": "2175", "CAP": "20124", "MUNICIPIO": "9", "ID_NIL": "11", "NIL": "ISOLA", "LONG_X_4326": 9.1909337204371955, "LAT_Y_4326": 45.489140323481735, "Location": "(45.489140323481735, 9.190933720437195)" }, "geometry": { "type": "Point", "coordinates": [ 9.190933720437195, 45.489140323481735 ] } },
{ "type": "Feature", "properties": { "objectID": "3443", "CAP": "20141", "MUNICIPIO": "5", "ID_NIL": "38", "NIL": "VIGENTINO - Q.RE FATIMA", "LONG_X_4326": 9.1961828006397113, "LAT_Y_4326": 45.42975496830806, "Location": "(45.42975496830806, 9.196182800639711)" }, "geometry": { "type": "Point", "coordinates": [ 9.196182800639711, 45.42975496830806 ] } },
{ "type": "Feature", "properties": { "objectID": "289", "CAP": "20136", "MUNICIPIO": "5", "ID_NIL": "5", "NIL": "PORTA VIGENTINA - PORTA LODOVICA", "LONG_X_4326": 9.19206744809801, "LAT_Y_4326": 45.447852531448845, "Location": "(45.447852531448845, 9.19206744809801)" }, "geometry": { "type": "Point", "coordinates": [ 9.19206744809801, 45.447852531448845 ] } },
{ "type": "Feature", "properties": { "objectID": "33", "CAP": "20135", "MUNICIPIO": "5", "ID_NIL": "27", "NIL": "PTA ROMANA", "LONG_X_4326": 9.1978874920320113, "LAT_Y_4326": 45.448528483046736, "Location": "(45.448528483046736, 9.197887492032011)" }, "geometry": { "type": "Point", "coordinates": [ 9.197887492032011, 45.448528483046736 ] } },
{ "type": "Feature", "properties": { "objectID": "14297", "CAP": "20122", "MUNICIPIO": "1", "ID_NIL": "5", "NIL": "PORTA VIGENTINA - PORTA LODOVICA", "LONG_X_4326": 9.1973965617847284, "LAT_Y_4326": 45.454283334070354, "Location": "(45.454283334070354, 9.197396561784728)" }, "geometry": { "type": "Point", "coordinates": [ 9.197396561784728, 45.454283334070354 ] } },
{ "type": "Feature", "properties": { "objectID": "139", "CAP": "20159", "MUNICIPIO": "9", "ID_NIL": "12", "NIL": "MACIACHINI - MAGGIOLINA", "LONG_X_4326": 9.1961498293759849, "LAT_Y_4326": 45.501225016439555, "Location": "(45.501225016439555, 9.196149829375985)" }, "geometry": { "type": "Point", "coordinates": [ 9.196149829375985, 45.501225016439555 ] } },
{ "type": "Feature", "properties": { "objectID": "18307", "CAP": "20162", "MUNICIPIO": "9", "ID_NIL": "14", "NIL": "NIGUARDA - CA' GRANDA - PRATO CENTENARO - Q.RE FULVIO TESTI", "LONG_X_4326": 9.1974267806854062, "LAT_Y_4326": 45.514662121027996, "Location": "(45.514662121027996, 9.197426780685406)" }, "geometry": { "type": "Point", "coordinates": [ 9.197426780685406, 45.514662121027996 ] } },
{ "type": "Feature", "properties": { "objectID": "133", "CAP": "20141", "MUNICIPIO": "5", "ID_NIL": "37", "NIL": "MORIVIONE", "LONG_X_4326": 9.1984226300735692, "LAT_Y_4326": 45.437320357029783, "Location": "(45.43732035702978, 9.19842263007357)" }, "geometry": { "type": "Point", "coordinates": [ 9.198422630073569, 45.437320357029783 ] } },
{ "type": "Feature", "properties": { "objectID": "4196", "CAP": "20139", "MUNICIPIO": "5", "ID_NIL": "36", "NIL": "SCALO ROMANA", "LONG_X_4326": 9.2027977759335329, "LAT_Y_4326": 45.443137927561452, "Location": "(45.44313792756145, 9.202797775933533)" }, "geometry": { "type": "Point", "coordinates": [ 9.202797775933533, 45.443137927561452 ] } },
{ "type": "Feature", "properties": { "objectID": "14298", "CAP": "20121", "MUNICIPIO": "1", "ID_NIL": "3", "NIL": "GIARDINI P.TA VENEZIA", "LONG_X_4326": 9.2011268501931092, "LAT_Y_4326": 45.473466220800596, "Location": "(45.473466220800596, 9.20112685019311)" }, "geometry": { "type": "Point", "coordinates": [ 9.201126850193109, 45.473466220800596 ] } },
{ "type": "Feature", "properties": { "objectID": "359", "CAP": "20125", "MUNICIPIO": "2", "ID_NIL": "10", "NIL": "STAZIONE CENTRALE - PONTE SEVESO", "LONG_X_4326": 9.2026003265795513, "LAT_Y_4326": 45.485166359804126, "Location": "(45.485166359804126, 9.202600326579551)" }, "geometry": { "type": "Point", "coordinates": [ 9.202600326579551, 45.485166359804126 ] } },
{ "type": "Feature", "properties": { "objectID": "3768", "CAP": "20124", "MUNICIPIO": "2", "ID_NIL": "12", "NIL": "MACIACHINI - MAGGIOLINA", "LONG_X_4326": 9.1988401624570564, "LAT_Y_4326": 45.491626199416189, "Location": "(45.49162619941619, 9.198840162457056)" }, "geometry": { "type": "Point", "coordinates": [ 9.198840162457056, 45.491626199416189 ] } },
{ "type": "Feature", "properties": { "objectID": "4250", "CAP": "20162", "MUNICIPIO": "9", "ID_NIL": "14", "NIL": "NIGUARDA - CA' GRANDA - PRATO CENTENARO - Q.RE FULVIO TESTI", "LONG_X_4326": 9.1997174511324609, "LAT_Y_4326": 45.505612368788555, "Location": "(45.505612368788555, 9.19971745113246)" }, "geometry": { "type": "Point", "coordinates": [ 9.199717451132461, 45.505612368788555 ] } },
{ "type": "Feature", "properties": { "objectID": "524", "CAP": "20141", "MUNICIPIO": "5", "ID_NIL": "38", "NIL": "VIGENTINO - Q.RE FATIMA", "LONG_X_4326": 9.2053818552510673, "LAT_Y_4326": 45.427867295955679, "Location": "(45.42786729595568, 9.205381855251067)" }, "geometry": { "type": "Point", "coordinates": [ 9.205381855251067, 45.427867295955679 ] } },
{ "type": "Feature", "properties": { "objectID": "123", "CAP": "20141", "MUNICIPIO": "5", "ID_NIL": "38", "NIL": "VIGENTINO - Q.RE FATIMA", "LONG_X_4326": 9.2089989315419984, "LAT_Y_4326": 45.427556393829931, "Location": "(45.42755639382993, 9.208998931541998)" }, "geometry": { "type": "Point", "coordinates": [ 9.208998931541998, 45.427556393829931 ] } },
{ "type": "Feature", "properties": { "objectID": "4243", "CAP": "20129", "MUNICIPIO": "3", "ID_NIL": "21", "NIL": "BUENOS AIRES - PORTA VENEZIA - PORTA MONFORTE", "LONG_X_4326": 9.2110958246408412, "LAT_Y_4326": 45.468320485870827, "Location": "(45.46832048587083, 9.211095824640841)" }, "geometry": { "type": "Point", "coordinates": [ 9.211095824640841, 45.468320485870827 ] } },
{ "type": "Feature", "properties": { "objectID": "2958", "CAP": "20124", "MUNICIPIO": "2", "ID_NIL": "10", "NIL": "STAZIONE CENTRALE - PONTE SEVESO", "LONG_X_4326": 9.2108606134592783, "LAT_Y_4326": 45.486962170485626, "Location": "(45.486962170485626, 9.210860613459278)" }, "geometry": { "type": "Point", "coordinates": [ 9.210860613459278, 45.486962170485626 ] } },
{ "type": "Feature", "properties": { "objectID": "28316", "CAP": "20125", "MUNICIPIO": "2", "ID_NIL": "10", "NIL": "STAZIONE CENTRALE - PONTE SEVESO", "LONG_X_4326": 9.2066911969409944, "LAT_Y_4326": 45.490071878090284, "Location": "(45.49007187809028, 9.206691196940994)" }, "geometry": { "type": "Point", "coordinates": [ 9.206691196940994, 45.490071878090284 ] } },
{ "type": "Feature", "properties": { "objectID": "4235", "CAP": "20135", "MUNICIPIO": "4", "ID_NIL": "26", "NIL": "XXII MARZO", "LONG_X_4326": 9.2164628823938415, "LAT_Y_4326": 45.459456917085646, "Location": "(45.459456917085646, 9.216462882393841)" }, "geometry": { "type": "Point", "coordinates": [ 9.216462882393841, 45.459456917085646 ] } },
{ "type": "Feature", "properties": { "objectID": "2960", "CAP": "20139", "MUNICIPIO": "4", "ID_NIL": "35", "NIL": "LODI - CORVETTO", "LONG_X_4326": 9.221964123722147, "LAT_Y_4326": 45.443090457406555, "Location": "(45.443090457406555, 9.221964123722147)" }, "geometry": { "type": "Point", "coordinates": [ 9.221964123722147, 45.443090457406555 ] } },
{ "type": "Feature", "properties": { "objectID": "3441", "CAP": "20137", "MUNICIPIO": "4", "ID_NIL": "28", "NIL": "UMBRIA - MOLISE - CALVAIRATE", "LONG_X_4326": 9.2201008756040146, "LAT_Y_4326": 45.457170664281236, "Location": "(45.457170664281236, 9.220100875604015)" }, "geometry": { "type": "Point", "coordinates": [ 9.220100875604015, 45.457170664281236 ] } },
{ "type": "Feature", "properties": { "objectID": "41920", "CAP": "20135", "MUNICIPIO": "4", "ID_NIL": "28", "NIL": "UMBRIA - MOLISE - CALVAIRATE", "LONG_X_4326": 9.2215004651053025, "LAT_Y_4326": 45.45882352123175, "Location": "(45.45882352123175, 9.221500465105303)" }, "geometry": { "type": "Point", "coordinates": [ 9.221500465105303, 45.45882352123175 ] } },
{ "type": "Feature", "properties": { "objectID": "178", "CAP": "20129", "MUNICIPIO": "4", "ID_NIL": "26", "NIL": "XXII MARZO", "LONG_X_4326": 9.2207451307397488, "LAT_Y_4326": 45.462947340624154, "Location": "(45.462947340624154, 9.220745130739749)" }, "geometry": { "type": "Point", "coordinates": [ 9.220745130739749, 45.462947340624154 ] } },
{ "type": "Feature", "properties": { "objectID": "413", "CAP": "20129", "MUNICIPIO": "3", "ID_NIL": "21", "NIL": "BUENOS AIRES - PORTA VENEZIA - PORTA MONFORTE", "LONG_X_4326": 9.2193560592544337, "LAT_Y_4326": 45.471107113578022, "Location": "(45.47110711357802, 9.219356059254434)" }, "geometry": { "type": "Point", "coordinates": [ 9.219356059254434, 45.471107113578022 ] } },
{ "type": "Feature", "properties": { "objectID": "10687", "CAP": "20126", "MUNICIPIO": "2", "ID_NIL": "16", "NIL": "GORLA - PRECOTTO", "LONG_X_4326": 9.220349798717816, "LAT_Y_4326": 45.505604477359753, "Location": "(45.50560447735975, 9.220349798717816)" }, "geometry": { "type": "Point", "coordinates": [ 9.220349798717816, 45.505604477359753 ] } },
{ "type": "Feature", "properties": { "objectID": "322", "CAP": "20126", "MUNICIPIO": "2", "ID_NIL": "16", "NIL": "GORLA - PRECOTTO", "LONG_X_4326": 9.2196531679427398, "LAT_Y_4326": 45.513547916040089, "Location": "(45.51354791604009, 9.21965316794274)" }, "geometry": { "type": "Point", "coordinates": [ 9.21965316794274, 45.513547916040089 ] } },
{ "type": "Feature", "properties": { "objectID": "4218", "CAP": "20126", "MUNICIPIO": "2", "ID_NIL": "16", "NIL": "GORLA - PRECOTTO", "LONG_X_4326": 9.2246010081337371, "LAT_Y_4326": 45.513817083119321, "Location": "(45.51381708311932, 9.224601008133737)" }, "geometry": { "type": "Point", "coordinates": [ 9.224601008133737, 45.513817083119321 ] } },
{ "type": "Feature", "properties": { "objectID": "4224", "CAP": "20139", "MUNICIPIO": "4", "ID_NIL": "35", "NIL": "LODI - CORVETTO", "LONG_X_4326": 9.228393177520303, "LAT_Y_4326": 45.444473576309335, "Location": "(45.444473576309335, 9.228393177520303)" }, "geometry": { "type": "Point", "coordinates": [ 9.228393177520303, 45.444473576309335 ] } },
{ "type": "Feature", "properties": { "objectID": "41609", "CAP": "20137", "MUNICIPIO": "4", "ID_NIL": "29", "NIL": "ORTOMERCATO", "LONG_X_4326": 9.2282536355763263, "LAT_Y_4326": 45.448213948212299, "Location": "(45.4482139482123, 9.228253635576326)" }, "geometry": { "type": "Point", "coordinates": [ 9.228253635576326, 45.448213948212299 ] } },
{ "type": "Feature", "properties": { "objectID": "4245", "CAP": "20133", "MUNICIPIO": "4", "ID_NIL": "25", "NIL": "CORSICA", "LONG_X_4326": 9.2256719291536857, "LAT_Y_4326": 45.463052766053444, "Location": "(45.463052766053444, 9.225671929153686)" }, "geometry": { "type": "Point", "coordinates": [ 9.225671929153686, 45.463052766053444 ] } },
{ "type": "Feature", "properties": { "objectID": "4244", "CAP": "20133", "MUNICIPIO": "4", "ID_NIL": "25", "NIL": "CORSICA", "LONG_X_4326": 9.2258854367450223, "LAT_Y_4326": 45.463050972866753, "Location": "(45.46305097286675, 9.225885436745022)" }, "geometry": { "type": "Point", "coordinates": [ 9.225885436745022, 45.463050972866753 ] } },
{ "type": "Feature", "properties": { "objectID": "156", "CAP": "20133", "MUNICIPIO": "4", "ID_NIL": "25", "NIL": "CORSICA", "LONG_X_4326": 9.2300115181425948, "LAT_Y_4326": 45.467473476962404, "Location": "(45.467473476962404, 9.230011518142595)" }, "geometry": { "type": "Point", "coordinates": [ 9.230011518142595, 45.467473476962404 ] } },
{ "type": "Feature", "properties": { "objectID": "42240", "CAP": "20131", "MUNICIPIO": "3", "ID_NIL": "22", "NIL": "CITTA' STUDI", "LONG_X_4326": 9.2301069153076156, "LAT_Y_4326": 45.482601525937504, "Location": "(45.482601525937504, 9.230106915307616)" }, "geometry": { "type": "Point", "coordinates": [ 9.230106915307616, 45.482601525937504 ] } },
{ "type": "Feature", "properties": { "objectID": "5389", "CAP": "20128", "MUNICIPIO": "2", "ID_NIL": "16", "NIL": "GORLA - PRECOTTO", "LONG_X_4326": 9.228897650589305, "LAT_Y_4326": 45.513437942086895, "Location": "(45.513437942086895, 9.228897650589305)" }, "geometry": { "type": "Point", "coordinates": [ 9.228897650589305, 45.513437942086895 ] } },
{ "type": "Feature", "properties": { "objectID": "14290", "CAP": "20127", "MUNICIPIO": "2", "ID_NIL": "19", "NIL": "PADOVA - TURRO - CRESCENZAGO", "LONG_X_4326": 9.2321313537921537, "LAT_Y_4326": 45.501996820518656, "Location": "(45.501996820518656, 9.232131353792154)" }, "geometry": { "type": "Point", "coordinates": [ 9.232131353792154, 45.501996820518656 ] } },
{ "type": "Feature", "properties": { "objectID": "3390", "CAP": "20128", "MUNICIPIO": "2", "ID_NIL": "16", "NIL": "GORLA - PRECOTTO", "LONG_X_4326": 9.2355323022650371, "LAT_Y_4326": 45.509874662164101, "Location": "(45.5098746621641, 9.235532302265037)" }, "geometry": { "type": "Point", "coordinates": [ 9.235532302265037, 45.509874662164101 ] } },
{ "type": "Feature", "properties": { "objectID": "4169", "CAP": "20128", "MUNICIPIO": "2", "ID_NIL": "16", "NIL": "GORLA - PRECOTTO", "LONG_X_4326": 9.2327874411272628, "LAT_Y_4326": 45.514505496973371, "Location": "(45.51450549697337, 9.232787441127263)" }, "geometry": { "type": "Point", "coordinates": [ 9.232787441127263, 45.514505496973371 ] } },
{ "type": "Feature", "properties": { "objectID": "16", "CAP": "20139", "MUNICIPIO": "5", "ID_NIL": "34", "NIL": "CHIARAVALLE", "LONG_X_4326": 9.2395533587391583, "LAT_Y_4326": 45.417395497683714, "Location": "(45.417395497683714, 9.239553358739158)" }, "geometry": { "type": "Point", "coordinates": [ 9.239553358739158, 45.417395497683714 ] } },
{ "type": "Feature", "properties": { "objectID": "340", "CAP": "20134", "MUNICIPIO": "3", "ID_NIL": "23", "NIL": "LAMBRATE - ORTICA", "LONG_X_4326": 9.2412538326048868, "LAT_Y_4326": 45.470802880135999, "Location": "(45.470802880136, 9.241253832604887)" }, "geometry": { "type": "Point", "coordinates": [ 9.241253832604887, 45.470802880135999 ] } },
{ "type": "Feature", "properties": { "objectID": "489", "CAP": "20134", "MUNICIPIO": "3", "ID_NIL": "23", "NIL": "LAMBRATE - ORTICA", "LONG_X_4326": 9.2412177073512805, "LAT_Y_4326": 45.486041826922076, "Location": "(45.486041826922076, 9.24121770735128)" }, "geometry": { "type": "Point", "coordinates": [ 9.24121770735128, 45.486041826922076 ] } },
{ "type": "Feature", "properties": { "objectID": "10688", "CAP": "20128", "MUNICIPIO": "2", "ID_NIL": "17", "NIL": "ADRIANO", "LONG_X_4326": 9.2401940352334808, "LAT_Y_4326": 45.517342919770662, "Location": "(45.51734291977066, 9.24019403523348)" }, "geometry": { "type": "Point", "coordinates": [ 9.240194035233481, 45.517342919770662 ] } },
{ "type": "Feature", "properties": { "objectID": "408", "CAP": "20138", "MUNICIPIO": "4", "ID_NIL": "30", "NIL": "TALIEDO - MORSENCHIO - Q.RE FORLANINI", "LONG_X_4326": 9.2502964885918679, "LAT_Y_4326": 45.447437180184416, "Location": "(45.447437180184416, 9.250296488591868)" }, "geometry": { "type": "Point", "coordinates": [ 9.250296488591868, 45.447437180184416 ] } },
{ "type": "Feature", "properties": { "objectID": "28323", "CAP": "20134", "MUNICIPIO": "3", "ID_NIL": "18", "NIL": "CIMIANO - ROTTOLE - Q.RE FELTRE", "LONG_X_4326": 9.2460109177818559, "LAT_Y_4326": 45.488077636784595, "Location": "(45.488077636784595, 9.246010917781856)" }, "geometry": { "type": "Point", "coordinates": [ 9.246010917781856, 45.488077636784595 ] } },
{ "type": "Feature", "properties": { "objectID": "10288", "CAP": "20138", "MUNICIPIO": "4", "ID_NIL": "30", "NIL": "TALIEDO - MORSENCHIO - Q.RE FORLANINI", "LONG_X_4326": 9.2516571265900343, "LAT_Y_4326": 45.448242721076568, "Location": "(45.44824272107657, 9.251657126590034)" }, "geometry": { "type": "Point", "coordinates": [ 9.251657126590034, 45.448242721076568 ] } },
{ "type": "Feature", "properties": { "objectID": "3429", "CAP": "20152", "MUNICIPIO": "7", "ID_NIL": "54", "NIL": "MUGGIANO", "LONG_X_4326": 9.0678919396624913, "LAT_Y_4326": 45.452084379271938, "Location": "(45.45208437927194, 9.067891939662491)" }, "geometry": { "type": "Point", "coordinates": [ 9.067891939662491, 45.452084379271938 ] } },
{ "type": "Feature", "properties": { "objectID": "2", "CAP": "20153", "MUNICIPIO": "7", "ID_NIL": "63", "NIL": "FIGINO", "LONG_X_4326": 9.073880791571554, "LAT_Y_4326": 45.493253874544287, "Location": "(45.49325387454429, 9.073880791571554)" }, "geometry": { "type": "Point", "coordinates": [ 9.073880791571554, 45.493253874544287 ] } },
{ "type": "Feature", "properties": { "objectID": "264", "CAP": "20151", "MUNICIPIO": "8", "ID_NIL": "65", "NIL": "Q.RE GALLARATESE - Q.RE SAN LEONARDO - LAMPUGNANO", "LONG_X_4326": 9.0971740095640428, "LAT_Y_4326": 45.502834073442635, "Location": "(45.502834073442635, 9.097174009564043)" }, "geometry": { "type": "Point", "coordinates": [ 9.097174009564043, 45.502834073442635 ] } },
{ "type": "Feature", "properties": { "objectID": "262", "CAP": "20151", "MUNICIPIO": "8", "ID_NIL": "65", "NIL": "Q.RE GALLARATESE - Q.RE SAN LEONARDO - LAMPUGNANO", "LONG_X_4326": 9.0984840018806317, "LAT_Y_4326": 45.505710796096679, "Location": "(45.50571079609668, 9.098484001880632)" }, "geometry": { "type": "Point", "coordinates": [ 9.098484001880632, 45.505710796096679 ] } },
{ "type": "Feature", "properties": { "objectID": "3372", "CAP": "20153", "MUNICIPIO": "7", "ID_NIL": "61", "NIL": "QUARTO CAGNINO", "LONG_X_4326": 9.108185126995652, "LAT_Y_4326": 45.47499321297591, "Location": "(45.47499321297591, 9.108185126995652)" }, "geometry": { "type": "Point", "coordinates": [ 9.108185126995652, 45.47499321297591 ] } },
{ "type": "Feature", "properties": { "objectID": "54", "CAP": "20151", "MUNICIPIO": "7", "ID_NIL": "88", "NIL": "PARCO BOSCO IN CITTA'", "LONG_X_4326": 9.1085807938265084, "LAT_Y_4326": 45.479434368854818, "Location": "(45.47943436885482, 9.108580793826508)" }, "geometry": { "type": "Point", "coordinates": [ 9.108580793826508, 45.479434368854818 ] } },
{ "type": "Feature", "properties": { "objectID": "7885", "CAP": "20153", "MUNICIPIO": "7", "ID_NIL": "60", "NIL": "STADIO - IPPODROMI", "LONG_X_4326": 9.1211246835780582, "LAT_Y_4326": 45.476317841249696, "Location": "(45.476317841249696, 9.121124683578058)" }, "geometry": { "type": "Point", "coordinates": [ 9.121124683578058, 45.476317841249696 ] } },
{ "type": "Feature", "properties": { "objectID": "538", "CAP": "20151", "MUNICIPIO": "7", "ID_NIL": "60", "NIL": "STADIO - IPPODROMI", "LONG_X_4326": 9.1233279696714238, "LAT_Y_4326": 45.479833216181333, "Location": "(45.47983321618133, 9.123327969671424)" }, "geometry": { "type": "Point", "coordinates": [ 9.123327969671424, 45.479833216181333 ] } },
{ "type": "Feature", "properties": { "objectID": "369", "CAP": "20147", "MUNICIPIO": "6", "ID_NIL": "49", "NIL": "GIAMBELLINO", "LONG_X_4326": 9.1297155090230966, "LAT_Y_4326": 45.44423593843171, "Location": "(45.44423593843171, 9.129715509023097)" }, "geometry": { "type": "Point", "coordinates": [ 9.129715509023097, 45.44423593843171 ] } },
{ "type": "Feature", "properties": { "objectID": "518", "CAP": "20148", "MUNICIPIO": "8", "ID_NIL": "66", "NIL": "QT 8", "LONG_X_4326": 9.130758323519693, "LAT_Y_4326": 45.489957348764321, "Location": "(45.48995734876432, 9.130758323519693)" }, "geometry": { "type": "Point", "coordinates": [ 9.130758323519693, 45.489957348764321 ] } },
{ "type": "Feature", "properties": { "objectID": "118", "CAP": "20157", "MUNICIPIO": "8", "ID_NIL": "76", "NIL": "QUARTO OGGIARO - VIALBA - MUSOCCO", "LONG_X_4326": 9.1289123181719969, "LAT_Y_4326": 45.516498221479971, "Location": "(45.51649822147997, 9.128912318171997)" }, "geometry": { "type": "Point", "coordinates": [ 9.128912318171997, 45.516498221479971 ] } },
{ "type": "Feature", "properties": { "objectID": "450", "CAP": "20146", "MUNICIPIO": "6", "ID_NIL": "52", "NIL": "BANDE NERE", "LONG_X_4326": 9.1381563328023763, "LAT_Y_4326": 45.45523660672675, "Location": "(45.45523660672675, 9.138156332802376)" }, "geometry": { "type": "Point", "coordinates": [ 9.138156332802376, 45.45523660672675 ] } },
{ "type": "Feature", "properties": { "objectID": "128", "CAP": "20146", "MUNICIPIO": "7", "ID_NIL": "52", "NIL": "BANDE NERE", "LONG_X_4326": 9.1367977555785895, "LAT_Y_4326": 45.465252579440431, "Location": "(45.46525257944043, 9.13679775557859)" }, "geometry": { "type": "Point", "coordinates": [ 9.13679775557859, 45.465252579440431 ] } },
{ "type": "Feature", "properties": { "objectID": "5833", "CAP": "20148", "MUNICIPIO": "7", "ID_NIL": "60", "NIL": "STADIO - IPPODROMI", "LONG_X_4326": 9.1377467196509574, "LAT_Y_4326": 45.476254102322258, "Location": "(45.47625410232226, 9.137746719650957)" }, "geometry": { "type": "Point", "coordinates": [ 9.137746719650957, 45.476254102322258 ] } },
{ "type": "Feature", "properties": { "objectID": "5390", "CAP": "20156", "MUNICIPIO": "8", "ID_NIL": "71", "NIL": "VILLAPIZZONE - CAGNOLA - BOLDINASCO", "LONG_X_4326": 9.1353550931797844, "LAT_Y_4326": 45.499576700476716, "Location": "(45.499576700476716, 9.135355093179784)" }, "geometry": { "type": "Point", "coordinates": [ 9.135355093179784, 45.499576700476716 ] } },
{ "type": "Feature", "properties": { "objectID": "24713", "CAP": "20156", "MUNICIPIO": "8", "ID_NIL": "71", "NIL": "VILLAPIZZONE - CAGNOLA - BOLDINASCO", "LONG_X_4326": 9.1364928364831908, "LAT_Y_4326": 45.50479528354785, "Location": "(45.50479528354785, 9.13649283648319)" }, "geometry": { "type": "Point", "coordinates": [ 9.136492836483191, 45.50479528354785 ] } },
{ "type": "Feature", "properties": { "objectID": "2561", "CAP": "20146", "MUNICIPIO": "7", "ID_NIL": "52", "NIL": "BANDE NERE", "LONG_X_4326": 9.1409590781685264, "LAT_Y_4326": 45.460847878441186, "Location": "(45.460847878441186, 9.140959078168526)" }, "geometry": { "type": "Point", "coordinates": [ 9.140959078168526, 45.460847878441186 ] } },
{ "type": "Feature", "properties": { "objectID": "28722", "CAP": "20146", "MUNICIPIO": "7", "ID_NIL": "52", "NIL": "BANDE NERE", "LONG_X_4326": 9.1419801710065034, "LAT_Y_4326": 45.46467204850078, "Location": "(45.46467204850078, 9.141980171006503)" }, "geometry": { "type": "Point", "coordinates": [ 9.141980171006503, 45.46467204850078 ] } },
{ "type": "Feature", "properties": { "objectID": "47", "CAP": "20149", "MUNICIPIO": "7", "ID_NIL": "58", "NIL": "DE ANGELI - MONTE ROSA", "LONG_X_4326": 9.1450384035642216, "LAT_Y_4326": 45.47085868605847, "Location": "(45.47085868605847, 9.145038403564222)" }, "geometry": { "type": "Point", "coordinates": [ 9.145038403564222, 45.47085868605847 ] } },
{ "type": "Feature", "properties": { "objectID": "3423", "CAP": "20149", "MUNICIPIO": "8", "ID_NIL": "71", "NIL": "VILLAPIZZONE - CAGNOLA - BOLDINASCO", "LONG_X_4326": 9.1459005990036406, "LAT_Y_4326": 45.487304995579038, "Location": "(45.48730499557904, 9.14590059900364)" }, "geometry": { "type": "Point", "coordinates": [ 9.145900599003641, 45.487304995579038 ] } },
{ "type": "Feature", "properties": { "objectID": "2963", "CAP": "20156", "MUNICIPIO": "8", "ID_NIL": "71", "NIL": "VILLAPIZZONE - CAGNOLA - BOLDINASCO", "LONG_X_4326": 9.1402037748012432, "LAT_Y_4326": 45.500672494774896, "Location": "(45.500672494774896, 9.140203774801243)" }, "geometry": { "type": "Point", "coordinates": [ 9.140203774801243, 45.500672494774896 ] } },
{ "type": "Feature", "properties": { "objectID": "480", "CAP": "20156", "MUNICIPIO": "8", "ID_NIL": "71", "NIL": "VILLAPIZZONE - CAGNOLA - BOLDINASCO", "LONG_X_4326": 9.1479623482388455, "LAT_Y_4326": 45.49926740695274, "Location": "(45.49926740695274, 9.147962348238845)" }, "geometry": { "type": "Point", "coordinates": [ 9.147962348238845, 45.49926740695274 ] } },
{ "type": "Feature", "properties": { "objectID": "5844", "CAP": "20142", "MUNICIPIO": "6", "ID_NIL": "46", "NIL": "BARONA", "LONG_X_4326": 9.1571942354984994, "LAT_Y_4326": 45.433532477079346, "Location": "(45.433532477079346, 9.1571942354985)" }, "geometry": { "type": "Point", "coordinates": [ 9.157194235498499, 45.433532477079346 ] } },
{ "type": "Feature", "properties": { "objectID": "448", "CAP": "20144", "MUNICIPIO": "6", "ID_NIL": "50", "NIL": "PORTA GENOVA", "LONG_X_4326": 9.1586037562082208, "LAT_Y_4326": 45.453238108065463, "Location": "(45.45323810806546, 9.15860375620822)" }, "geometry": { "type": "Point", "coordinates": [ 9.158603756208221, 45.453238108065463 ] } },
{ "type": "Feature", "properties": { "objectID": "138", "CAP": "20146", "MUNICIPIO": "7", "ID_NIL": "51", "NIL": "PORTA MAGENTA", "LONG_X_4326": 9.1529381021724241, "LAT_Y_4326": 45.464776726994963, "Location": "(45.46477672699496, 9.152938102172424)" }, "geometry": { "type": "Point", "coordinates": [ 9.152938102172424, 45.464776726994963 ] } },
{ "type": "Feature", "properties": { "objectID": "3374", "CAP": "20145", "MUNICIPIO": "7", "ID_NIL": "51", "NIL": "PORTA MAGENTA", "LONG_X_4326": 9.1547600308802402, "LAT_Y_4326": 45.466638873513688, "Location": "(45.46663887351369, 9.15476003088024)" }, "geometry": { "type": "Point", "coordinates": [ 9.15476003088024, 45.466638873513688 ] } },
{ "type": "Feature", "properties": { "objectID": "426", "CAP": "20161", "MUNICIPIO": "9", "ID_NIL": "81", "NIL": "BOVISASCA", "LONG_X_4326": 9.1564414711513429, "LAT_Y_4326": 45.517139690585012, "Location": "(45.51713969058501, 9.156441471151343)" }, "geometry": { "type": "Point", "coordinates": [ 9.156441471151343, 45.517139690585012 ] } },
{ "type": "Feature", "properties": { "objectID": "5387", "CAP": "20161", "MUNICIPIO": "9", "ID_NIL": "81", "NIL": "BOVISASCA", "LONG_X_4326": 9.1581676159643557, "LAT_Y_4326": 45.516623231727017, "Location": "(45.51662323172702, 9.158167615964356)" }, "geometry": { "type": "Point", "coordinates": [ 9.158167615964356, 45.516623231727017 ] } },
{ "type": "Feature", "properties": { "objectID": "15902", "CAP": "20142", "MUNICIPIO": "6", "ID_NIL": "46", "NIL": "BARONA", "LONG_X_4326": 9.1634907593589556, "LAT_Y_4326": 45.430104595382886, "Location": "(45.430104595382886, 9.163490759358956)" }, "geometry": { "type": "Point", "coordinates": [ 9.163490759358956, 45.430104595382886 ] } },
{ "type": "Feature", "properties": { "objectID": "3766", "CAP": "20142", "MUNICIPIO": "5", "ID_NIL": "41", "NIL": "GRATOSOGLIO - Q.RE MISSAGLIA - Q.RE TERRAZZE", "LONG_X_4326": 9.1711114999790535, "LAT_Y_4326": 45.409219665664153, "Location": "(45.40921966566415, 9.171111499979054)" }, "geometry": { "type": "Point", "coordinates": [ 9.171111499979054, 45.409219665664153 ] } },
{ "type": "Feature", "properties": { "objectID": "434", "CAP": "20154", "MUNICIPIO": "8", "ID_NIL": "69", "NIL": "SARPI", "LONG_X_4326": 9.1670745765075665, "LAT_Y_4326": 45.484221737872609, "Location": "(45.48422173787261, 9.167074576507567)" }, "geometry": { "type": "Point", "coordinates": [ 9.167074576507567, 45.484221737872609 ] } },
{ "type": "Feature", "properties": { "objectID": "5397", "CAP": "20161", "MUNICIPIO": "9", "ID_NIL": "82", "NIL": "COMASINA", "LONG_X_4326": 9.1674139747742718, "LAT_Y_4326": 45.524785646044748, "Location": "(45.52478564604475, 9.167413974774272)" }, "geometry": { "type": "Point", "coordinates": [ 9.167413974774272, 45.524785646044748 ] } },
{ "type": "Feature", "properties": { "objectID": "338", "CAP": "20161", "MUNICIPIO": "9", "ID_NIL": "83", "NIL": "BRUZZANO", "LONG_X_4326": 9.1701967697746412, "LAT_Y_4326": 45.525102860330499, "Location": "(45.5251028603305, 9.170196769774641)" }, "geometry": { "type": "Point", "coordinates": [ 9.170196769774641, 45.525102860330499 ] } },
{ "type": "Feature", "properties": { "objectID": "38319", "CAP": "20141", "MUNICIPIO": "5", "ID_NIL": "42", "NIL": "STADERA - CHIESA ROSSA - Q.RE TORRETTA - CONCA FALLATA", "LONG_X_4326": 9.1761201654754849, "LAT_Y_4326": 45.431615785104682, "Location": "(45.43161578510468, 9.176120165475485)" }, "geometry": { "type": "Point", "coordinates": [ 9.176120165475485, 45.431615785104682 ] } },
{ "type": "Feature", "properties": { "objectID": "280", "CAP": "20141", "MUNICIPIO": "5", "ID_NIL": "42", "NIL": "STADERA - CHIESA ROSSA - Q.RE TORRETTA - CONCA FALLATA", "LONG_X_4326": 9.1780275789280044, "LAT_Y_4326": 45.434448963674257, "Location": "(45.43444896367426, 9.178027578928004)" }, "geometry": { "type": "Point", "coordinates": [ 9.178027578928004, 45.434448963674257 ] } },
{ "type": "Feature", "properties": { "objectID": "20310", "CAP": "20136", "MUNICIPIO": "5", "ID_NIL": "6", "NIL": "PORTA TICINESE - CONCA DEL NAVIGLIO", "LONG_X_4326": 9.1774696032311258, "LAT_Y_4326": 45.444858733308344, "Location": "(45.444858733308344, 9.177469603231126)" }, "geometry": { "type": "Point", "coordinates": [ 9.177469603231126, 45.444858733308344 ] } },
{ "type": "Feature", "properties": { "objectID": "17904", "CAP": "20123", "MUNICIPIO": "1", "ID_NIL": "6", "NIL": "PORTA TICINESE - CONCA DEL NAVIGLIO", "LONG_X_4326": 9.1780751665508387, "LAT_Y_4326": 45.458511794479357, "Location": "(45.45851179447936, 9.178075166550839)" }, "geometry": { "type": "Point", "coordinates": [ 9.178075166550839, 45.458511794479357 ] } },
{ "type": "Feature", "properties": { "objectID": "447", "CAP": "20154", "MUNICIPIO": "1", "ID_NIL": "8", "NIL": "PARCO SEMPIONE", "LONG_X_4326": 9.1737645590280028, "LAT_Y_4326": 45.474262191466636, "Location": "(45.474262191466636, 9.173764559028003)" }, "geometry": { "type": "Point", "coordinates": [ 9.173764559028003, 45.474262191466636 ] } },
{ "type": "Feature", "properties": { "objectID": "476", "CAP": "20121", "MUNICIPIO": "1", "ID_NIL": "8", "NIL": "PARCO SEMPIONE", "LONG_X_4326": 9.1758334601439255, "LAT_Y_4326": 45.472119135212097, "Location": "(45.4721191352121, 9.175833460143926)" }, "geometry": { "type": "Point", "coordinates": [ 9.175833460143926, 45.472119135212097 ] } },
{ "type": "Feature", "properties": { "objectID": "3434", "CAP": "20161", "MUNICIPIO": "9", "ID_NIL": "80", "NIL": "AFFORI", "LONG_X_4326": 9.1758374233285593, "LAT_Y_4326": 45.515383295812363, "Location": "(45.51538329581236, 9.17583742332856)" }, "geometry": { "type": "Point", "coordinates": [ 9.175837423328559, 45.515383295812363 ] } },
{ "type": "Feature", "properties": { "objectID": "525", "CAP": "20161", "MUNICIPIO": "9", "ID_NIL": "80", "NIL": "AFFORI", "LONG_X_4326": 9.1766950438787251, "LAT_Y_4326": 45.513944627007312, "Location": "(45.51394462700731, 9.176695043878725)" }, "geometry": { "type": "Point", "coordinates": [ 9.176695043878725, 45.513944627007312 ] } },
{ "type": "Feature", "properties": { "objectID": "309", "CAP": "20161", "MUNICIPIO": "9", "ID_NIL": "80", "NIL": "AFFORI", "LONG_X_4326": 9.1731003328873904, "LAT_Y_4326": 45.519075826492212, "Location": "(45.51907582649221, 9.17310033288739)" }, "geometry": { "type": "Point", "coordinates": [ 9.17310033288739, 45.519075826492212 ] } },
{ "type": "Feature", "properties": { "objectID": "2159", "CAP": "20141", "MUNICIPIO": "5", "ID_NIL": "42", "NIL": "STADERA - CHIESA ROSSA - Q.RE TORRETTA - CONCA FALLATA", "LONG_X_4326": 9.1809795014928142, "LAT_Y_4326": 45.432500928305792, "Location": "(45.43250092830579, 9.180979501492814)" }, "geometry": { "type": "Point", "coordinates": [ 9.180979501492814, 45.432500928305792 ] } },
{ "type": "Feature", "properties": { "objectID": "35", "CAP": "20141", "MUNICIPIO": "5", "ID_NIL": "42", "NIL": "STADERA - CHIESA ROSSA - Q.RE TORRETTA - CONCA FALLATA", "LONG_X_4326": 9.1838357746900741, "LAT_Y_4326": 45.433489292497754, "Location": "(45.433489292497754, 9.183835774690074)" }, "geometry": { "type": "Point", "coordinates": [ 9.183835774690074, 45.433489292497754 ] } },
{ "type": "Feature", "properties": { "objectID": "383", "CAP": "20123", "MUNICIPIO": "1", "ID_NIL": "1", "NIL": "DUOMO", "LONG_X_4326": 9.1816995141295248, "LAT_Y_4326": 45.461675131039684, "Location": "(45.461675131039684, 9.181699514129525)" }, "geometry": { "type": "Point", "coordinates": [ 9.181699514129525, 45.461675131039684 ] } },
{ "type": "Feature", "properties": { "objectID": "29127", "CAP": "20136", "MUNICIPIO": "5", "ID_NIL": "5", "NIL": "PORTA VIGENTINA - PORTA LODOVICA", "LONG_X_4326": 9.1893848367724633, "LAT_Y_4326": 45.448525512456911, "Location": "(45.44852551245691, 9.189384836772463)" }, "geometry": { "type": "Point", "coordinates": [ 9.189384836772463, 45.448525512456911 ] } },
{ "type": "Feature", "properties": { "objectID": "4201", "CAP": "20154", "MUNICIPIO": "9", "ID_NIL": "2", "NIL": "BRERA", "LONG_X_4326": 9.1875055159911572, "LAT_Y_4326": 45.480777102046005, "Location": "(45.480777102046005, 9.187505515991157)" }, "geometry": { "type": "Point", "coordinates": [ 9.187505515991157, 45.480777102046005 ] } },
{ "type": "Feature", "properties": { "objectID": "3398", "CAP": "20141", "MUNICIPIO": "5", "ID_NIL": "38", "NIL": "VIGENTINO - Q.RE FATIMA", "LONG_X_4326": 9.1979908805715862, "LAT_Y_4326": 45.43080728230747, "Location": "(45.43080728230747, 9.197990880571586)" }, "geometry": { "type": "Point", "coordinates": [ 9.197990880571586, 45.43080728230747 ] } },
{ "type": "Feature", "properties": { "objectID": "4238", "CAP": "20141", "MUNICIPIO": "5", "ID_NIL": "37", "NIL": "MORIVIONE", "LONG_X_4326": 9.1945489411668309, "LAT_Y_4326": 45.442229331301853, "Location": "(45.44222933130185, 9.19454894116683)" }, "geometry": { "type": "Point", "coordinates": [ 9.194548941166831, 45.442229331301853 ] } },
{ "type": "Feature", "properties": { "objectID": "4186", "CAP": "20122", "MUNICIPIO": "1", "ID_NIL": "5", "NIL": "PORTA VIGENTINA - PORTA LODOVICA", "LONG_X_4326": 9.1925789744017052, "LAT_Y_4326": 45.455847483161641, "Location": "(45.45584748316164, 9.192578974401705)" }, "geometry": { "type": "Point", "coordinates": [ 9.192578974401705, 45.455847483161641 ] } },
{ "type": "Feature", "properties": { "objectID": "379", "CAP": "20122", "MUNICIPIO": "1", "ID_NIL": "4", "NIL": "GUASTALLA", "LONG_X_4326": 9.1968584812602252, "LAT_Y_4326": 45.460254992794262, "Location": "(45.46025499279426, 9.196858481260225)" }, "geometry": { "type": "Point", "coordinates": [ 9.196858481260225, 45.460254992794262 ] } },
{ "type": "Feature", "properties": { "objectID": "3393", "CAP": "20159", "MUNICIPIO": "9", "ID_NIL": "12", "NIL": "MACIACHINI - MAGGIOLINA", "LONG_X_4326": 9.1937157668127689, "LAT_Y_4326": 45.498000638593979, "Location": "(45.49800063859398, 9.193715766812769)" }, "geometry": { "type": "Point", "coordinates": [ 9.193715766812769, 45.498000638593979 ] } },
{ "type": "Feature", "properties": { "objectID": "4232", "CAP": "20162", "MUNICIPIO": "9", "ID_NIL": "14", "NIL": "NIGUARDA - CA' GRANDA - PRATO CENTENARO - Q.RE FULVIO TESTI", "LONG_X_4326": 9.195862917473276, "LAT_Y_4326": 45.521689674968442, "Location": "(45.52168967496844, 9.195862917473276)" }, "geometry": { "type": "Point", "coordinates": [ 9.195862917473276, 45.521689674968442 ] } },
{ "type": "Feature", "properties": { "objectID": "3417", "CAP": "20162", "MUNICIPIO": "9", "ID_NIL": "14", "NIL": "NIGUARDA - CA' GRANDA - PRATO CENTENARO - Q.RE FULVIO TESTI", "LONG_X_4326": 9.1966528350586607, "LAT_Y_4326": 45.520076341131563, "Location": "(45.52007634113156, 9.19665283505866)" }, "geometry": { "type": "Point", "coordinates": [ 9.196652835058661, 45.520076341131563 ] } },
{ "type": "Feature", "properties": { "objectID": "362", "CAP": "20122", "MUNICIPIO": "1", "ID_NIL": "4", "NIL": "GUASTALLA", "LONG_X_4326": 9.2016010388629539, "LAT_Y_4326": 45.462490512965594, "Location": "(45.462490512965594, 9.201601038862954)" }, "geometry": { "type": "Point", "coordinates": [ 9.201601038862954, 45.462490512965594 ] } },
{ "type": "Feature", "properties": { "objectID": "2558", "CAP": "20121", "MUNICIPIO": "1", "ID_NIL": "4", "NIL": "GUASTALLA", "LONG_X_4326": 9.1984770948042041, "LAT_Y_4326": 45.470830849438997, "Location": "(45.470830849439, 9.198477094804204)" }, "geometry": { "type": "Point", "coordinates": [ 9.198477094804204, 45.470830849438997 ] } },
{ "type": "Feature", "properties": { "objectID": "418", "CAP": "20121", "MUNICIPIO": "1", "ID_NIL": "3", "NIL": "GIARDINI P.TA VENEZIA", "LONG_X_4326": 9.2017239171154213, "LAT_Y_4326": 45.473242499132191, "Location": "(45.47324249913219, 9.201723917115421)" }, "geometry": { "type": "Point", "coordinates": [ 9.201723917115421, 45.473242499132191 ] } },
{ "type": "Feature", "properties": { "objectID": "358", "CAP": "20125", "MUNICIPIO": "2", "ID_NIL": "10", "NIL": "STAZIONE CENTRALE - PONTE SEVESO", "LONG_X_4326": 9.2027675871271057, "LAT_Y_4326": 45.485108502008195, "Location": "(45.485108502008195, 9.202767587127106)" }, "geometry": { "type": "Point", "coordinates": [ 9.202767587127106, 45.485108502008195 ] } },
{ "type": "Feature", "properties": { "objectID": "168", "CAP": "20129", "MUNICIPIO": "1", "ID_NIL": "4", "NIL": "GUASTALLA", "LONG_X_4326": 9.206170211335575, "LAT_Y_4326": 45.467819432607477, "Location": "(45.46781943260748, 9.206170211335575)" }, "geometry": { "type": "Point", "coordinates": [ 9.206170211335575, 45.467819432607477 ] } },
{ "type": "Feature", "properties": { "objectID": "4242", "CAP": "20129", "MUNICIPIO": "4", "ID_NIL": "26", "NIL": "XXII MARZO", "LONG_X_4326": 9.211091496757442, "LAT_Y_4326": 45.46746064290933, "Location": "(45.46746064290933, 9.211091496757442)" }, "geometry": { "type": "Point", "coordinates": [ 9.211091496757442, 45.46746064290933 ] } },
{ "type": "Feature", "properties": { "objectID": "416", "CAP": "20124", "MUNICIPIO": "3", "ID_NIL": "21", "NIL": "BUENOS AIRES - PORTA VENEZIA - PORTA MONFORTE", "LONG_X_4326": 9.2086158503264173, "LAT_Y_4326": 45.481471783584681, "Location": "(45.48147178358468, 9.208615850326417)" }, "geometry": { "type": "Point", "coordinates": [ 9.208615850326417, 45.481471783584681 ] } },
{ "type": "Feature", "properties": { "objectID": "2167", "CAP": "20126", "MUNICIPIO": "2", "ID_NIL": "16", "NIL": "GORLA - PRECOTTO", "LONG_X_4326": 9.2174813291905195, "LAT_Y_4326": 45.511512355332997, "Location": "(45.511512355333, 9.21748132919052)" }, "geometry": { "type": "Point", "coordinates": [ 9.21748132919052, 45.511512355332997 ] } },
{ "type": "Feature", "properties": { "objectID": "423", "CAP": "20139", "MUNICIPIO": "4", "ID_NIL": "35", "NIL": "LODI - CORVETTO", "LONG_X_4326": 9.2206086517628219, "LAT_Y_4326": 45.434184365295856, "Location": "(45.434184365295856, 9.220608651762822)" }, "geometry": { "type": "Point", "coordinates": [ 9.220608651762822, 45.434184365295856 ] } },
{ "type": "Feature", "properties": { "objectID": "4181", "CAP": "20139", "MUNICIPIO": "4", "ID_NIL": "35", "NIL": "LODI - CORVETTO", "LONG_X_4326": 9.2202139138156571, "LAT_Y_4326": 45.43776594489772, "Location": "(45.43776594489772, 9.220213913815657)" }, "geometry": { "type": "Point", "coordinates": [ 9.220213913815657, 45.43776594489772 ] } },
{ "type": "Feature", "properties": { "objectID": "5381", "CAP": "20131", "MUNICIPIO": "2", "ID_NIL": "20", "NIL": "LORETO - CASORETTO - NOLO", "LONG_X_4326": 9.2239774247731283, "LAT_Y_4326": 45.490336875343438, "Location": "(45.49033687534344, 9.223977424773128)" }, "geometry": { "type": "Point", "coordinates": [ 9.223977424773128, 45.490336875343438 ] } },
{ "type": "Feature", "properties": { "objectID": "4208", "CAP": "20139", "MUNICIPIO": "4", "ID_NIL": "35", "NIL": "LODI - CORVETTO", "LONG_X_4326": 9.228161729725965, "LAT_Y_4326": 45.440131450868265, "Location": "(45.440131450868265, 9.228161729725965)" }, "geometry": { "type": "Point", "coordinates": [ 9.228161729725965, 45.440131450868265 ] } },
{ "type": "Feature", "properties": { "objectID": "3386", "CAP": "20137", "MUNICIPIO": "4", "ID_NIL": "29", "NIL": "ORTOMERCATO", "LONG_X_4326": 9.2248553741440897, "LAT_Y_4326": 45.450334815616124, "Location": "(45.450334815616124, 9.22485537414409)" }, "geometry": { "type": "Point", "coordinates": [ 9.22485537414409, 45.450334815616124 ] } },
{ "type": "Feature", "properties": { "objectID": "3385", "CAP": "20137", "MUNICIPIO": "4", "ID_NIL": "29", "NIL": "ORTOMERCATO", "LONG_X_4326": 9.2261684852983485, "LAT_Y_4326": 45.449666640829584, "Location": "(45.449666640829584, 9.226168485298349)" }, "geometry": { "type": "Point", "coordinates": [ 9.226168485298349, 45.449666640829584 ] } },
{ "type": "Feature", "properties": { "objectID": "41608", "CAP": "20133", "MUNICIPIO": "4", "ID_NIL": "25", "NIL": "CORSICA", "LONG_X_4326": 9.2273764042194912, "LAT_Y_4326": 45.467966200281943, "Location": "(45.46796620028194, 9.227376404219491)" }, "geometry": { "type": "Point", "coordinates": [ 9.227376404219491, 45.467966200281943 ] } },
{ "type": "Feature", "properties": { "objectID": "41607", "CAP": "20133", "MUNICIPIO": "4", "ID_NIL": "25", "NIL": "CORSICA", "LONG_X_4326": 9.2291974265394021, "LAT_Y_4326": 45.467991382262106, "Location": "(45.467991382262106, 9.229197426539402)" }, "geometry": { "type": "Point", "coordinates": [ 9.229197426539402, 45.467991382262106 ] } },
{ "type": "Feature", "properties": { "objectID": "500", "CAP": "20127", "MUNICIPIO": "2", "ID_NIL": "19", "NIL": "PADOVA - TURRO - CRESCENZAGO", "LONG_X_4326": 9.2271772779424737, "LAT_Y_4326": 45.503166367198773, "Location": "(45.50316636719877, 9.227177277942474)" }, "geometry": { "type": "Point", "coordinates": [ 9.227177277942474, 45.503166367198773 ] } },
{ "type": "Feature", "properties": { "objectID": "28320", "CAP": "20128", "MUNICIPIO": "2", "ID_NIL": "16", "NIL": "GORLA - PRECOTTO", "LONG_X_4326": 9.2287021945343195, "LAT_Y_4326": 45.507064292218445, "Location": "(45.507064292218445, 9.22870219453432)" }, "geometry": { "type": "Point", "coordinates": [ 9.22870219453432, 45.507064292218445 ] } },
{ "type": "Feature", "properties": { "objectID": "305", "CAP": "20128", "MUNICIPIO": "2", "ID_NIL": "16", "NIL": "GORLA - PRECOTTO", "LONG_X_4326": 9.2306750135502149, "LAT_Y_4326": 45.51133019899418, "Location": "(45.51133019899418, 9.230675013550215)" }, "geometry": { "type": "Point", "coordinates": [ 9.230675013550215, 45.51133019899418 ] } },
{ "type": "Feature", "properties": { "objectID": "39", "CAP": "20139", "MUNICIPIO": "5", "ID_NIL": "34", "NIL": "CHIARAVALLE", "LONG_X_4326": 9.2372149034646203, "LAT_Y_4326": 45.418011754054085, "Location": "(45.418011754054085, 9.23721490346462)" }, "geometry": { "type": "Point", "coordinates": [ 9.23721490346462, 45.418011754054085 ] } },
{ "type": "Feature", "properties": { "objectID": "494", "CAP": "20133", "MUNICIPIO": "3", "ID_NIL": "22", "NIL": "CITTA' STUDI", "LONG_X_4326": 9.2342370678290386, "LAT_Y_4326": 45.480087630152966, "Location": "(45.480087630152966, 9.234237067829039)" }, "geometry": { "type": "Point", "coordinates": [ 9.234237067829039, 45.480087630152966 ] } },
{ "type": "Feature", "properties": { "objectID": "3428", "CAP": "20132", "MUNICIPIO": "3", "ID_NIL": "18", "NIL": "CIMIANO - ROTTOLE - Q.RE FELTRE", "LONG_X_4326": 9.2370677982387068, "LAT_Y_4326": 45.495124653464565, "Location": "(45.495124653464565, 9.237067798238707)" }, "geometry": { "type": "Point", "coordinates": [ 9.237067798238707, 45.495124653464565 ] } },
{ "type": "Feature", "properties": { "objectID": "36320", "CAP": "20128", "MUNICIPIO": "2", "ID_NIL": "16", "NIL": "GORLA - PRECOTTO", "LONG_X_4326": 9.2356207447919321, "LAT_Y_4326": 45.515760897327425, "Location": "(45.515760897327425, 9.235620744791932)" }, "geometry": { "type": "Point", "coordinates": [ 9.235620744791932, 45.515760897327425 ] } },
{ "type": "Feature", "properties": { "objectID": "4200", "CAP": "20138", "MUNICIPIO": "4", "ID_NIL": "32", "NIL": "TRIULZO SUPERIORE", "LONG_X_4326": 9.2440428940432149, "LAT_Y_4326": 45.43075673058631, "Location": "(45.43075673058631, 9.244042894043215)" }, "geometry": { "type": "Point", "coordinates": [ 9.244042894043215, 45.43075673058631 ] } },
{ "type": "Feature", "properties": { "objectID": "171", "CAP": "20138", "MUNICIPIO": "4", "ID_NIL": "30", "NIL": "TALIEDO - MORSENCHIO - Q.RE FORLANINI", "LONG_X_4326": 9.2393491396310505, "LAT_Y_4326": 45.452885696809552, "Location": "(45.45288569680955, 9.23934913963105)" }, "geometry": { "type": "Point", "coordinates": [ 9.239349139631051, 45.452885696809552 ] } },
{ "type": "Feature", "properties": { "objectID": "4167", "CAP": "20132", "MUNICIPIO": "2", "ID_NIL": "19", "NIL": "PADOVA - TURRO - CRESCENZAGO", "LONG_X_4326": 9.2429688348879928, "LAT_Y_4326": 45.503855829188559, "Location": "(45.50385582918856, 9.242968834887993)" }, "geometry": { "type": "Point", "coordinates": [ 9.242968834887993, 45.503855829188559 ] } },
{ "type": "Feature", "properties": { "objectID": "5826", "CAP": "20138", "MUNICIPIO": "4", "ID_NIL": "33", "NIL": "ROGOREDO - SANTA GIULIA", "LONG_X_4326": 9.2479586556779143, "LAT_Y_4326": 45.433746438301803, "Location": "(45.4337464383018, 9.247958655677914)" }, "geometry": { "type": "Point", "coordinates": [ 9.247958655677914, 45.433746438301803 ] } },
{ "type": "Feature", "properties": { "objectID": "5391", "CAP": "20138", "MUNICIPIO": "4", "ID_NIL": "33", "NIL": "ROGOREDO - SANTA GIULIA", "LONG_X_4326": 9.2457147237460013, "LAT_Y_4326": 45.436036741012352, "Location": "(45.43603674101235, 9.245714723746001)" }, "geometry": { "type": "Point", "coordinates": [ 9.245714723746001, 45.436036741012352 ] } },
{ "type": "Feature", "properties": { "objectID": "527", "CAP": "20127", "MUNICIPIO": "2", "ID_NIL": "19", "NIL": "PADOVA - TURRO - CRESCENZAGO", "LONG_X_4326": 9.2470949721288775, "LAT_Y_4326": 45.509244811903635, "Location": "(45.509244811903635, 9.247094972128878)" }, "geometry": { "type": "Point", "coordinates": [ 9.247094972128878, 45.509244811903635 ] } },
{ "type": "Feature", "properties": { "objectID": "307", "CAP": "20128", "MUNICIPIO": "2", "ID_NIL": "17", "NIL": "ADRIANO", "LONG_X_4326": 9.2472031119445024, "LAT_Y_4326": 45.517193209473781, "Location": "(45.51719320947378, 9.247203111944502)" }, "geometry": { "type": "Point", "coordinates": [ 9.247203111944502, 45.517193209473781 ] } },
{ "type": "Feature", "properties": { "objectID": "29117", "CAP": "20128", "MUNICIPIO": "2", "ID_NIL": "17", "NIL": "ADRIANO", "LONG_X_4326": 9.2516640912906087, "LAT_Y_4326": 45.519031770239465, "Location": "(45.519031770239465, 9.251664091290609)" }, "geometry": { "type": "Point", "coordinates": [ 9.251664091290609, 45.519031770239465 ] } },
{ "type": "Feature", "properties": { "objectID": "3419", "CAP": "20138", "MUNICIPIO": "4", "ID_NIL": "31", "NIL": "MONLUE' - PONTE LAMBRO", "LONG_X_4326": 9.2633489521339243, "LAT_Y_4326": 45.440075528898291, "Location": "(45.44007552889829, 9.263348952133924)" }, "geometry": { "type": "Point", "coordinates": [ 9.263348952133924, 45.440075528898291 ] } },
{ "type": "Feature", "properties": { "objectID": "351", "CAP": "20134", "MUNICIPIO": "4", "ID_NIL": "24", "NIL": "PARCO FORLANINI - CAVRIANO", "LONG_X_4326": 9.2585536633924193, "LAT_Y_4326": 45.464634072288028, "Location": "(45.46463407228803, 9.25855366339242)" }, "geometry": { "type": "Point", "coordinates": [ 9.258553663392419, 45.464634072288028 ] } }
]
}
