Month number,Year,Month,Vehicle type,Category,Value
4,2008,April,Passenger cars,New registrations Total,317960
4,2008,April,Passenger cars,New registrations German makes incl. group makes,226187
4,2008,April,Passenger cars,New registrations Foreign makes,91773
4,2008,April,Passenger cars,Export,428066
4,2008,April,Passenger cars,Production,579869
4,2008,April,Commercial vehicles,New registrations Total,31814
4,2008,April,Commercial vehicles,New registrations Total CV up to 6t,21878
4,2008,April,Commercial vehicles,New registrations CV up to 2t,2523
4,2008,April,Commercial vehicles,"New registrations CV over 2 to 3,5t",18695
4,2008,April,Commercial vehicles,"New registrations CV over 3,5 to 6t",660
4,2008,April,Commercial vehicles,New registrations Total CV over 6t,9318
4,2008,April,Commercial vehicles,New registrations CV over 6 to 16t,2951
4,2008,April,Commercial vehicles,New registrations CV over 16t,6367
4,2008,April,Commercial vehicles,New registrations Total Buses,618
4,2008,April,Commercial vehicles,Trailer Total,30670
4,2008,April,Commercial vehicles,Trailer - Semitrailers,4594
4,2008,April,Commercial vehicles,Trailer - Caravans,3017
4,2008,April,Commercial vehicles,Export CV up to 6t,23499
4,2008,April,Commercial vehicles,Produktion CV up to 6t,32175
8,2008,August,Passenger cars,New registrations Total,214386
8,2008,August,Passenger cars,New registrations German makes incl. group makes,150030
8,2008,August,Passenger cars,New registrations Foreign makes,64356
8,2008,August,Passenger cars,Export,239186
8,2008,August,Passenger cars,Production,340288
8,2008,August,Commercial vehicles,New registrations Total,25637
8,2008,August,Commercial vehicles,New registrations Total CV up to 6t,17008
8,2008,August,Commercial vehicles,New registrations CV up to 2t,2127
8,2008,August,Commercial vehicles,"New registrations CV over 2 to 3,5t",14320
8,2008,August,Commercial vehicles,"New registrations CV over 3,5 to 6t",561
8,2008,August,Commercial vehicles,New registrations Total CV over 6t,8245
8,2008,August,Commercial vehicles,New registrations CV over 6 to 16t,2305
8,2008,August,Commercial vehicles,New registrations CV over 16t,5940
8,2008,August,Commercial vehicles,New registrations Total Buses,384
8,2008,August,Commercial vehicles,Trailer Total,20370
8,2008,August,Commercial vehicles,Trailer - Semitrailers,2833
8,2008,August,Commercial vehicles,Trailer - Caravans,1468
8,2008,August,Commercial vehicles,Export CV up to 6t,17133
8,2008,August,Commercial vehicles,Produktion CV up to 6t,24331
12,2008,December,Passenger cars,New registrations Total,225981
12,2008,December,Passenger cars,New registrations German makes incl. group makes,162530
12,2008,December,Passenger cars,New registrations Foreign makes,63451
12,2008,December,Passenger cars,Export,225071
12,2008,December,Passenger cars,Production,279948
12,2008,December,Commercial vehicles,New registrations Total,23474
12,2008,December,Commercial vehicles,New registrations Total CV up to 6t,17445
12,2008,December,Commercial vehicles,New registrations CV up to 2t,2003
12,2008,December,Commercial vehicles,"New registrations CV over 2 to 3,5t",14800
12,2008,December,Commercial vehicles,"New registrations CV over 3,5 to 6t",642
12,2008,December,Commercial vehicles,New registrations Total CV over 6t,5393
12,2008,December,Commercial vehicles,New registrations CV over 6 to 16t,2023
12,2008,December,Commercial vehicles,New registrations CV over 16t,3370
12,2008,December,Commercial vehicles,New registrations Total Buses,636
12,2008,December,Commercial vehicles,Trailer Total,11387
12,2008,December,Commercial vehicles,Trailer - Semitrailers,1462
12,2008,December,Commercial vehicles,Trailer - Caravans,448
12,2008,December,Commercial vehicles,Export CV up to 6t,8706
12,2008,December,Commercial vehicles,Produktion CV up to 6t,11065
2,2008,February,Passenger cars,New registrations Total,228623
2,2008,February,Passenger cars,New registrations German makes incl. group makes,157756
2,2008,February,Passenger cars,New registrations Foreign makes,70867
2,2008,February,Passenger cars,Export,410046
2,2008,February,Passenger cars,Production,531397
2,2008,February,Commercial vehicles,New registrations Total,24921
2,2008,February,Commercial vehicles,New registrations Total CV up to 6t,16982
2,2008,February,Commercial vehicles,New registrations CV up to 2t,1948
2,2008,February,Commercial vehicles,"New registrations CV over 2 to 3,5t",14520
2,2008,February,Commercial vehicles,"New registrations CV over 3,5 to 6t",514
2,2008,February,Commercial vehicles,New registrations Total CV over 6t,7612
2,2008,February,Commercial vehicles,New registrations CV over 6 to 16t,2049
2,2008,February,Commercial vehicles,New registrations CV over 16t,5563
2,2008,February,Commercial vehicles,New registrations Total Buses,327
2,2008,February,Commercial vehicles,Trailer Total,20439
2,2008,February,Commercial vehicles,Trailer - Semitrailers,3677
2,2008,February,Commercial vehicles,Trailer - Caravans,1253
2,2008,February,Commercial vehicles,Export CV up to 6t,21558
2,2008,February,Commercial vehicles,Produktion CV up to 6t,28381
1,2008,January,Passenger cars,New registrations Total,220742
1,2008,January,Passenger cars,New registrations German makes incl. group makes,148571
1,2008,January,Passenger cars,New registrations Foreign makes,72171
1,2008,January,Passenger cars,Export,364833
1,2008,January,Passenger cars,Production,475197
1,2008,January,Commercial vehicles,New registrations Total,26533
1,2008,January,Commercial vehicles,New registrations Total CV up to 6t,17855
1,2008,January,Commercial vehicles,New registrations CV up to 2t,1833
1,2008,January,Commercial vehicles,"New registrations CV over 2 to 3,5t",15481
1,2008,January,Commercial vehicles,"New registrations CV over 3,5 to 6t",541
1,2008,January,Commercial vehicles,New registrations Total CV over 6t,8156
1,2008,January,Commercial vehicles,New registrations CV over 6 to 16t,2145
1,2008,January,Commercial vehicles,New registrations CV over 16t,6011
1,2008,January,Commercial vehicles,New registrations Total Buses,522
1,2008,January,Commercial vehicles,Trailer Total,16810
1,2008,January,Commercial vehicles,Trailer - Semitrailers,3745
1,2008,January,Commercial vehicles,Trailer - Caravans,694
1,2008,January,Commercial vehicles,Export CV up to 6t,18540
1,2008,January,Commercial vehicles,Produktion CV up to 6t,25412
7,2008,July,Passenger cars,New registrations Total,262534
7,2008,July,Passenger cars,New registrations German makes incl. group makes,187394
7,2008,July,Passenger cars,New registrations Foreign makes,75140
7,2008,July,Passenger cars,Export,329372
7,2008,July,Passenger cars,Production,434801
7,2008,July,Commercial vehicles,New registrations Total,28728
7,2008,July,Commercial vehicles,New registrations Total CV up to 6t,19841
7,2008,July,Commercial vehicles,New registrations CV up to 2t,2348
7,2008,July,Commercial vehicles,"New registrations CV over 2 to 3,5t",16719
7,2008,July,Commercial vehicles,"New registrations CV over 3,5 to 6t",774
7,2008,July,Commercial vehicles,New registrations Total CV over 6t,8502
7,2008,July,Commercial vehicles,New registrations CV over 6 to 16t,2563
7,2008,July,Commercial vehicles,New registrations CV over 16t,5939
7,2008,July,Commercial vehicles,New registrations Total Buses,385
7,2008,July,Commercial vehicles,Trailer Total,26131
7,2008,July,Commercial vehicles,Trailer - Semitrailers,4138
7,2008,July,Commercial vehicles,Trailer - Caravans,2387
7,2008,July,Commercial vehicles,Export CV up to 6t,19038
7,2008,July,Commercial vehicles,Produktion CV up to 6t,25323
6,2008,June,Passenger cars,New registrations Total,304036
6,2008,June,Passenger cars,New registrations German makes incl. group makes,210873
6,2008,June,Passenger cars,New registrations Foreign makes,93163
6,2008,June,Passenger cars,Export,377861
6,2008,June,Passenger cars,Production,516609
6,2008,June,Commercial vehicles,New registrations Total,30325
6,2008,June,Commercial vehicles,New registrations Total CV up to 6t,21349
6,2008,June,Commercial vehicles,New registrations CV up to 2t,2477
6,2008,June,Commercial vehicles,"New registrations CV over 2 to 3,5t",18210
6,2008,June,Commercial vehicles,"New registrations CV over 3,5 to 6t",662
6,2008,June,Commercial vehicles,New registrations Total CV over 6t,8530
6,2008,June,Commercial vehicles,New registrations CV over 6 to 16t,2755
6,2008,June,Commercial vehicles,New registrations CV over 16t,5775
6,2008,June,Commercial vehicles,New registrations Total Buses,446
6,2008,June,Commercial vehicles,Trailer Total,24818
6,2008,June,Commercial vehicles,Trailer - Semitrailers,4327
6,2008,June,Commercial vehicles,Trailer - Caravans,2163
6,2008,June,Commercial vehicles,Export CV up to 6t,22675
6,2008,June,Commercial vehicles,Produktion CV up to 6t,28591
3,2008,March,Passenger cars,New registrations Total,286549
3,2008,March,Passenger cars,New registrations German makes incl. group makes,191735
3,2008,March,Passenger cars,New registrations Foreign makes,94814
3,2008,March,Passenger cars,Export,368323
3,2008,March,Passenger cars,Production,492336
3,2008,March,Commercial vehicles,New registrations Total,27615
3,2008,March,Commercial vehicles,New registrations Total CV up to 6t,19714
3,2008,March,Commercial vehicles,New registrations CV up to 2t,1976
3,2008,March,Commercial vehicles,"New registrations CV over 2 to 3,5t",17173
3,2008,March,Commercial vehicles,"New registrations CV over 3,5 to 6t",565
3,2008,March,Commercial vehicles,New registrations Total CV over 6t,7401
3,2008,March,Commercial vehicles,New registrations CV over 6 to 16t,2184
3,2008,March,Commercial vehicles,New registrations CV over 16t,5217
3,2008,March,Commercial vehicles,New registrations Total Buses,500
3,2008,March,Commercial vehicles,Trailer Total,23209
3,2008,March,Commercial vehicles,Trailer - Semitrailers,3486
3,2008,March,Commercial vehicles,Trailer - Caravans,2333
3,2008,March,Commercial vehicles,Export CV up to 6t,20836
3,2008,March,Commercial vehicles,Produktion CV up to 6t,27083
5,2008,May,Passenger cars,New registrations Total,275259
5,2008,May,Passenger cars,New registrations German makes incl. group makes,192100
5,2008,May,Passenger cars,New registrations Foreign makes,83159
5,2008,May,Passenger cars,Export,324243
5,2008,May,Passenger cars,Production,444537
5,2008,May,Commercial vehicles,New registrations Total,28791
5,2008,May,Commercial vehicles,New registrations Total CV up to 6t,19698
5,2008,May,Commercial vehicles,New registrations CV up to 2t,2222
5,2008,May,Commercial vehicles,"New registrations CV over 2 to 3,5t",16886
5,2008,May,Commercial vehicles,"New registrations CV over 3,5 to 6t",590
5,2008,May,Commercial vehicles,New registrations Total CV over 6t,8594
5,2008,May,Commercial vehicles,New registrations CV over 6 to 16t,2835
5,2008,May,Commercial vehicles,New registrations CV over 16t,5759
5,2008,May,Commercial vehicles,New registrations Total Buses,499
5,2008,May,Commercial vehicles,Trailer Total,26945
5,2008,May,Commercial vehicles,Trailer - Semitrailers,4149
5,2008,May,Commercial vehicles,Trailer - Caravans,2615
5,2008,May,Commercial vehicles,Export CV up to 6t,19912
5,2008,May,Commercial vehicles,Produktion CV up to 6t,25918
11,2008,November,Passenger cars,New registrations Total,233772
11,2008,November,Passenger cars,New registrations German makes incl. group makes,165193
11,2008,November,Passenger cars,New registrations Foreign makes,68579
11,2008,November,Passenger cars,Export,330174
11,2008,November,Passenger cars,Production,452590
11,2008,November,Commercial vehicles,New registrations Total,25684
11,2008,November,Commercial vehicles,New registrations Total CV up to 6t,18798
11,2008,November,Commercial vehicles,New registrations CV up to 2t,2136
11,2008,November,Commercial vehicles,"New registrations CV over 2 to 3,5t",15962
11,2008,November,Commercial vehicles,"New registrations CV over 3,5 to 6t",700
11,2008,November,Commercial vehicles,New registrations Total CV over 6t,6313
11,2008,November,Commercial vehicles,New registrations CV over 6 to 16t,2429
11,2008,November,Commercial vehicles,New registrations CV over 16t,3884
11,2008,November,Commercial vehicles,New registrations Total Buses,573
11,2008,November,Commercial vehicles,Trailer Total,14915
11,2008,November,Commercial vehicles,Trailer - Semitrailers,2062
11,2008,November,Commercial vehicles,Trailer - Caravans,651
11,2008,November,Commercial vehicles,Export CV up to 6t,12467
11,2008,November,Commercial vehicles,Produktion CV up to 6t,18562
10,2008,October,Passenger cars,New registrations Total,258814
10,2008,October,Passenger cars,New registrations German makes incl. group makes,187041
10,2008,October,Passenger cars,New registrations Foreign makes,71773
10,2008,October,Passenger cars,Export,331041
10,2008,October,Passenger cars,Production,448565
10,2008,October,Commercial vehicles,New registrations Total,28957
10,2008,October,Commercial vehicles,New registrations Total CV up to 6t,20487
10,2008,October,Commercial vehicles,New registrations CV up to 2t,2050
10,2008,October,Commercial vehicles,"New registrations CV over 2 to 3,5t",17660
10,2008,October,Commercial vehicles,"New registrations CV over 3,5 to 6t",777
10,2008,October,Commercial vehicles,New registrations Total CV over 6t,7940
10,2008,October,Commercial vehicles,New registrations CV over 6 to 16t,2845
10,2008,October,Commercial vehicles,New registrations CV over 16t,5095
10,2008,October,Commercial vehicles,New registrations Total Buses,530
10,2008,October,Commercial vehicles,Trailer Total,20778
10,2008,October,Commercial vehicles,Trailer - Semitrailers,3254
10,2008,October,Commercial vehicles,Trailer - Caravans,1006
10,2008,October,Commercial vehicles,Export CV up to 6t,17841
10,2008,October,Commercial vehicles,Produktion CV up to 6t,24756
9,2008,September,Passenger cars,New registrations Total,261384
9,2008,September,Passenger cars,New registrations German makes incl. group makes,183254
9,2008,September,Passenger cars,New registrations Foreign makes,78130
9,2008,September,Passenger cars,Export,403444
9,2008,September,Passenger cars,Production,535893
9,2008,September,Commercial vehicles,New registrations Total,32520
9,2008,September,Commercial vehicles,New registrations Total CV up to 6t,19869
9,2008,September,Commercial vehicles,New registrations CV up to 2t,1846
9,2008,September,Commercial vehicles,"New registrations CV over 2 to 3,5t",17319
9,2008,September,Commercial vehicles,"New registrations CV over 3,5 to 6t",704
9,2008,September,Commercial vehicles,New registrations Total CV over 6t,12185
9,2008,September,Commercial vehicles,New registrations CV over 6 to 16t,3357
9,2008,September,Commercial vehicles,New registrations CV over 16t,8828
9,2008,September,Commercial vehicles,New registrations Total Buses,466
9,2008,September,Commercial vehicles,Trailer Total,23769
9,2008,September,Commercial vehicles,Trailer - Semitrailers,3713
9,2008,September,Commercial vehicles,Trailer - Caravans,1257
9,2008,September,Commercial vehicles,Export CV up to 6t,20706
9,2008,September,Commercial vehicles,Produktion CV up to 6t,29329
4,2009,April,Passenger cars,New registrations Total,379626
4,2009,April,Passenger cars,New registrations German makes incl. group makes,245782
4,2009,April,Passenger cars,New registrations Foreign makes,133844
4,2009,April,Passenger cars,Export,214966
4,2009,April,Passenger cars,Production,373308
4,2009,April,Commercial vehicles,New registrations Total,21507
4,2009,April,Commercial vehicles,New registrations Total CV up to 6t,14672
4,2009,April,Commercial vehicles,New registrations CV up to 2t,1748
4,2009,April,Commercial vehicles,"New registrations CV over 2 to 3,5t",12468
4,2009,April,Commercial vehicles,"New registrations CV over 3,5 to 6t",456
4,2009,April,Commercial vehicles,New registrations Total CV over 6t,6304
4,2009,April,Commercial vehicles,New registrations CV over 6 to 16t,2025
4,2009,April,Commercial vehicles,New registrations CV over 16t,4279
4,2009,April,Commercial vehicles,New registrations Total Buses,531
4,2009,April,Commercial vehicles,Trailer Total,26056
4,2009,April,Commercial vehicles,Trailer - Semitrailers,1646
4,2009,April,Commercial vehicles,Trailer - Caravans,2681
4,2009,April,Commercial vehicles,Export CV up to 6t,6473
4,2009,April,Commercial vehicles,Produktion CV up to 6t,10349
8,2009,August,Passenger cars,New registrations Total,275219
8,2009,August,Passenger cars,New registrations German makes incl. group makes,172870
8,2009,August,Passenger cars,New registrations Foreign makes,102349
8,2009,August,Passenger cars,Export,226480
8,2009,August,Passenger cars,Production,325060
8,2009,August,Commercial vehicles,New registrations Total,17522
8,2009,August,Commercial vehicles,New registrations Total CV up to 6t,12934
8,2009,August,Commercial vehicles,New registrations CV up to 2t,1379
8,2009,August,Commercial vehicles,"New registrations CV over 2 to 3,5t",11105
8,2009,August,Commercial vehicles,"New registrations CV over 3,5 to 6t",450
8,2009,August,Commercial vehicles,New registrations Total CV over 6t,4230
8,2009,August,Commercial vehicles,New registrations CV over 6 to 16t,1761
8,2009,August,Commercial vehicles,New registrations CV over 16t,2469
8,2009,August,Commercial vehicles,New registrations Total Buses,358
8,2009,August,Commercial vehicles,Trailer Total,17944
8,2009,August,Commercial vehicles,Trailer - Semitrailers,1117
8,2009,August,Commercial vehicles,Trailer - Caravans,1188
8,2009,August,Commercial vehicles,Export CV up to 6t,7199
8,2009,August,Commercial vehicles,Produktion CV up to 6t,12165
12,2009,December,Passenger cars,New registrations Total,215564
12,2009,December,Passenger cars,New registrations German makes incl. group makes,149815
12,2009,December,Passenger cars,New registrations Foreign makes,65749
12,2009,December,Passenger cars,Export,292501
12,2009,December,Passenger cars,Production,351229
12,2009,December,Commercial vehicles,New registrations Total,19324
12,2009,December,Commercial vehicles,New registrations Total CV up to 6t,14499
12,2009,December,Commercial vehicles,New registrations CV up to 2t,1585
12,2009,December,Commercial vehicles,"New registrations CV over 2 to 3,5t",12311
12,2009,December,Commercial vehicles,"New registrations CV over 3,5 to 6t",603
12,2009,December,Commercial vehicles,New registrations Total CV over 6t,4047
12,2009,December,Commercial vehicles,New registrations CV over 6 to 16t,1660
12,2009,December,Commercial vehicles,New registrations CV over 16t,2387
12,2009,December,Commercial vehicles,New registrations Total Buses,778
12,2009,December,Commercial vehicles,Trailer Total,10958
12,2009,December,Commercial vehicles,Trailer - Semitrailers,826
12,2009,December,Commercial vehicles,Trailer - Caravans,385
12,2009,December,Commercial vehicles,Export CV up to 6t,11639
12,2009,December,Commercial vehicles,Produktion CV up to 6t,13845
2,2009,February,Passenger cars,New registrations Total,277740
2,2009,February,Passenger cars,New registrations German makes incl. group makes,172703
2,2009,February,Passenger cars,New registrations Foreign makes,105037
2,2009,February,Passenger cars,Export,215549
2,2009,February,Passenger cars,Production,297921
2,2009,February,Commercial vehicles,New registrations Total,16935
2,2009,February,Commercial vehicles,New registrations Total CV up to 6t,12036
2,2009,February,Commercial vehicles,New registrations CV up to 2t,1429
2,2009,February,Commercial vehicles,"New registrations CV over 2 to 3,5t",10198
2,2009,February,Commercial vehicles,"New registrations CV over 3,5 to 6t",409
2,2009,February,Commercial vehicles,New registrations Total CV over 6t,4559
2,2009,February,Commercial vehicles,New registrations CV over 6 to 16t,1374
2,2009,February,Commercial vehicles,New registrations CV over 16t,3185
2,2009,February,Commercial vehicles,New registrations Total Buses,340
2,2009,February,Commercial vehicles,Trailer Total,13499
2,2009,February,Commercial vehicles,Trailer - Semitrailers,1584
2,2009,February,Commercial vehicles,Trailer - Caravans,840
2,2009,February,Commercial vehicles,Export CV up to 6t,6369
2,2009,February,Commercial vehicles,Produktion CV up to 6t,9334
1,2009,January,Passenger cars,New registrations Total,189385
1,2009,January,Passenger cars,New registrations German makes incl. group makes,127292
1,2009,January,Passenger cars,New registrations Foreign makes,62093
1,2009,January,Passenger cars,Export,223281
1,2009,January,Passenger cars,Production,310113
1,2009,January,Commercial vehicles,New registrations Total,18774
1,2009,January,Commercial vehicles,New registrations Total CV up to 6t,12312
1,2009,January,Commercial vehicles,New registrations CV up to 2t,1818
1,2009,January,Commercial vehicles,"New registrations CV over 2 to 3,5t",10119
1,2009,January,Commercial vehicles,"New registrations CV over 3,5 to 6t",375
1,2009,January,Commercial vehicles,New registrations Total CV over 6t,6038
1,2009,January,Commercial vehicles,New registrations CV over 6 to 16t,1705
1,2009,January,Commercial vehicles,New registrations CV over 16t,4333
1,2009,January,Commercial vehicles,New registrations Total Buses,424
1,2009,January,Commercial vehicles,Trailer Total,11746
1,2009,January,Commercial vehicles,Trailer - Semitrailers,1830
1,2009,January,Commercial vehicles,Trailer - Caravans,494
1,2009,January,Commercial vehicles,Export CV up to 6t,7579
1,2009,January,Commercial vehicles,Produktion CV up to 6t,12277
7,2009,July,Passenger cars,New registrations Total,339976
7,2009,July,Passenger cars,New registrations German makes incl. group makes,220791
7,2009,July,Passenger cars,New registrations Foreign makes,119185
7,2009,July,Passenger cars,Export,294056
7,2009,July,Passenger cars,Production,410321
7,2009,July,Commercial vehicles,New registrations Total,21131
7,2009,July,Commercial vehicles,New registrations Total CV up to 6t,15452
7,2009,July,Commercial vehicles,New registrations CV up to 2t,1575
7,2009,July,Commercial vehicles,"New registrations CV over 2 to 3,5t",13292
7,2009,July,Commercial vehicles,"New registrations CV over 3,5 to 6t",585
7,2009,July,Commercial vehicles,New registrations Total CV over 6t,5190
7,2009,July,Commercial vehicles,New registrations CV over 6 to 16t,1875
7,2009,July,Commercial vehicles,New registrations CV over 16t,3315
7,2009,July,Commercial vehicles,New registrations Total Buses,489
7,2009,July,Commercial vehicles,Trailer Total,23660
7,2009,July,Commercial vehicles,Trailer - Semitrailers,1589
7,2009,July,Commercial vehicles,Trailer - Caravans,2054
7,2009,July,Commercial vehicles,Export CV up to 6t,8703
7,2009,July,Commercial vehicles,Produktion CV up to 6t,12826
6,2009,June,Passenger cars,New registrations Total,427111
6,2009,June,Passenger cars,New registrations German makes incl. group makes,289047
6,2009,June,Passenger cars,New registrations Foreign makes,138064
6,2009,June,Passenger cars,Export,312299
6,2009,June,Passenger cars,Production,478133
6,2009,June,Commercial vehicles,New registrations Total,20325
6,2009,June,Commercial vehicles,New registrations Total CV up to 6t,15298
6,2009,June,Commercial vehicles,New registrations CV up to 2t,1779
6,2009,June,Commercial vehicles,"New registrations CV over 2 to 3,5t",13006
6,2009,June,Commercial vehicles,"New registrations CV over 3,5 to 6t",513
6,2009,June,Commercial vehicles,New registrations Total CV over 6t,4654
6,2009,June,Commercial vehicles,New registrations CV over 6 to 16t,1741
6,2009,June,Commercial vehicles,New registrations CV over 16t,2913
6,2009,June,Commercial vehicles,New registrations Total Buses,373
6,2009,June,Commercial vehicles,Trailer Total,22883
6,2009,June,Commercial vehicles,Trailer - Semitrailers,1408
6,2009,June,Commercial vehicles,Trailer - Caravans,1835
6,2009,June,Commercial vehicles,Export CV up to 6t,8396
6,2009,June,Commercial vehicles,Produktion CV up to 6t,14238
3,2009,March,Passenger cars,New registrations Total,400965
3,2009,March,Passenger cars,New registrations German makes incl. group makes,244426
3,2009,March,Passenger cars,New registrations Foreign makes,156539
3,2009,March,Passenger cars,Export,276910
3,2009,March,Passenger cars,Production,435693
3,2009,March,Commercial vehicles,New registrations Total,23299
3,2009,March,Commercial vehicles,New registrations Total CV up to 6t,16415
3,2009,March,Commercial vehicles,New registrations CV up to 2t,2010
3,2009,March,Commercial vehicles,"New registrations CV over 2 to 3,5t",13892
3,2009,March,Commercial vehicles,"New registrations CV over 3,5 to 6t",513
3,2009,March,Commercial vehicles,New registrations Total CV over 6t,6382
3,2009,March,Commercial vehicles,New registrations CV over 6 to 16t,2022
3,2009,March,Commercial vehicles,New registrations CV over 16t,4360
3,2009,March,Commercial vehicles,New registrations Total Buses,502
3,2009,March,Commercial vehicles,Trailer Total,23668
3,2009,March,Commercial vehicles,Trailer - Semitrailers,1752
3,2009,March,Commercial vehicles,Trailer - Caravans,2187
3,2009,March,Commercial vehicles,Export CV up to 6t,7624
3,2009,March,Commercial vehicles,Produktion CV up to 6t,13133
5,2009,May,Passenger cars,New registrations Total,384578
5,2009,May,Passenger cars,New registrations German makes incl. group makes,255502
5,2009,May,Passenger cars,New registrations Foreign makes,129076
5,2009,May,Passenger cars,Export,251119
5,2009,May,Passenger cars,Production,427239
5,2009,May,Commercial vehicles,New registrations Total,19808
5,2009,May,Commercial vehicles,New registrations Total CV up to 6t,14036
5,2009,May,Commercial vehicles,New registrations CV up to 2t,1439
5,2009,May,Commercial vehicles,"New registrations CV over 2 to 3,5t",12166
5,2009,May,Commercial vehicles,"New registrations CV over 3,5 to 6t",431
5,2009,May,Commercial vehicles,New registrations Total CV over 6t,5397
5,2009,May,Commercial vehicles,New registrations CV over 6 to 16t,1936
5,2009,May,Commercial vehicles,New registrations CV over 16t,3461
5,2009,May,Commercial vehicles,New registrations Total Buses,375
5,2009,May,Commercial vehicles,Trailer Total,22719
5,2009,May,Commercial vehicles,Trailer - Semitrailers,1417
5,2009,May,Commercial vehicles,Trailer - Caravans,2634
5,2009,May,Commercial vehicles,Export CV up to 6t,8096
5,2009,May,Commercial vehicles,Produktion CV up to 6t,12879
11,2009,November,Passenger cars,New registrations Total,279725
11,2009,November,Passenger cars,New registrations German makes incl. group makes,194081
11,2009,November,Passenger cars,New registrations Foreign makes,85644
11,2009,November,Passenger cars,Export,374679
11,2009,November,Passenger cars,Production,493851
11,2009,November,Commercial vehicles,New registrations Total,20848
11,2009,November,Commercial vehicles,New registrations Total CV up to 6t,16111
11,2009,November,Commercial vehicles,New registrations CV up to 2t,1595
11,2009,November,Commercial vehicles,"New registrations CV over 2 to 3,5t",13992
11,2009,November,Commercial vehicles,"New registrations CV over 3,5 to 6t",524
11,2009,November,Commercial vehicles,New registrations Total CV over 6t,4131
11,2009,November,Commercial vehicles,New registrations CV over 6 to 16t,1536
11,2009,November,Commercial vehicles,New registrations CV over 16t,2595
11,2009,November,Commercial vehicles,New registrations Total Buses,606
11,2009,November,Commercial vehicles,Trailer Total,14289
11,2009,November,Commercial vehicles,Trailer - Semitrailers,1106
11,2009,November,Commercial vehicles,Trailer - Caravans,549
11,2009,November,Commercial vehicles,Export CV up to 6t,12390
11,2009,November,Commercial vehicles,Produktion CV up to 6t,17875
10,2009,October,Passenger cars,New registrations Total,321120
10,2009,October,Passenger cars,New registrations German makes incl. group makes,222186
10,2009,October,Passenger cars,New registrations Foreign makes,98934
10,2009,October,Passenger cars,Export,365935
10,2009,October,Passenger cars,Production,508450
10,2009,October,Commercial vehicles,New registrations Total,21052
10,2009,October,Commercial vehicles,New registrations Total CV up to 6t,16178
10,2009,October,Commercial vehicles,New registrations CV up to 2t,1568
10,2009,October,Commercial vehicles,"New registrations CV over 2 to 3,5t",14068
10,2009,October,Commercial vehicles,"New registrations CV over 3,5 to 6t",542
10,2009,October,Commercial vehicles,New registrations Total CV over 6t,4472
10,2009,October,Commercial vehicles,New registrations CV over 6 to 16t,1511
10,2009,October,Commercial vehicles,New registrations CV over 16t,2961
10,2009,October,Commercial vehicles,New registrations Total Buses,402
10,2009,October,Commercial vehicles,Trailer Total,18367
10,2009,October,Commercial vehicles,Trailer - Semitrailers,1328
10,2009,October,Commercial vehicles,Trailer - Caravans,804
10,2009,October,Commercial vehicles,Export CV up to 6t,13272
10,2009,October,Commercial vehicles,Produktion CV up to 6t,20106
9,2009,September,Passenger cars,New registrations Total,316166
9,2009,September,Passenger cars,New registrations German makes incl. group makes,213617
9,2009,September,Passenger cars,New registrations Foreign makes,102549
9,2009,September,Passenger cars,Export,377851
9,2009,September,Passenger cars,Production,553205
9,2009,September,Commercial vehicles,New registrations Total,21659
9,2009,September,Commercial vehicles,New registrations Total CV up to 6t,15428
9,2009,September,Commercial vehicles,New registrations CV up to 2t,1304
9,2009,September,Commercial vehicles,"New registrations CV over 2 to 3,5t",13530
9,2009,September,Commercial vehicles,"New registrations CV over 3,5 to 6t",594
9,2009,September,Commercial vehicles,New registrations Total CV over 6t,5797
9,2009,September,Commercial vehicles,New registrations CV over 6 to 16t,1856
9,2009,September,Commercial vehicles,New registrations CV over 16t,3941
9,2009,September,Commercial vehicles,New registrations Total Buses,434
9,2009,September,Commercial vehicles,Trailer Total,20454
9,2009,September,Commercial vehicles,Trailer - Semitrailers,1364
9,2009,September,Commercial vehicles,Trailer - Caravans,888
9,2009,September,Commercial vehicles,Export CV up to 6t,11830
9,2009,September,Commercial vehicles,Produktion CV up to 6t,18601
4,2010,April,Passenger cars,New registrations Total,259414
4,2010,April,Passenger cars,New registrations German makes incl. group makes,182803
4,2010,April,Passenger cars,New registrations Foreign makes,76611
4,2010,April,Passenger cars,Export,351831
4,2010,April,Passenger cars,Production,464591
4,2010,April,Commercial vehicles,New registrations Total,23694
4,2010,April,Commercial vehicles,New registrations Total CV up to 6t,17447
4,2010,April,Commercial vehicles,New registrations CV up to 2t,1746
4,2010,April,Commercial vehicles,"New registrations CV over 2 to 3,5t",15199
4,2010,April,Commercial vehicles,"New registrations CV over 3,5 to 6t",502
4,2010,April,Commercial vehicles,New registrations Total CV over 6t,5815
4,2010,April,Commercial vehicles,New registrations CV over 6 to 16t,1796
4,2010,April,Commercial vehicles,New registrations CV over 16t,4019
4,2010,April,Commercial vehicles,New registrations Total Buses,432
4,2010,April,Commercial vehicles,Trailer Total,26368
4,2010,April,Commercial vehicles,Trailer - Semitrailers,1934
4,2010,April,Commercial vehicles,Trailer - Caravans,2204
4,2010,April,Commercial vehicles,Export CV up to 6t,13322
4,2010,April,Commercial vehicles,Produktion CV up to 6t,19105
8,2010,August,Passenger cars,New registrations Total,200885
8,2010,August,Passenger cars,New registrations German makes incl. group makes,133796
8,2010,August,Passenger cars,New registrations Foreign makes,67089
8,2010,August,Passenger cars,Export,254931
8,2010,August,Passenger cars,Production,335748
8,2010,August,Commercial vehicles,New registrations Total,20892
8,2010,August,Commercial vehicles,New registrations Total CV up to 6t,14503
8,2010,August,Commercial vehicles,New registrations CV up to 2t,1264
8,2010,August,Commercial vehicles,"New registrations CV over 2 to 3,5t",12793
8,2010,August,Commercial vehicles,"New registrations CV over 3,5 to 6t",446
8,2010,August,Commercial vehicles,New registrations Total CV over 6t,5967
8,2010,August,Commercial vehicles,New registrations CV over 6 to 16t,2155
8,2010,August,Commercial vehicles,New registrations CV over 16t,3812
8,2010,August,Commercial vehicles,New registrations Total Buses,422
8,2010,August,Commercial vehicles,Trailer Total,21362
8,2010,August,Commercial vehicles,Trailer - Semitrailers,1624
8,2010,August,Commercial vehicles,Trailer - Caravans,1097
8,2010,August,Commercial vehicles,Export CV up to 6t,8174
8,2010,August,Commercial vehicles,Produktion CV up to 6t,10444
12,2010,December,Passenger cars,New registrations Total,230371
12,2010,December,Passenger cars,New registrations German makes incl. group makes,159229
12,2010,December,Passenger cars,New registrations Foreign makes,71142
12,2010,December,Passenger cars,Export,327792
12,2010,December,Passenger cars,Production,414480
12,2010,December,Commercial vehicles,New registrations Total,26527
12,2010,December,Commercial vehicles,New registrations Total CV up to 6t,19208
12,2010,December,Commercial vehicles,New registrations CV up to 2t,1616
12,2010,December,Commercial vehicles,"New registrations CV over 2 to 3,5t",16954
12,2010,December,Commercial vehicles,"New registrations CV over 3,5 to 6t",638
12,2010,December,Commercial vehicles,New registrations Total CV over 6t,6682
12,2010,December,Commercial vehicles,New registrations CV over 6 to 16t,2186
12,2010,December,Commercial vehicles,New registrations CV over 16t,4496
12,2010,December,Commercial vehicles,New registrations Total Buses,637
12,2010,December,Commercial vehicles,Trailer Total,10626
12,2010,December,Commercial vehicles,Trailer - Semitrailers,1708
12,2010,December,Commercial vehicles,Trailer - Caravans,345
12,2010,December,Commercial vehicles,Export CV up to 6t,14429
12,2010,December,Commercial vehicles,Produktion CV up to 6t,17494
2,2010,February,Passenger cars,New registrations Total,194846
2,2010,February,Passenger cars,New registrations German makes incl. group makes,137235
2,2010,February,Passenger cars,New registrations Foreign makes,57611
2,2010,February,Passenger cars,Export,346422
2,2010,February,Passenger cars,Production,450355
2,2010,February,Commercial vehicles,New registrations Total,16411
2,2010,February,Commercial vehicles,New registrations Total CV up to 6t,12394
2,2010,February,Commercial vehicles,New registrations CV up to 2t,1333
2,2010,February,Commercial vehicles,"New registrations CV over 2 to 3,5t",10618
2,2010,February,Commercial vehicles,"New registrations CV over 3,5 to 6t",443
2,2010,February,Commercial vehicles,New registrations Total CV over 6t,3722
2,2010,February,Commercial vehicles,New registrations CV over 6 to 16t,1322
2,2010,February,Commercial vehicles,New registrations CV over 16t,2400
2,2010,February,Commercial vehicles,New registrations Total Buses,295
2,2010,February,Commercial vehicles,Trailer Total,11491
2,2010,February,Commercial vehicles,Trailer - Semitrailers,1154
2,2010,February,Commercial vehicles,Trailer - Caravans,596
2,2010,February,Commercial vehicles,Export CV up to 6t,13625
2,2010,February,Commercial vehicles,Produktion CV up to 6t,17655
1,2010,January,Passenger cars,New registrations Total,181189
1,2010,January,Passenger cars,New registrations German makes incl. group makes,121227
1,2010,January,Passenger cars,New registrations Foreign makes,59962
1,2010,January,Passenger cars,Export,283532
1,2010,January,Passenger cars,Production,376937
1,2010,January,Commercial vehicles,New registrations Total,16250
1,2010,January,Commercial vehicles,New registrations Total CV up to 6t,12100
1,2010,January,Commercial vehicles,New registrations CV up to 2t,1675
1,2010,January,Commercial vehicles,"New registrations CV over 2 to 3,5t",10051
1,2010,January,Commercial vehicles,"New registrations CV over 3,5 to 6t",374
1,2010,January,Commercial vehicles,New registrations Total CV over 6t,3811
1,2010,January,Commercial vehicles,New registrations CV over 6 to 16t,1210
1,2010,January,Commercial vehicles,New registrations CV over 16t,2601
1,2010,January,Commercial vehicles,New registrations Total Buses,339
1,2010,January,Commercial vehicles,Trailer Total,9208
1,2010,January,Commercial vehicles,Trailer - Semitrailers,1177
1,2010,January,Commercial vehicles,Trailer - Caravans,365
1,2010,January,Commercial vehicles,Export CV up to 6t,9536
1,2010,January,Commercial vehicles,Produktion CV up to 6t,14349
7,2010,July,Passenger cars,New registrations Total,237428
7,2010,July,Passenger cars,New registrations German makes incl. group makes,164434
7,2010,July,Passenger cars,New registrations Foreign makes,72994
7,2010,July,Passenger cars,Export,317591
7,2010,July,Passenger cars,Production,392553
7,2010,July,Commercial vehicles,New registrations Total,23420
7,2010,July,Commercial vehicles,New registrations Total CV up to 6t,16424
7,2010,July,Commercial vehicles,New registrations CV up to 2t,1474
7,2010,July,Commercial vehicles,"New registrations CV over 2 to 3,5t",14340
7,2010,July,Commercial vehicles,"New registrations CV over 3,5 to 6t",610
7,2010,July,Commercial vehicles,New registrations Total CV over 6t,6649
7,2010,July,Commercial vehicles,New registrations CV over 6 to 16t,2181
7,2010,July,Commercial vehicles,New registrations CV over 16t,4468
7,2010,July,Commercial vehicles,New registrations Total Buses,347
7,2010,July,Commercial vehicles,Trailer Total,23379
7,2010,July,Commercial vehicles,Trailer - Semitrailers,2001
7,2010,July,Commercial vehicles,Trailer - Caravans,1705
7,2010,July,Commercial vehicles,Export CV up to 6t,13727
7,2010,July,Commercial vehicles,Produktion CV up to 6t,19710
6,2010,June,Passenger cars,New registrations Total,289259
6,2010,June,Passenger cars,New registrations German makes incl. group makes,203818
6,2010,June,Passenger cars,New registrations Foreign makes,85441
6,2010,June,Passenger cars,Export,400854
6,2010,June,Passenger cars,Production,528820
6,2010,June,Commercial vehicles,New registrations Total,24696
6,2010,June,Commercial vehicles,New registrations Total CV up to 6t,18008
6,2010,June,Commercial vehicles,New registrations CV up to 2t,1721
6,2010,June,Commercial vehicles,"New registrations CV over 2 to 3,5t",15669
6,2010,June,Commercial vehicles,"New registrations CV over 3,5 to 6t",618
6,2010,June,Commercial vehicles,New registrations Total CV over 6t,6366
6,2010,June,Commercial vehicles,New registrations CV over 6 to 16t,2179
6,2010,June,Commercial vehicles,New registrations CV over 16t,4187
6,2010,June,Commercial vehicles,New registrations Total Buses,322
6,2010,June,Commercial vehicles,Trailer Total,25059
6,2010,June,Commercial vehicles,Trailer - Semitrailers,2033
6,2010,June,Commercial vehicles,Trailer - Caravans,1988
6,2010,June,Commercial vehicles,Export CV up to 6t,15951
6,2010,June,Commercial vehicles,Produktion CV up to 6t,21773
3,2010,March,Passenger cars,New registrations Total,294375
3,2010,March,Passenger cars,New registrations German makes incl. group makes,207625
3,2010,March,Passenger cars,New registrations Foreign makes,86750
3,2010,March,Passenger cars,Export,417133
3,2010,March,Passenger cars,Production,560055
3,2010,March,Commercial vehicles,New registrations Total,25740
3,2010,March,Commercial vehicles,New registrations Total CV up to 6t,19083
3,2010,March,Commercial vehicles,New registrations CV up to 2t,1863
3,2010,March,Commercial vehicles,"New registrations CV over 2 to 3,5t",16495
3,2010,March,Commercial vehicles,"New registrations CV over 3,5 to 6t",725
3,2010,March,Commercial vehicles,New registrations Total CV over 6t,6201
3,2010,March,Commercial vehicles,New registrations CV over 6 to 16t,2057
3,2010,March,Commercial vehicles,New registrations CV over 16t,4144
3,2010,March,Commercial vehicles,New registrations Total Buses,456
3,2010,March,Commercial vehicles,Trailer Total,26899
3,2010,March,Commercial vehicles,Trailer - Semitrailers,1842
3,2010,March,Commercial vehicles,Trailer - Caravans,2365
3,2010,March,Commercial vehicles,Export CV up to 6t,15251
3,2010,March,Commercial vehicles,Produktion CV up to 6t,20594
5,2010,May,Passenger cars,New registrations Total,249708
5,2010,May,Passenger cars,New registrations German makes incl. group makes,176802
5,2010,May,Passenger cars,New registrations Foreign makes,72906
5,2010,May,Passenger cars,Export,362491
5,2010,May,Passenger cars,Production,470130
5,2010,May,Commercial vehicles,New registrations Total,22281
5,2010,May,Commercial vehicles,New registrations Total CV up to 6t,16161
5,2010,May,Commercial vehicles,New registrations CV up to 2t,1650
5,2010,May,Commercial vehicles,"New registrations CV over 2 to 3,5t",14010
5,2010,May,Commercial vehicles,"New registrations CV over 3,5 to 6t",501
5,2010,May,Commercial vehicles,New registrations Total CV over 6t,5793
5,2010,May,Commercial vehicles,New registrations CV over 6 to 16t,1935
5,2010,May,Commercial vehicles,New registrations CV over 16t,3858
5,2010,May,Commercial vehicles,New registrations Total Buses,327
5,2010,May,Commercial vehicles,Trailer Total,25367
5,2010,May,Commercial vehicles,Trailer - Semitrailers,1854
5,2010,May,Commercial vehicles,Trailer - Caravans,2661
5,2010,May,Commercial vehicles,Export CV up to 6t,13014
5,2010,May,Commercial vehicles,Produktion CV up to 6t,18591
11,2010,November,Passenger cars,New registrations Total,262262
11,2010,November,Passenger cars,New registrations German makes incl. group makes,188731
11,2010,November,Passenger cars,New registrations Foreign makes,73531
11,2010,November,Passenger cars,Export,397065
11,2010,November,Passenger cars,Production,519765
11,2010,November,Commercial vehicles,New registrations Total,28677
11,2010,November,Commercial vehicles,New registrations Total CV up to 6t,20616
11,2010,November,Commercial vehicles,New registrations CV up to 2t,1778
11,2010,November,Commercial vehicles,"New registrations CV over 2 to 3,5t",18229
11,2010,November,Commercial vehicles,"New registrations CV over 3,5 to 6t",609
11,2010,November,Commercial vehicles,New registrations Total CV over 6t,7447
11,2010,November,Commercial vehicles,New registrations CV over 6 to 16t,2724
11,2010,November,Commercial vehicles,New registrations CV over 16t,4723
11,2010,November,Commercial vehicles,New registrations Total Buses,614
11,2010,November,Commercial vehicles,Trailer Total,17426
11,2010,November,Commercial vehicles,Trailer - Semitrailers,2315
11,2010,November,Commercial vehicles,Trailer - Caravans,540
11,2010,November,Commercial vehicles,Export CV up to 6t,19734
11,2010,November,Commercial vehicles,Produktion CV up to 6t,27080
10,2010,October,Passenger cars,New registrations Total,256775
10,2010,October,Passenger cars,New registrations German makes incl. group makes,179721
10,2010,October,Passenger cars,New registrations Foreign makes,77054
10,2010,October,Passenger cars,Export,377628
10,2010,October,Passenger cars,Production,502507
10,2010,October,Commercial vehicles,New registrations Total,26690
10,2010,October,Commercial vehicles,New registrations Total CV up to 6t,18810
10,2010,October,Commercial vehicles,New registrations CV up to 2t,1458
10,2010,October,Commercial vehicles,"New registrations CV over 2 to 3,5t",16714
10,2010,October,Commercial vehicles,"New registrations CV over 3,5 to 6t",638
10,2010,October,Commercial vehicles,New registrations Total CV over 6t,7400
10,2010,October,Commercial vehicles,New registrations CV over 6 to 16t,2399
10,2010,October,Commercial vehicles,New registrations CV over 16t,5001
10,2010,October,Commercial vehicles,New registrations Total Buses,480
10,2010,October,Commercial vehicles,Trailer Total,19493
10,2010,October,Commercial vehicles,Trailer - Semitrailers,2135
10,2010,October,Commercial vehicles,Trailer - Caravans,751
10,2010,October,Commercial vehicles,Export CV up to 6t,13880
10,2010,October,Commercial vehicles,Produktion CV up to 6t,20866
9,2010,September,Passenger cars,New registrations Total,259748
9,2010,September,Passenger cars,New registrations German makes incl. group makes,182628
9,2010,September,Passenger cars,New registrations Foreign makes,77120
9,2010,September,Passenger cars,Export,401489
9,2010,September,Passenger cars,Production,536468
9,2010,September,Commercial vehicles,New registrations Total,26879
9,2010,September,Commercial vehicles,New registrations Total CV up to 6t,18499
9,2010,September,Commercial vehicles,New registrations CV up to 2t,1156
9,2010,September,Commercial vehicles,"New registrations CV over 2 to 3,5t",16727
9,2010,September,Commercial vehicles,"New registrations CV over 3,5 to 6t",616
9,2010,September,Commercial vehicles,New registrations Total CV over 6t,7832
9,2010,September,Commercial vehicles,New registrations CV over 6 to 16t,2724
9,2010,September,Commercial vehicles,New registrations CV over 16t,5108
9,2010,September,Commercial vehicles,New registrations Total Buses,548
9,2010,September,Commercial vehicles,Trailer Total,22450
9,2010,September,Commercial vehicles,Trailer - Semitrailers,2384
9,2010,September,Commercial vehicles,Trailer - Caravans,941
9,2010,September,Commercial vehicles,Export CV up to 6t,14826
9,2010,September,Commercial vehicles,Produktion CV up to 6t,23025
4,2011,April,Passenger cars,New registrations Total,266251
4,2011,April,Passenger cars,New registrations German makes incl. group makes,188354
4,2011,April,Passenger cars,New registrations Foreign makes,77897
4,2011,April,Passenger cars,Export,377554
4,2011,April,Passenger cars,Production,470463
4,2011,April,Commercial vehicles,New registrations Total,26594
4,2011,April,Commercial vehicles,New registrations Total CV up to 6t,18309
4,2011,April,Commercial vehicles,New registrations CV up to 2t,1357
4,2011,April,Commercial vehicles,"New registrations CV over 2 to 3,5t",16447
4,2011,April,Commercial vehicles,"New registrations CV over 3,5 to 6t",505
4,2011,April,Commercial vehicles,New registrations Total CV over 6t,7791
4,2011,April,Commercial vehicles,New registrations CV over 6 to 16t,2508
4,2011,April,Commercial vehicles,New registrations CV over 16t,5283
4,2011,April,Commercial vehicles,New registrations Total Buses,494
4,2011,April,Commercial vehicles,Trailer Total,27689
4,2011,April,Commercial vehicles,Trailer - Semitrailers,2646
4,2011,April,Commercial vehicles,Trailer - Caravans,2831
4,2011,April,Commercial vehicles,Export CV up to 6t,15803
4,2011,April,Commercial vehicles,Produktion CV up to 6t,21584
8,2011,August,Passenger cars,New registrations Total,237561
8,2011,August,Passenger cars,New registrations German makes incl. group makes,165104
8,2011,August,Passenger cars,New registrations Foreign makes,72457
8,2011,August,Passenger cars,Export,305774
8,2011,August,Passenger cars,Production,396706
8,2011,August,Commercial vehicles,New registrations Total,25383
8,2011,August,Commercial vehicles,New registrations Total CV up to 6t,18144
8,2011,August,Commercial vehicles,New registrations CV up to 2t,1699
8,2011,August,Commercial vehicles,"New registrations CV over 2 to 3,5t",15909
8,2011,August,Commercial vehicles,"New registrations CV over 3,5 to 6t",536
8,2011,August,Commercial vehicles,New registrations Total CV over 6t,6877
8,2011,August,Commercial vehicles,New registrations CV over 6 to 16t,2357
8,2011,August,Commercial vehicles,New registrations CV over 16t,4520
8,2011,August,Commercial vehicles,New registrations Total Buses,362
8,2011,August,Commercial vehicles,Trailer Total,21501
8,2011,August,Commercial vehicles,Trailer - Semitrailers,2077
8,2011,August,Commercial vehicles,Trailer - Caravans,1241
8,2011,August,Commercial vehicles,Export CV up to 6t,12730
8,2011,August,Commercial vehicles,Produktion CV up to 6t,19684
12,2011,December,Passenger cars,New registrations Total,244501
12,2011,December,Passenger cars,New registrations German makes incl. group makes,174769
12,2011,December,Passenger cars,New registrations Foreign makes,69732
12,2011,December,Passenger cars,Export,330589
12,2011,December,Passenger cars,Production,410689
12,2011,December,Commercial vehicles,New registrations Total,30847
12,2011,December,Commercial vehicles,New registrations Total CV up to 6t,23497
12,2011,December,Commercial vehicles,New registrations CV up to 2t,1700
12,2011,December,Commercial vehicles,"New registrations CV over 2 to 3,5t",21058
12,2011,December,Commercial vehicles,"New registrations CV over 3,5 to 6t",739
12,2011,December,Commercial vehicles,New registrations Total CV over 6t,6645
12,2011,December,Commercial vehicles,New registrations CV over 6 to 16t,2121
12,2011,December,Commercial vehicles,New registrations CV over 16t,4524
12,2011,December,Commercial vehicles,New registrations Total Buses,705
12,2011,December,Commercial vehicles,Trailer Total,13080
12,2011,December,Commercial vehicles,Trailer - Semitrailers,1806
12,2011,December,Commercial vehicles,Trailer - Caravans,408
12,2011,December,Commercial vehicles,Export CV up to 6t,16430
12,2011,December,Commercial vehicles,Produktion CV up to 6t,21459
2,2011,February,Passenger cars,New registrations Total,224426
2,2011,February,Passenger cars,New registrations German makes incl. group makes,153058
2,2011,February,Passenger cars,New registrations Foreign makes,71368
2,2011,February,Passenger cars,Export,402944
2,2011,February,Passenger cars,Production,519342
2,2011,February,Commercial vehicles,New registrations Total,22855
2,2011,February,Commercial vehicles,New registrations Total CV up to 6t,16262
2,2011,February,Commercial vehicles,New registrations CV up to 2t,1401
2,2011,February,Commercial vehicles,"New registrations CV over 2 to 3,5t",14376
2,2011,February,Commercial vehicles,"New registrations CV over 3,5 to 6t",485
2,2011,February,Commercial vehicles,New registrations Total CV over 6t,6348
2,2011,February,Commercial vehicles,New registrations CV over 6 to 16t,2072
2,2011,February,Commercial vehicles,New registrations CV over 16t,4276
2,2011,February,Commercial vehicles,New registrations Total Buses,245
2,2011,February,Commercial vehicles,Trailer Total,17082
2,2011,February,Commercial vehicles,Trailer - Semitrailers,1967
2,2011,February,Commercial vehicles,Trailer - Caravans,981
2,2011,February,Commercial vehicles,Export CV up to 6t,17280
2,2011,February,Commercial vehicles,Produktion CV up to 6t,21555
1,2011,January,Passenger cars,New registrations Total,211056
1,2011,January,Passenger cars,New registrations German makes incl. group makes,146310
1,2011,January,Passenger cars,New registrations Foreign makes,64746
1,2011,January,Passenger cars,Export,311577
1,2011,January,Passenger cars,Production,398078
1,2011,January,Commercial vehicles,New registrations Total,22841
1,2011,January,Commercial vehicles,New registrations Total CV up to 6t,16218
1,2011,January,Commercial vehicles,New registrations CV up to 2t,1525
1,2011,January,Commercial vehicles,"New registrations CV over 2 to 3,5t",14246
1,2011,January,Commercial vehicles,"New registrations CV over 3,5 to 6t",447
1,2011,January,Commercial vehicles,New registrations Total CV over 6t,6204
1,2011,January,Commercial vehicles,New registrations CV over 6 to 16t,1872
1,2011,January,Commercial vehicles,New registrations CV over 16t,4332
1,2011,January,Commercial vehicles,New registrations Total Buses,419
1,2011,January,Commercial vehicles,Trailer Total,12376
1,2011,January,Commercial vehicles,Trailer - Semitrailers,2282
1,2011,January,Commercial vehicles,Trailer - Caravans,395
1,2011,January,Commercial vehicles,Export CV up to 6t,13700
1,2011,January,Commercial vehicles,Produktion CV up to 6t,19977
7,2011,July,Passenger cars,New registrations Total,260907
7,2011,July,Passenger cars,New registrations German makes incl. group makes,189020
7,2011,July,Passenger cars,New registrations Foreign makes,71887
7,2011,July,Passenger cars,Export,359326
7,2011,July,Passenger cars,Production,462005
7,2011,July,Commercial vehicles,New registrations Total,27682
7,2011,July,Commercial vehicles,New registrations Total CV up to 6t,19726
7,2011,July,Commercial vehicles,New registrations CV up to 2t,1632
7,2011,July,Commercial vehicles,"New registrations CV over 2 to 3,5t",17488
7,2011,July,Commercial vehicles,"New registrations CV over 3,5 to 6t",606
7,2011,July,Commercial vehicles,New registrations Total CV over 6t,7594
7,2011,July,Commercial vehicles,New registrations CV over 6 to 16t,2497
7,2011,July,Commercial vehicles,New registrations CV over 16t,5097
7,2011,July,Commercial vehicles,New registrations Total Buses,362
7,2011,July,Commercial vehicles,Trailer Total,23472
7,2011,July,Commercial vehicles,Trailer - Semitrailers,2418
7,2011,July,Commercial vehicles,Trailer - Caravans,1809
7,2011,July,Commercial vehicles,Export CV up to 6t,16015
7,2011,July,Commercial vehicles,Produktion CV up to 6t,20441
6,2011,June,Passenger cars,New registrations Total,288382
6,2011,June,Passenger cars,New registrations German makes incl. group makes,207738
6,2011,June,Passenger cars,New registrations Foreign makes,80644
6,2011,June,Passenger cars,Export,340673
6,2011,June,Passenger cars,Production,456548
6,2011,June,Commercial vehicles,New registrations Total,26848
6,2011,June,Commercial vehicles,New registrations Total CV up to 6t,19481
6,2011,June,Commercial vehicles,New registrations CV up to 2t,1709
6,2011,June,Commercial vehicles,"New registrations CV over 2 to 3,5t",17192
6,2011,June,Commercial vehicles,"New registrations CV over 3,5 to 6t",580
6,2011,June,Commercial vehicles,New registrations Total CV over 6t,7090
6,2011,June,Commercial vehicles,New registrations CV over 6 to 16t,2392
6,2011,June,Commercial vehicles,New registrations CV over 16t,4698
6,2011,June,Commercial vehicles,New registrations Total Buses,277
6,2011,June,Commercial vehicles,Trailer Total,23959
6,2011,June,Commercial vehicles,Trailer - Semitrailers,2374
6,2011,June,Commercial vehicles,Trailer - Caravans,2195
6,2011,June,Commercial vehicles,Export CV up to 6t,13892
6,2011,June,Commercial vehicles,Produktion CV up to 6t,19651
3,2011,March,Passenger cars,New registrations Total,327921
3,2011,March,Passenger cars,New registrations German makes incl. group makes,226057
3,2011,March,Passenger cars,New registrations Foreign makes,101864
3,2011,March,Passenger cars,Export,440128
3,2011,March,Passenger cars,Production,583399
3,2011,March,Commercial vehicles,New registrations Total,30730
3,2011,March,Commercial vehicles,New registrations Total CV up to 6t,21383
3,2011,March,Commercial vehicles,New registrations CV up to 2t,1575
3,2011,March,Commercial vehicles,"New registrations CV over 2 to 3,5t",19174
3,2011,March,Commercial vehicles,"New registrations CV over 3,5 to 6t",634
3,2011,March,Commercial vehicles,New registrations Total CV over 6t,8975
3,2011,March,Commercial vehicles,New registrations CV over 6 to 16t,3006
3,2011,March,Commercial vehicles,New registrations CV over 16t,5969
3,2011,March,Commercial vehicles,New registrations Total Buses,372
3,2011,March,Commercial vehicles,Trailer Total,29791
3,2011,March,Commercial vehicles,Trailer - Semitrailers,2924
3,2011,March,Commercial vehicles,Trailer - Caravans,2219
3,2011,March,Commercial vehicles,Export CV up to 6t,17216
3,2011,March,Commercial vehicles,Produktion CV up to 6t,23891
5,2011,May,Passenger cars,New registrations Total,304543
5,2011,May,Passenger cars,New registrations German makes incl. group makes,218520
5,2011,May,Passenger cars,New registrations Foreign makes,86023
5,2011,May,Passenger cars,Export,420226
5,2011,May,Passenger cars,Production,563015
5,2011,May,Commercial vehicles,New registrations Total,30828
5,2011,May,Commercial vehicles,New registrations Total CV up to 6t,21943
5,2011,May,Commercial vehicles,New registrations CV up to 2t,1925
5,2011,May,Commercial vehicles,"New registrations CV over 2 to 3,5t",19379
5,2011,May,Commercial vehicles,"New registrations CV over 3,5 to 6t",639
5,2011,May,Commercial vehicles,New registrations Total CV over 6t,8442
5,2011,May,Commercial vehicles,New registrations CV over 6 to 16t,2705
5,2011,May,Commercial vehicles,New registrations CV over 16t,5737
5,2011,May,Commercial vehicles,New registrations Total Buses,443
5,2011,May,Commercial vehicles,Trailer Total,29217
5,2011,May,Commercial vehicles,Trailer - Semitrailers,2843
5,2011,May,Commercial vehicles,Trailer - Caravans,2856
5,2011,May,Commercial vehicles,Export CV up to 6t,17722
5,2011,May,Commercial vehicles,Produktion CV up to 6t,25242
11,2011,November,Passenger cars,New registrations Total,269144
11,2011,November,Passenger cars,New registrations German makes incl. group makes,193652
11,2011,November,Passenger cars,New registrations Foreign makes,75492
11,2011,November,Passenger cars,Export,415845
11,2011,November,Passenger cars,Production,546272
11,2011,November,Commercial vehicles,New registrations Total,32657
11,2011,November,Commercial vehicles,New registrations Total CV up to 6t,24486
11,2011,November,Commercial vehicles,New registrations CV up to 2t,1922
11,2011,November,Commercial vehicles,"New registrations CV over 2 to 3,5t",21853
11,2011,November,Commercial vehicles,"New registrations CV over 3,5 to 6t",711
11,2011,November,Commercial vehicles,New registrations Total CV over 6t,7661
11,2011,November,Commercial vehicles,New registrations CV over 6 to 16t,2307
11,2011,November,Commercial vehicles,New registrations CV over 16t,5354
11,2011,November,Commercial vehicles,New registrations Total Buses,510
11,2011,November,Commercial vehicles,Trailer Total,17906
11,2011,November,Commercial vehicles,Trailer - Semitrailers,2832
11,2011,November,Commercial vehicles,Trailer - Caravans,575
11,2011,November,Commercial vehicles,Export CV up to 6t,20467
11,2011,November,Commercial vehicles,Produktion CV up to 6t,29416
10,2011,October,Passenger cars,New registrations Total,258253
10,2011,October,Passenger cars,New registrations German makes incl. group makes,183694
10,2011,October,Passenger cars,New registrations Foreign makes,74559
10,2011,October,Passenger cars,Export,391642
10,2011,October,Passenger cars,Production,502897
10,2011,October,Commercial vehicles,New registrations Total,28611
10,2011,October,Commercial vehicles,New registrations Total CV up to 6t,21057
10,2011,October,Commercial vehicles,New registrations CV up to 2t,1500
10,2011,October,Commercial vehicles,"New registrations CV over 2 to 3,5t",18939
10,2011,October,Commercial vehicles,"New registrations CV over 3,5 to 6t",618
10,2011,October,Commercial vehicles,New registrations Total CV over 6t,7165
10,2011,October,Commercial vehicles,New registrations CV over 6 to 16t,2483
10,2011,October,Commercial vehicles,New registrations CV over 16t,4682
10,2011,October,Commercial vehicles,New registrations Total Buses,389
10,2011,October,Commercial vehicles,Trailer Total,19489
10,2011,October,Commercial vehicles,Trailer - Semitrailers,2620
10,2011,October,Commercial vehicles,Trailer - Caravans,802
10,2011,October,Commercial vehicles,Export CV up to 6t,16594
10,2011,October,Commercial vehicles,Produktion CV up to 6t,24456
9,2011,September,Passenger cars,New registrations Total,280689
9,2011,September,Passenger cars,New registrations German makes incl. group makes,200501
9,2011,September,Passenger cars,New registrations Foreign makes,80188
9,2011,September,Passenger cars,Export,422695
9,2011,September,Passenger cars,Production,562504
9,2011,September,Commercial vehicles,New registrations Total,28946
9,2011,September,Commercial vehicles,New registrations Total CV up to 6t,20036
9,2011,September,Commercial vehicles,New registrations CV up to 2t,1444
9,2011,September,Commercial vehicles,"New registrations CV over 2 to 3,5t",17972
9,2011,September,Commercial vehicles,"New registrations CV over 3,5 to 6t",620
9,2011,September,Commercial vehicles,New registrations Total CV over 6t,8446
9,2011,September,Commercial vehicles,New registrations CV over 6 to 16t,2705
9,2011,September,Commercial vehicles,New registrations CV over 16t,5741
9,2011,September,Commercial vehicles,New registrations Total Buses,464
9,2011,September,Commercial vehicles,Trailer Total,23182
9,2011,September,Commercial vehicles,Trailer - Semitrailers,2839
9,2011,September,Commercial vehicles,Trailer - Caravans,992
9,2011,September,Commercial vehicles,Export CV up to 6t,19228
9,2011,September,Commercial vehicles,Produktion CV up to 6t,27674
4,2012,April,Passenger cars,New registrations Total,274066
4,2012,April,Passenger cars,New registrations German makes incl. group makes,198007
4,2012,April,Passenger cars,New registrations Foreign makes,76059
4,2012,April,Passenger cars,Export,329455
4,2012,April,Passenger cars,Production,426321
4,2012,April,Commercial vehicles,New registrations Total,26163
4,2012,April,Commercial vehicles,New registrations Total CV up to 6t,17959
4,2012,April,Commercial vehicles,New registrations CV up to 2t,1179
4,2012,April,Commercial vehicles,"New registrations CV over 2 to 3,5t",16282
4,2012,April,Commercial vehicles,"New registrations CV over 3,5 to 6t",498
4,2012,April,Commercial vehicles,New registrations Total CV over 6t,7802
4,2012,April,Commercial vehicles,New registrations CV over 6 to 16t,2334
4,2012,April,Commercial vehicles,New registrations CV over 16t,5468
4,2012,April,Commercial vehicles,New registrations Total Buses,402
4,2012,April,Commercial vehicles,Trailer Total,26595
4,2012,April,Commercial vehicles,Trailer - Semitrailers,2573
4,2012,April,Commercial vehicles,Trailer - Caravans,2509
4,2012,April,Commercial vehicles,Export CV up to 6t,13181
4,2012,April,Commercial vehicles,Produktion CV up to 6t,17889
8,2012,August,Passenger cars,New registrations Total,226455
8,2012,August,Passenger cars,New registrations German makes incl. group makes,157610
8,2012,August,Passenger cars,New registrations Foreign makes,68845
8,2012,August,Passenger cars,Export,285734
8,2012,August,Passenger cars,Production,363254
8,2012,August,Commercial vehicles,New registrations Total,23858
8,2012,August,Commercial vehicles,New registrations Total CV up to 6t,17237
8,2012,August,Commercial vehicles,New registrations CV up to 2t,1106
8,2012,August,Commercial vehicles,"New registrations CV over 2 to 3,5t",15720
8,2012,August,Commercial vehicles,"New registrations CV over 3,5 to 6t",411
8,2012,August,Commercial vehicles,New registrations Total CV over 6t,6216
8,2012,August,Commercial vehicles,New registrations CV over 6 to 16t,2182
8,2012,August,Commercial vehicles,New registrations CV over 16t,4034
8,2012,August,Commercial vehicles,New registrations Total Buses,405
8,2012,August,Commercial vehicles,Trailer Total,22441
8,2012,August,Commercial vehicles,Trailer - Semitrailers,1990
8,2012,August,Commercial vehicles,Trailer - Caravans,1173
8,2012,August,Commercial vehicles,Export CV up to 6t,13475
8,2012,August,Commercial vehicles,Produktion CV up to 6t,19069
12,2012,December,Passenger cars,New registrations Total,204331
12,2012,December,Passenger cars,New registrations German makes incl. group makes,141280
12,2012,December,Passenger cars,New registrations Foreign makes,63051
12,2012,December,Passenger cars,Export,278613
12,2012,December,Passenger cars,Production,340499
12,2012,December,Commercial vehicles,New registrations Total,23224
12,2012,December,Commercial vehicles,New registrations Total CV up to 6t,17707
12,2012,December,Commercial vehicles,New registrations CV up to 2t,1174
12,2012,December,Commercial vehicles,"New registrations CV over 2 to 3,5t",16043
12,2012,December,Commercial vehicles,"New registrations CV over 3,5 to 6t",490
12,2012,December,Commercial vehicles,New registrations Total CV over 6t,4813
12,2012,December,Commercial vehicles,New registrations CV over 6 to 16t,1516
12,2012,December,Commercial vehicles,New registrations CV over 16t,3297
12,2012,December,Commercial vehicles,New registrations Total Buses,704
12,2012,December,Commercial vehicles,Trailer Total,9820
12,2012,December,Commercial vehicles,Trailer - Semitrailers,1280
12,2012,December,Commercial vehicles,Trailer - Caravans,458
12,2012,December,Commercial vehicles,Export CV up to 6t,10297
12,2012,December,Commercial vehicles,Produktion CV up to 6t,15496
2,2012,February,Passenger cars,New registrations Total,224318
2,2012,February,Passenger cars,New registrations German makes incl. group makes,157628
2,2012,February,Passenger cars,New registrations Foreign makes,66690
2,2012,February,Passenger cars,Export,395915
2,2012,February,Passenger cars,Production,508798
2,2012,February,Commercial vehicles,New registrations Total,21280
2,2012,February,Commercial vehicles,New registrations Total CV up to 6t,15720
2,2012,February,Commercial vehicles,New registrations CV up to 2t,1046
2,2012,February,Commercial vehicles,"New registrations CV over 2 to 3,5t",14187
2,2012,February,Commercial vehicles,"New registrations CV over 3,5 to 6t",487
2,2012,February,Commercial vehicles,New registrations Total CV over 6t,5283
2,2012,February,Commercial vehicles,New registrations CV over 6 to 16t,1740
2,2012,February,Commercial vehicles,New registrations CV over 16t,3543
2,2012,February,Commercial vehicles,New registrations Total Buses,277
2,2012,February,Commercial vehicles,Trailer Total,15058
2,2012,February,Commercial vehicles,Trailer - Semitrailers,2171
2,2012,February,Commercial vehicles,Trailer - Caravans,957
2,2012,February,Commercial vehicles,Export CV up to 6t,16560
2,2012,February,Commercial vehicles,Produktion CV up to 6t,21703
1,2012,January,Passenger cars,New registrations Total,210195
1,2012,January,Passenger cars,New registrations German makes incl. group makes,145321
1,2012,January,Passenger cars,New registrations Foreign makes,64874
1,2012,January,Passenger cars,Export,337572
1,2012,January,Passenger cars,Production,443510
1,2012,January,Commercial vehicles,New registrations Total,23558
1,2012,January,Commercial vehicles,New registrations Total CV up to 6t,17027
1,2012,January,Commercial vehicles,New registrations CV up to 2t,1243
1,2012,January,Commercial vehicles,"New registrations CV over 2 to 3,5t",15317
1,2012,January,Commercial vehicles,"New registrations CV over 3,5 to 6t",467
1,2012,January,Commercial vehicles,New registrations Total CV over 6t,6033
1,2012,January,Commercial vehicles,New registrations CV over 6 to 16t,1772
1,2012,January,Commercial vehicles,New registrations CV over 16t,4261
1,2012,January,Commercial vehicles,New registrations Total Buses,498
1,2012,January,Commercial vehicles,Trailer Total,13619
1,2012,January,Commercial vehicles,Trailer - Semitrailers,2249
1,2012,January,Commercial vehicles,Trailer - Caravans,536
1,2012,January,Commercial vehicles,Export CV up to 6t,15456
1,2012,January,Commercial vehicles,Produktion CV up to 6t,21618
7,2012,July,Passenger cars,New registrations Total,247860
7,2012,July,Passenger cars,New registrations German makes incl. group makes,177118
7,2012,July,Passenger cars,New registrations Foreign makes,70742
7,2012,July,Passenger cars,Export,361302
7,2012,July,Passenger cars,Production,460830
7,2012,July,Commercial vehicles,New registrations Total,26876
7,2012,July,Commercial vehicles,New registrations Total CV up to 6t,19575
7,2012,July,Commercial vehicles,New registrations CV up to 2t,1054
7,2012,July,Commercial vehicles,"New registrations CV over 2 to 3,5t",17993
7,2012,July,Commercial vehicles,"New registrations CV over 3,5 to 6t",528
7,2012,July,Commercial vehicles,New registrations Total CV over 6t,6943
7,2012,July,Commercial vehicles,New registrations CV over 6 to 16t,2194
7,2012,July,Commercial vehicles,New registrations CV over 16t,4749
7,2012,July,Commercial vehicles,New registrations Total Buses,358
7,2012,July,Commercial vehicles,Trailer Total,25266
7,2012,July,Commercial vehicles,Trailer - Semitrailers,2416
7,2012,July,Commercial vehicles,Trailer - Caravans,1894
7,2012,July,Commercial vehicles,Export CV up to 6t,14355
7,2012,July,Commercial vehicles,Produktion CV up to 6t,20078
6,2012,June,Passenger cars,New registrations Total,296722
6,2012,June,Passenger cars,New registrations German makes incl. group makes,209069
6,2012,June,Passenger cars,New registrations Foreign makes,87653
6,2012,June,Passenger cars,Export,349925
6,2012,June,Passenger cars,Production,463839
6,2012,June,Commercial vehicles,New registrations Total,29212
6,2012,June,Commercial vehicles,New registrations Total CV up to 6t,21755
6,2012,June,Commercial vehicles,New registrations CV up to 2t,1376
6,2012,June,Commercial vehicles,"New registrations CV over 2 to 3,5t",19846
6,2012,June,Commercial vehicles,"New registrations CV over 3,5 to 6t",533
6,2012,June,Commercial vehicles,New registrations Total CV over 6t,7072
6,2012,June,Commercial vehicles,New registrations CV over 6 to 16t,2258
6,2012,June,Commercial vehicles,New registrations CV over 16t,4814
6,2012,June,Commercial vehicles,New registrations Total Buses,385
6,2012,June,Commercial vehicles,Trailer Total,24794
6,2012,June,Commercial vehicles,Trailer - Semitrailers,2635
6,2012,June,Commercial vehicles,Trailer - Caravans,1846
6,2012,June,Commercial vehicles,Export CV up to 6t,15882
6,2012,June,Commercial vehicles,Produktion CV up to 6t,23178
3,2012,March,Passenger cars,New registrations Total,339123
3,2012,March,Passenger cars,New registrations German makes incl. group makes,231219
3,2012,March,Passenger cars,New registrations Foreign makes,107904
3,2012,March,Passenger cars,Export,403630
3,2012,March,Passenger cars,Production,546169
3,2012,March,Commercial vehicles,New registrations Total,30811
3,2012,March,Commercial vehicles,New registrations Total CV up to 6t,21211
3,2012,March,Commercial vehicles,New registrations CV up to 2t,1465
3,2012,March,Commercial vehicles,"New registrations CV over 2 to 3,5t",19084
3,2012,March,Commercial vehicles,"New registrations CV over 3,5 to 6t",662
3,2012,March,Commercial vehicles,New registrations Total CV over 6t,9144
3,2012,March,Commercial vehicles,New registrations CV over 6 to 16t,2800
3,2012,March,Commercial vehicles,New registrations CV over 16t,6344
3,2012,March,Commercial vehicles,New registrations Total Buses,456
3,2012,March,Commercial vehicles,Trailer Total,29767
3,2012,March,Commercial vehicles,Trailer - Semitrailers,2963
3,2012,March,Commercial vehicles,Trailer - Caravans,2871
3,2012,March,Commercial vehicles,Export CV up to 6t,17045
3,2012,March,Commercial vehicles,Produktion CV up to 6t,24872
5,2012,May,Passenger cars,New registrations Total,289977
5,2012,May,Passenger cars,New registrations German makes incl. group makes,209665
5,2012,May,Passenger cars,New registrations Foreign makes,80312
5,2012,May,Passenger cars,Export,337416
5,2012,May,Passenger cars,Production,448045
5,2012,May,Commercial vehicles,New registrations Total,26648
5,2012,May,Commercial vehicles,New registrations Total CV up to 6t,18907
5,2012,May,Commercial vehicles,New registrations CV up to 2t,1162
5,2012,May,Commercial vehicles,"New registrations CV over 2 to 3,5t",17184
5,2012,May,Commercial vehicles,"New registrations CV over 3,5 to 6t",561
5,2012,May,Commercial vehicles,New registrations Total CV over 6t,7350
5,2012,May,Commercial vehicles,New registrations CV over 6 to 16t,2406
5,2012,May,Commercial vehicles,New registrations CV over 16t,4944
5,2012,May,Commercial vehicles,New registrations Total Buses,391
5,2012,May,Commercial vehicles,Trailer Total,27729
5,2012,May,Commercial vehicles,Trailer - Semitrailers,2647
5,2012,May,Commercial vehicles,Trailer - Caravans,2909
5,2012,May,Commercial vehicles,Export CV up to 6t,15478
5,2012,May,Commercial vehicles,Produktion CV up to 6t,22248
11,2012,November,Passenger cars,New registrations Total,259846
11,2012,November,Passenger cars,New registrations German makes incl. group makes,191757
11,2012,November,Passenger cars,New registrations Foreign makes,68089
11,2012,November,Passenger cars,Export,367107
11,2012,November,Passenger cars,Production,482406
11,2012,November,Commercial vehicles,New registrations Total,28212
11,2012,November,Commercial vehicles,New registrations Total CV up to 6t,21288
11,2012,November,Commercial vehicles,New registrations CV up to 2t,1255
11,2012,November,Commercial vehicles,"New registrations CV over 2 to 3,5t",19395
11,2012,November,Commercial vehicles,"New registrations CV over 3,5 to 6t",638
11,2012,November,Commercial vehicles,New registrations Total CV over 6t,6347
11,2012,November,Commercial vehicles,New registrations CV over 6 to 16t,2275
11,2012,November,Commercial vehicles,New registrations CV over 16t,4072
11,2012,November,Commercial vehicles,New registrations Total Buses,577
11,2012,November,Commercial vehicles,Trailer Total,16403
11,2012,November,Commercial vehicles,Trailer - Semitrailers,2455
11,2012,November,Commercial vehicles,Trailer - Caravans,580
11,2012,November,Commercial vehicles,Export CV up to 6t,20785
11,2012,November,Commercial vehicles,Produktion CV up to 6t,24850
10,2012,October,Passenger cars,New registrations Total,259529
10,2012,October,Passenger cars,New registrations German makes incl. group makes,187507
10,2012,October,Passenger cars,New registrations Foreign makes,72022
10,2012,October,Passenger cars,Export,344963
10,2012,October,Passenger cars,Production,454716
10,2012,October,Commercial vehicles,New registrations Total,27518
10,2012,October,Commercial vehicles,New registrations Total CV up to 6t,20283
10,2012,October,Commercial vehicles,New registrations CV up to 2t,1142
10,2012,October,Commercial vehicles,"New registrations CV over 2 to 3,5t",18587
10,2012,October,Commercial vehicles,"New registrations CV over 3,5 to 6t",554
10,2012,October,Commercial vehicles,New registrations Total CV over 6t,6891
10,2012,October,Commercial vehicles,New registrations CV over 6 to 16t,2401
10,2012,October,Commercial vehicles,New registrations CV over 16t,4490
10,2012,October,Commercial vehicles,New registrations Total Buses,344
10,2012,October,Commercial vehicles,Trailer Total,21648
10,2012,October,Commercial vehicles,Trailer - Semitrailers,2441
10,2012,October,Commercial vehicles,Trailer - Caravans,927
10,2012,October,Commercial vehicles,Export CV up to 6t,19871
10,2012,October,Commercial vehicles,Produktion CV up to 6t,24434
9,2012,September,Passenger cars,New registrations Total,250082
9,2012,September,Passenger cars,New registrations German makes incl. group makes,176319
9,2012,September,Passenger cars,New registrations Foreign makes,73763
9,2012,September,Passenger cars,Export,339647
9,2012,September,Passenger cars,Production,450072
9,2012,September,Commercial vehicles,New registrations Total,24138
9,2012,September,Commercial vehicles,New registrations Total CV up to 6t,16990
9,2012,September,Commercial vehicles,New registrations CV up to 2t,901
9,2012,September,Commercial vehicles,"New registrations CV over 2 to 3,5t",15681
9,2012,September,Commercial vehicles,"New registrations CV over 3,5 to 6t",408
9,2012,September,Commercial vehicles,New registrations Total CV over 6t,6806
9,2012,September,Commercial vehicles,New registrations CV over 6 to 16t,2378
9,2012,September,Commercial vehicles,New registrations CV over 16t,4428
9,2012,September,Commercial vehicles,New registrations Total Buses,342
9,2012,September,Commercial vehicles,Trailer Total,19860
9,2012,September,Commercial vehicles,Trailer - Semitrailers,1973
9,2012,September,Commercial vehicles,Trailer - Caravans,951
9,2012,September,Commercial vehicles,Export CV up to 6t,17163
9,2012,September,Commercial vehicles,Produktion CV up to 6t,25366
4,2013,April,Passenger cars,New registrations Total,284444
4,2013,April,Passenger cars,New registrations German makes incl. group makes,206039
4,2013,April,Passenger cars,New registrations Foreign makes,78405
4,2013,April,Passenger cars,Export,374996
4,2013,April,Passenger cars,Production,502411
4,2013,April,Commercial vehicles,New registrations Total,27135
4,2013,April,Commercial vehicles,New registrations Total CV up to 6t,19090
4,2013,April,Commercial vehicles,New registrations CV up to 2t,1335
4,2013,April,Commercial vehicles,"New registrations CV over 2 to 3,5t",17273
4,2013,April,Commercial vehicles,"New registrations CV over 3,5 to 6t",482
4,2013,April,Commercial vehicles,New registrations Total CV over 6t,7538
4,2013,April,Commercial vehicles,New registrations CV over 6 to 16t,2181
4,2013,April,Commercial vehicles,New registrations CV over 16t,5357
4,2013,April,Commercial vehicles,New registrations Total Buses,507
4,2013,April,Commercial vehicles,Trailer Total,27746
4,2013,April,Commercial vehicles,Trailer - Semitrailers,2705
4,2013,April,Commercial vehicles,Trailer - Caravans,2552
4,2013,April,Commercial vehicles,Export CV up to 6t,15678
4,2013,April,Commercial vehicles,Produktion CV up to 6t,25375
8,2013,August,Passenger cars,New registrations Total,214044
8,2013,August,Passenger cars,New registrations German makes incl. group makes,150177
8,2013,August,Passenger cars,New registrations Foreign makes,63867
8,2013,August,Passenger cars,Export,305028
8,2013,August,Passenger cars,Production,394991
8,2013,August,Commercial vehicles,New registrations Total,21835
8,2013,August,Commercial vehicles,New registrations Total CV up to 6t,15547
8,2013,August,Commercial vehicles,New registrations CV up to 2t,1343
8,2013,August,Commercial vehicles,"New registrations CV over 2 to 3,5t",13799
8,2013,August,Commercial vehicles,"New registrations CV over 3,5 to 6t",405
8,2013,August,Commercial vehicles,New registrations Total CV over 6t,5866
8,2013,August,Commercial vehicles,New registrations CV over 6 to 16t,2051
8,2013,August,Commercial vehicles,New registrations CV over 16t,3815
8,2013,August,Commercial vehicles,New registrations Total Buses,422
8,2013,August,Commercial vehicles,Trailer Total,20239
8,2013,August,Commercial vehicles,Trailer - Semitrailers,2072
8,2013,August,Commercial vehicles,Trailer - Caravans,1189
8,2013,August,Commercial vehicles,Export CV up to 6t,15611
8,2013,August,Commercial vehicles,Produktion CV up to 6t,21898
12,2013,December,Passenger cars,New registrations Total,215320
12,2013,December,Passenger cars,New registrations German makes incl. group makes,154210
12,2013,December,Passenger cars,New registrations Foreign makes,61110
12,2013,December,Passenger cars,Export,283270
12,2013,December,Passenger cars,Production,353278
12,2013,December,Commercial vehicles,New registrations Total,29496
12,2013,December,Commercial vehicles,New registrations Total CV up to 6t,19195
12,2013,December,Commercial vehicles,New registrations CV up to 2t,1382
12,2013,December,Commercial vehicles,"New registrations CV over 2 to 3,5t",17078
12,2013,December,Commercial vehicles,"New registrations CV over 3,5 to 6t",735
12,2013,December,Commercial vehicles,New registrations Total CV over 6t,9214
12,2013,December,Commercial vehicles,New registrations CV over 6 to 16t,2945
12,2013,December,Commercial vehicles,New registrations CV over 16t,6269
12,2013,December,Commercial vehicles,New registrations Total Buses,1087
12,2013,December,Commercial vehicles,Trailer Total,11859
12,2013,December,Commercial vehicles,Trailer - Semitrailers,1483
12,2013,December,Commercial vehicles,Trailer - Caravans,381
12,2013,December,Commercial vehicles,Export CV up to 6t,15662
12,2013,December,Commercial vehicles,Produktion CV up to 6t,18448
2,2013,February,Passenger cars,New registrations Total,200683
2,2013,February,Passenger cars,New registrations German makes incl. group makes,140459
2,2013,February,Passenger cars,New registrations Foreign makes,60224
2,2013,February,Passenger cars,Export,355275
2,2013,February,Passenger cars,Production,459180
2,2013,February,Commercial vehicles,New registrations Total,18220
2,2013,February,Commercial vehicles,New registrations Total CV up to 6t,13131
2,2013,February,Commercial vehicles,New registrations CV up to 2t,858
2,2013,February,Commercial vehicles,"New registrations CV over 2 to 3,5t",11881
2,2013,February,Commercial vehicles,"New registrations CV over 3,5 to 6t",392
2,2013,February,Commercial vehicles,New registrations Total CV over 6t,4812
2,2013,February,Commercial vehicles,New registrations CV over 6 to 16t,1585
2,2013,February,Commercial vehicles,New registrations CV over 16t,3227
2,2013,February,Commercial vehicles,New registrations Total Buses,277
2,2013,February,Commercial vehicles,Trailer Total,14689
2,2013,February,Commercial vehicles,Trailer - Semitrailers,1883
2,2013,February,Commercial vehicles,Trailer - Caravans,869
2,2013,February,Commercial vehicles,Export CV up to 6t,17366
2,2013,February,Commercial vehicles,Produktion CV up to 6t,21021
1,2013,January,Passenger cars,New registrations Total,192090
1,2013,January,Passenger cars,New registrations German makes incl. group makes,137607
1,2013,January,Passenger cars,New registrations Foreign makes,54483
1,2013,January,Passenger cars,Export,310700
1,2013,January,Passenger cars,Production,397634
1,2013,January,Commercial vehicles,New registrations Total,19913
1,2013,January,Commercial vehicles,New registrations Total CV up to 6t,14687
1,2013,January,Commercial vehicles,New registrations CV up to 2t,1007
1,2013,January,Commercial vehicles,"New registrations CV over 2 to 3,5t",13253
1,2013,January,Commercial vehicles,"New registrations CV over 3,5 to 6t",427
1,2013,January,Commercial vehicles,New registrations Total CV over 6t,4804
1,2013,January,Commercial vehicles,New registrations CV over 6 to 16t,1479
1,2013,January,Commercial vehicles,New registrations CV over 16t,3325
1,2013,January,Commercial vehicles,New registrations Total Buses,422
1,2013,January,Commercial vehicles,Trailer Total,13423
1,2013,January,Commercial vehicles,Trailer - Semitrailers,1927
1,2013,January,Commercial vehicles,Trailer - Caravans,554
1,2013,January,Commercial vehicles,Export CV up to 6t,15978
1,2013,January,Commercial vehicles,Produktion CV up to 6t,19743
7,2013,July,Passenger cars,New registrations Total,253146
7,2013,July,Passenger cars,New registrations German makes incl. group makes,182440
7,2013,July,Passenger cars,New registrations Foreign makes,70706
7,2013,July,Passenger cars,Export,360169
7,2013,July,Passenger cars,Production,444960
7,2013,July,Commercial vehicles,New registrations Total,27946
7,2013,July,Commercial vehicles,New registrations Total CV up to 6t,20197
7,2013,July,Commercial vehicles,New registrations CV up to 2t,1466
7,2013,July,Commercial vehicles,"New registrations CV over 2 to 3,5t",18133
7,2013,July,Commercial vehicles,"New registrations CV over 3,5 to 6t",598
7,2013,July,Commercial vehicles,New registrations Total CV over 6t,7323
7,2013,July,Commercial vehicles,New registrations CV over 6 to 16t,2420
7,2013,July,Commercial vehicles,New registrations CV over 16t,4903
7,2013,July,Commercial vehicles,New registrations Total Buses,426
7,2013,July,Commercial vehicles,Trailer Total,26660
7,2013,July,Commercial vehicles,Trailer - Semitrailers,2425
7,2013,July,Commercial vehicles,Trailer - Caravans,1852
7,2013,July,Commercial vehicles,Export CV up to 6t,16072
7,2013,July,Commercial vehicles,Produktion CV up to 6t,20857
6,2013,June,Passenger cars,New registrations Total,282913
6,2013,June,Passenger cars,New registrations German makes incl. group makes,205384
6,2013,June,Passenger cars,New registrations Foreign makes,77529
6,2013,June,Passenger cars,Export,357599
6,2013,June,Passenger cars,Production,475779
6,2013,June,Commercial vehicles,New registrations Total,27148
6,2013,June,Commercial vehicles,New registrations Total CV up to 6t,20259
6,2013,June,Commercial vehicles,New registrations CV up to 2t,1391
6,2013,June,Commercial vehicles,"New registrations CV over 2 to 3,5t",18400
6,2013,June,Commercial vehicles,"New registrations CV over 3,5 to 6t",468
6,2013,June,Commercial vehicles,New registrations Total CV over 6t,6567
6,2013,June,Commercial vehicles,New registrations CV over 6 to 16t,2256
6,2013,June,Commercial vehicles,New registrations CV over 16t,4311
6,2013,June,Commercial vehicles,New registrations Total Buses,322
6,2013,June,Commercial vehicles,Trailer Total,24490
6,2013,June,Commercial vehicles,Trailer - Semitrailers,2356
6,2013,June,Commercial vehicles,Trailer - Caravans,1763
6,2013,June,Commercial vehicles,Export CV up to 6t,19676
6,2013,June,Commercial vehicles,Produktion CV up to 6t,26161
3,2013,March,Passenger cars,New registrations Total,281184
3,2013,March,Passenger cars,New registrations German makes incl. group makes,197423
3,2013,March,Passenger cars,New registrations Foreign makes,83761
3,2013,March,Passenger cars,Export,369323
3,2013,March,Passenger cars,Production,474467
3,2013,March,Commercial vehicles,New registrations Total,25121
3,2013,March,Commercial vehicles,New registrations Total CV up to 6t,17795
3,2013,March,Commercial vehicles,New registrations CV up to 2t,1168
3,2013,March,Commercial vehicles,"New registrations CV over 2 to 3,5t",16098
3,2013,March,Commercial vehicles,"New registrations CV over 3,5 to 6t",529
3,2013,March,Commercial vehicles,New registrations Total CV over 6t,6949
3,2013,March,Commercial vehicles,New registrations CV over 6 to 16t,2069
3,2013,March,Commercial vehicles,New registrations CV over 16t,4880
3,2013,March,Commercial vehicles,New registrations Total Buses,377
3,2013,March,Commercial vehicles,Trailer Total,22630
3,2013,March,Commercial vehicles,Trailer - Semitrailers,2525
3,2013,March,Commercial vehicles,Trailer - Caravans,2511
3,2013,March,Commercial vehicles,Export CV up to 6t,19937
3,2013,March,Commercial vehicles,Produktion CV up to 6t,24014
5,2013,May,Passenger cars,New registrations Total,261316
5,2013,May,Passenger cars,New registrations German makes incl. group makes,191943
5,2013,May,Passenger cars,New registrations Foreign makes,69373
5,2013,May,Passenger cars,Export,318154
5,2013,May,Passenger cars,Production,428684
5,2013,May,Commercial vehicles,New registrations Total,24094
5,2013,May,Commercial vehicles,New registrations Total CV up to 6t,17329
5,2013,May,Commercial vehicles,New registrations CV up to 2t,1210
5,2013,May,Commercial vehicles,"New registrations CV over 2 to 3,5t",15635
5,2013,May,Commercial vehicles,"New registrations CV over 3,5 to 6t",484
5,2013,May,Commercial vehicles,New registrations Total CV over 6t,6371
5,2013,May,Commercial vehicles,New registrations CV over 6 to 16t,2001
5,2013,May,Commercial vehicles,New registrations CV over 16t,4370
5,2013,May,Commercial vehicles,New registrations Total Buses,394
5,2013,May,Commercial vehicles,Trailer Total,27145
5,2013,May,Commercial vehicles,Trailer - Semitrailers,2217
5,2013,May,Commercial vehicles,Trailer - Caravans,2670
5,2013,May,Commercial vehicles,Export CV up to 6t,17028
5,2013,May,Commercial vehicles,Produktion CV up to 6t,23212
11,2013,November,Passenger cars,New registrations Total,254651
11,2013,November,Passenger cars,New registrations German makes incl. group makes,188477
11,2013,November,Passenger cars,New registrations Foreign makes,66174
11,2013,November,Passenger cars,Export,416851
11,2013,November,Passenger cars,Production,537383
11,2013,November,Commercial vehicles,New registrations Total,31036
11,2013,November,Commercial vehicles,New registrations Total CV up to 6t,23308
11,2013,November,Commercial vehicles,New registrations CV up to 2t,1472
11,2013,November,Commercial vehicles,"New registrations CV over 2 to 3,5t",21152
11,2013,November,Commercial vehicles,"New registrations CV over 3,5 to 6t",684
11,2013,November,Commercial vehicles,New registrations Total CV over 6t,7163
11,2013,November,Commercial vehicles,New registrations CV over 6 to 16t,2265
11,2013,November,Commercial vehicles,New registrations CV over 16t,4898
11,2013,November,Commercial vehicles,New registrations Total Buses,565
11,2013,November,Commercial vehicles,Trailer Total,16222
11,2013,November,Commercial vehicles,Trailer - Semitrailers,2313
11,2013,November,Commercial vehicles,Trailer - Caravans,571
11,2013,November,Commercial vehicles,Export CV up to 6t,20800
11,2013,November,Commercial vehicles,Produktion CV up to 6t,29256
10,2013,October,Passenger cars,New registrations Total,265441
10,2013,October,Passenger cars,New registrations German makes incl. group makes,195157
10,2013,October,Passenger cars,New registrations Foreign makes,70284
10,2013,October,Passenger cars,Export,353728
10,2013,October,Passenger cars,Production,456669
10,2013,October,Commercial vehicles,New registrations Total,28189
10,2013,October,Commercial vehicles,New registrations Total CV up to 6t,20686
10,2013,October,Commercial vehicles,New registrations CV up to 2t,1326
10,2013,October,Commercial vehicles,"New registrations CV over 2 to 3,5t",18742
10,2013,October,Commercial vehicles,"New registrations CV over 3,5 to 6t",618
10,2013,October,Commercial vehicles,New registrations Total CV over 6t,6952
10,2013,October,Commercial vehicles,New registrations CV over 6 to 16t,2323
10,2013,October,Commercial vehicles,New registrations CV over 16t,4629
10,2013,October,Commercial vehicles,New registrations Total Buses,551
10,2013,October,Commercial vehicles,Trailer Total,21194
10,2013,October,Commercial vehicles,Trailer - Semitrailers,2591
10,2013,October,Commercial vehicles,Trailer - Caravans,837
10,2013,October,Commercial vehicles,Export CV up to 6t,15980
10,2013,October,Commercial vehicles,Produktion CV up to 6t,23137
9,2013,September,Passenger cars,New registrations Total,247199
9,2013,September,Passenger cars,New registrations German makes incl. group makes,176912
9,2013,September,Passenger cars,New registrations Foreign makes,70287
9,2013,September,Passenger cars,Export,392423
9,2013,September,Passenger cars,Production,514468
9,2013,September,Commercial vehicles,New registrations Total,25154
9,2013,September,Commercial vehicles,New registrations Total CV up to 6t,17706
9,2013,September,Commercial vehicles,New registrations CV up to 2t,1181
9,2013,September,Commercial vehicles,"New registrations CV over 2 to 3,5t",16108
9,2013,September,Commercial vehicles,"New registrations CV over 3,5 to 6t",417
9,2013,September,Commercial vehicles,New registrations Total CV over 6t,6974
9,2013,September,Commercial vehicles,New registrations CV over 6 to 16t,2382
9,2013,September,Commercial vehicles,New registrations CV over 16t,4592
9,2013,September,Commercial vehicles,New registrations Total Buses,474
9,2013,September,Commercial vehicles,Trailer Total,21608
9,2013,September,Commercial vehicles,Trailer - Semitrailers,2486
9,2013,September,Commercial vehicles,Trailer - Caravans,891
9,2013,September,Commercial vehicles,Export CV up to 6t,17456
9,2013,September,Commercial vehicles,Produktion CV up to 6t,25196
4,2014,April,Passenger cars,New registrations Total,274097
4,2014,April,Passenger cars,New registrations German makes incl. group makes,199680
4,2014,April,Passenger cars,New registrations Foreign makes,74417
4,2014,April,Passenger cars,Export,382494
4,2014,April,Passenger cars,Production,494416
4,2014,April,Commercial vehicles,New registrations Total,26554
4,2014,April,Commercial vehicles,New registrations Total CV up to 6t,18530
4,2014,April,Commercial vehicles,New registrations CV up to 2t,1280
4,2014,April,Commercial vehicles,"New registrations CV over 2 to 3,5t",16767
4,2014,April,Commercial vehicles,"New registrations CV over 3,5 to 6t",483
4,2014,April,Commercial vehicles,New registrations Total CV over 6t,7496
4,2014,April,Commercial vehicles,New registrations CV over 6 to 16t,1930
4,2014,April,Commercial vehicles,New registrations CV over 16t,5566
4,2014,April,Commercial vehicles,New registrations Total Buses,528
4,2014,April,Commercial vehicles,Trailer Total,30602
4,2014,April,Commercial vehicles,Trailer - Semitrailers,2662
4,2014,April,Commercial vehicles,Trailer - Caravans,2861
4,2014,April,Commercial vehicles,Export CV up to 6t,19676
4,2014,April,Commercial vehicles,Produktion CV up to 6t,27804
8,2014,August,Passenger cars,New registrations Total,213092
8,2014,August,Passenger cars,New registrations German makes incl. group makes,152179
8,2014,August,Passenger cars,New registrations Foreign makes,60913
8,2014,August,Passenger cars,Export,226288
8,2014,August,Passenger cars,Production,272744
8,2014,August,Commercial vehicles,New registrations Total,23509
8,2014,August,Commercial vehicles,New registrations Total CV up to 6t,17647
8,2014,August,Commercial vehicles,New registrations CV up to 2t,1086
8,2014,August,Commercial vehicles,"New registrations CV over 2 to 3,5t",16087
8,2014,August,Commercial vehicles,"New registrations CV over 3,5 to 6t",474
8,2014,August,Commercial vehicles,New registrations Total CV over 6t,5523
8,2014,August,Commercial vehicles,New registrations CV over 6 to 16t,1616
8,2014,August,Commercial vehicles,New registrations CV over 16t,3907
8,2014,August,Commercial vehicles,New registrations Total Buses,339
8,2014,August,Commercial vehicles,Trailer Total,20283
8,2014,August,Commercial vehicles,Trailer - Semitrailers,1972
8,2014,August,Commercial vehicles,Trailer - Caravans,1151
8,2014,August,Commercial vehicles,Export CV up to 6t,14427
8,2014,August,Commercial vehicles,Produktion CV up to 6t,20743
12,2014,December,Passenger cars,New registrations Total,229700
12,2014,December,Passenger cars,New registrations German makes incl. group makes,164893
12,2014,December,Passenger cars,New registrations Foreign makes,64807
12,2014,December,Passenger cars,Export,295407
12,2014,December,Passenger cars,Production,367003
12,2014,December,Commercial vehicles,New registrations Total,27970
12,2014,December,Commercial vehicles,New registrations Total CV up to 6t,21848
12,2014,December,Commercial vehicles,New registrations CV up to 2t,1505
12,2014,December,Commercial vehicles,"New registrations CV over 2 to 3,5t",19728
12,2014,December,Commercial vehicles,"New registrations CV over 3,5 to 6t",615
12,2014,December,Commercial vehicles,New registrations Total CV over 6t,5291
12,2014,December,Commercial vehicles,New registrations CV over 6 to 16t,1501
12,2014,December,Commercial vehicles,New registrations CV over 16t,3790
12,2014,December,Commercial vehicles,New registrations Total Buses,831
12,2014,December,Commercial vehicles,Trailer Total,13200
12,2014,December,Commercial vehicles,Trailer - Semitrailers,1971
12,2014,December,Commercial vehicles,Trailer - Caravans,487
12,2014,December,Commercial vehicles,Export CV up to 6t,15827
12,2014,December,Commercial vehicles,Produktion CV up to 6t,19435
2,2014,February,Passenger cars,New registrations Total,209349
2,2014,February,Passenger cars,New registrations German makes incl. group makes,150100
2,2014,February,Passenger cars,New registrations Foreign makes,59249
2,2014,February,Passenger cars,Export,405493
2,2014,February,Passenger cars,Production,513041
2,2014,February,Commercial vehicles,New registrations Total,21795
2,2014,February,Commercial vehicles,New registrations Total CV up to 6t,14932
2,2014,February,Commercial vehicles,New registrations CV up to 2t,1058
2,2014,February,Commercial vehicles,"New registrations CV over 2 to 3,5t",13423
2,2014,February,Commercial vehicles,"New registrations CV over 3,5 to 6t",451
2,2014,February,Commercial vehicles,New registrations Total CV over 6t,6481
2,2014,February,Commercial vehicles,New registrations CV over 6 to 16t,1813
2,2014,February,Commercial vehicles,New registrations CV over 16t,4668
2,2014,February,Commercial vehicles,New registrations Total Buses,382
2,2014,February,Commercial vehicles,Trailer Total,18582
2,2014,February,Commercial vehicles,Trailer - Semitrailers,2353
2,2014,February,Commercial vehicles,Trailer - Caravans,910
2,2014,February,Commercial vehicles,Export CV up to 6t,18925
2,2014,February,Commercial vehicles,Produktion CV up to 6t,23337
1,2014,January,Passenger cars,New registrations Total,205996
1,2014,January,Passenger cars,New registrations German makes incl. group makes,149483
1,2014,January,Passenger cars,New registrations Foreign makes,56513
1,2014,January,Passenger cars,Export,343408
1,2014,January,Passenger cars,Production,442430
1,2014,January,Commercial vehicles,New registrations Total,20516
1,2014,January,Commercial vehicles,New registrations Total CV up to 6t,15311
1,2014,January,Commercial vehicles,New registrations CV up to 2t,1109
1,2014,January,Commercial vehicles,"New registrations CV over 2 to 3,5t",13862
1,2014,January,Commercial vehicles,"New registrations CV over 3,5 to 6t",340
1,2014,January,Commercial vehicles,New registrations Total CV over 6t,4830
1,2014,January,Commercial vehicles,New registrations CV over 6 to 16t,1208
1,2014,January,Commercial vehicles,New registrations CV over 16t,3622
1,2014,January,Commercial vehicles,New registrations Total Buses,375
1,2014,January,Commercial vehicles,Trailer Total,15008
1,2014,January,Commercial vehicles,Trailer - Semitrailers,2286
1,2014,January,Commercial vehicles,Trailer - Caravans,561
1,2014,January,Commercial vehicles,Export CV up to 6t,18501
1,2014,January,Commercial vehicles,Produktion CV up to 6t,25329
7,2014,July,Passenger cars,New registrations Total,270249
7,2014,July,Passenger cars,New registrations German makes incl. group makes,199895
7,2014,July,Passenger cars,New registrations Foreign makes,70354
7,2014,July,Passenger cars,Export,408369
7,2014,July,Passenger cars,Production,535001
7,2014,July,Commercial vehicles,New registrations Total,28885
7,2014,July,Commercial vehicles,New registrations Total CV up to 6t,21442
7,2014,July,Commercial vehicles,New registrations CV up to 2t,1269
7,2014,July,Commercial vehicles,"New registrations CV over 2 to 3,5t",19592
7,2014,July,Commercial vehicles,"New registrations CV over 3,5 to 6t",581
7,2014,July,Commercial vehicles,New registrations Total CV over 6t,7090
7,2014,July,Commercial vehicles,New registrations CV over 6 to 16t,1989
7,2014,July,Commercial vehicles,New registrations CV over 16t,5101
7,2014,July,Commercial vehicles,New registrations Total Buses,353
7,2014,July,Commercial vehicles,Trailer Total,27151
7,2014,July,Commercial vehicles,Trailer - Semitrailers,2684
7,2014,July,Commercial vehicles,Trailer - Caravans,2065
7,2014,July,Commercial vehicles,Export CV up to 6t,19527
7,2014,July,Commercial vehicles,Produktion CV up to 6t,25655
6,2014,June,Passenger cars,New registrations Total,277614
6,2014,June,Passenger cars,New registrations German makes incl. group makes,198641
6,2014,June,Passenger cars,New registrations Foreign makes,78973
6,2014,June,Passenger cars,Export,333569
6,2014,June,Passenger cars,Production,456069
6,2014,June,Commercial vehicles,New registrations Total,28903
6,2014,June,Commercial vehicles,New registrations Total CV up to 6t,21485
6,2014,June,Commercial vehicles,New registrations CV up to 2t,1486
6,2014,June,Commercial vehicles,"New registrations CV over 2 to 3,5t",19490
6,2014,June,Commercial vehicles,"New registrations CV over 3,5 to 6t",509
6,2014,June,Commercial vehicles,New registrations Total CV over 6t,7050
6,2014,June,Commercial vehicles,New registrations CV over 6 to 16t,1832
6,2014,June,Commercial vehicles,New registrations CV over 16t,5218
6,2014,June,Commercial vehicles,New registrations Total Buses,368
6,2014,June,Commercial vehicles,Trailer Total,24905
6,2014,June,Commercial vehicles,Trailer - Semitrailers,2632
6,2014,June,Commercial vehicles,Trailer - Caravans,1995
6,2014,June,Commercial vehicles,Export CV up to 6t,20082
6,2014,June,Commercial vehicles,Produktion CV up to 6t,28063
3,2014,March,Passenger cars,New registrations Total,296408
3,2014,March,Passenger cars,New registrations German makes incl. group makes,208460
3,2014,March,Passenger cars,New registrations Foreign makes,87948
3,2014,March,Passenger cars,Export,396867
3,2014,March,Passenger cars,Production,522428
3,2014,March,Commercial vehicles,New registrations Total,27583
3,2014,March,Commercial vehicles,New registrations Total CV up to 6t,19072
3,2014,March,Commercial vehicles,New registrations CV up to 2t,1445
3,2014,March,Commercial vehicles,"New registrations CV over 2 to 3,5t",17119
3,2014,March,Commercial vehicles,"New registrations CV over 3,5 to 6t",508
3,2014,March,Commercial vehicles,New registrations Total CV over 6t,8077
3,2014,March,Commercial vehicles,New registrations CV over 6 to 16t,2080
3,2014,March,Commercial vehicles,New registrations CV over 16t,5997
3,2014,March,Commercial vehicles,New registrations Total Buses,434
3,2014,March,Commercial vehicles,Trailer Total,29306
3,2014,March,Commercial vehicles,Trailer - Semitrailers,2969
3,2014,March,Commercial vehicles,Trailer - Caravans,2037
3,2014,March,Commercial vehicles,Export CV up to 6t,19935
3,2014,March,Commercial vehicles,Produktion CV up to 6t,24855
5,2014,May,Passenger cars,New registrations Total,274804
5,2014,May,Passenger cars,New registrations German makes incl. group makes,199133
5,2014,May,Passenger cars,New registrations Foreign makes,75671
5,2014,May,Passenger cars,Export,369024
5,2014,May,Passenger cars,Production,482483
5,2014,May,Commercial vehicles,New registrations Total,27978
5,2014,May,Commercial vehicles,New registrations Total CV up to 6t,20256
5,2014,May,Commercial vehicles,New registrations CV up to 2t,1226
5,2014,May,Commercial vehicles,"New registrations CV over 2 to 3,5t",18532
5,2014,May,Commercial vehicles,"New registrations CV over 3,5 to 6t",498
5,2014,May,Commercial vehicles,New registrations Total CV over 6t,7245
5,2014,May,Commercial vehicles,New registrations CV over 6 to 16t,1896
5,2014,May,Commercial vehicles,New registrations CV over 16t,5349
5,2014,May,Commercial vehicles,New registrations Total Buses,477
5,2014,May,Commercial vehicles,Trailer Total,27140
5,2014,May,Commercial vehicles,Trailer - Semitrailers,2815
5,2014,May,Commercial vehicles,Trailer - Caravans,2517
5,2014,May,Commercial vehicles,Export CV up to 6t,20251
5,2014,May,Commercial vehicles,Produktion CV up to 6t,27494
11,2014,November,Passenger cars,New registrations Total,250082
11,2014,November,Passenger cars,New registrations German makes incl. group makes,184185
11,2014,November,Passenger cars,New registrations Foreign makes,65897
11,2014,November,Passenger cars,Export,392276
11,2014,November,Passenger cars,Production,515340
11,2014,November,Commercial vehicles,New registrations Total,28222
11,2014,November,Commercial vehicles,New registrations Total CV up to 6t,21349
11,2014,November,Commercial vehicles,New registrations CV up to 2t,1269
11,2014,November,Commercial vehicles,"New registrations CV over 2 to 3,5t",19368
11,2014,November,Commercial vehicles,"New registrations CV over 3,5 to 6t",712
11,2014,November,Commercial vehicles,New registrations Total CV over 6t,6247
11,2014,November,Commercial vehicles,New registrations CV over 6 to 16t,1928
11,2014,November,Commercial vehicles,New registrations CV over 16t,4319
11,2014,November,Commercial vehicles,New registrations Total Buses,626
11,2014,November,Commercial vehicles,Trailer Total,16900
11,2014,November,Commercial vehicles,Trailer - Semitrailers,2547
11,2014,November,Commercial vehicles,Trailer - Caravans,568
11,2014,November,Commercial vehicles,Export CV up to 6t,18556
11,2014,November,Commercial vehicles,Produktion CV up to 6t,25247
10,2014,October,Passenger cars,New registrations Total,275320
10,2014,October,Passenger cars,New registrations German makes incl. group makes,198801
10,2014,October,Passenger cars,New registrations Foreign makes,76519
10,2014,October,Passenger cars,Export,358136
10,2014,October,Passenger cars,Production,478999
10,2014,October,Commercial vehicles,New registrations Total,30897
10,2014,October,Commercial vehicles,New registrations Total CV up to 6t,22953
10,2014,October,Commercial vehicles,New registrations CV up to 2t,1500
10,2014,October,Commercial vehicles,"New registrations CV over 2 to 3,5t",20760
10,2014,October,Commercial vehicles,"New registrations CV over 3,5 to 6t",693
10,2014,October,Commercial vehicles,New registrations Total CV over 6t,7431
10,2014,October,Commercial vehicles,New registrations CV over 6 to 16t,2090
10,2014,October,Commercial vehicles,New registrations CV over 16t,5341
10,2014,October,Commercial vehicles,New registrations Total Buses,513
10,2014,October,Commercial vehicles,Trailer Total,23833
10,2014,October,Commercial vehicles,Trailer - Semitrailers,3003
10,2014,October,Commercial vehicles,Trailer - Caravans,1074
10,2014,October,Commercial vehicles,Export CV up to 6t,19713
10,2014,October,Commercial vehicles,Produktion CV up to 6t,26320
9,2014,September,Passenger cars,New registrations Total,260062
9,2014,September,Passenger cars,New registrations German makes incl. group makes,185430
9,2014,September,Passenger cars,New registrations Foreign makes,74632
9,2014,September,Passenger cars,Export,391796
9,2014,September,Passenger cars,Production,524072
9,2014,September,Commercial vehicles,New registrations Total,27133
9,2014,September,Commercial vehicles,New registrations Total CV up to 6t,19840
9,2014,September,Commercial vehicles,New registrations CV up to 2t,1341
9,2014,September,Commercial vehicles,"New registrations CV over 2 to 3,5t",18021
9,2014,September,Commercial vehicles,"New registrations CV over 3,5 to 6t",478
9,2014,September,Commercial vehicles,New registrations Total CV over 6t,6868
9,2014,September,Commercial vehicles,New registrations CV over 6 to 16t,1860
9,2014,September,Commercial vehicles,New registrations CV over 16t,5008
9,2014,September,Commercial vehicles,New registrations Total Buses,425
9,2014,September,Commercial vehicles,Trailer Total,24430
9,2014,September,Commercial vehicles,Trailer - Semitrailers,2573
9,2014,September,Commercial vehicles,Trailer - Caravans,947
9,2014,September,Commercial vehicles,Export CV up to 6t,20857
9,2014,September,Commercial vehicles,Produktion CV up to 6t,29240
4,2015,April,Passenger cars,New registrations Total,291395
4,2015,April,Passenger cars,New registrations German makes incl. group makes,211452
4,2015,April,Passenger cars,New registrations Foreign makes,79943
4,2015,April,Passenger cars,Export,366905
4,2015,April,Passenger cars,Production,479631
4,2015,April,Commercial vehicles,New registrations Total,28422
4,2015,April,Commercial vehicles,New registrations Total CV up to 6t,20724
4,2015,April,Commercial vehicles,New registrations CV up to 2t,1443
4,2015,April,Commercial vehicles,"New registrations CV over 2 to 3,5t",18759
4,2015,April,Commercial vehicles,"New registrations CV over 3,5 to 6t",522
4,2015,April,Commercial vehicles,New registrations Total CV over 6t,7154
4,2015,April,Commercial vehicles,New registrations CV over 6 to 16t,1691
4,2015,April,Commercial vehicles,New registrations CV over 16t,5463
4,2015,April,Commercial vehicles,New registrations Total Buses,544
4,2015,April,Commercial vehicles,Trailer Total,30332
4,2015,April,Commercial vehicles,Trailer - Semitrailers,2866
4,2015,April,Commercial vehicles,Trailer - Caravans,2623
4,2015,April,Commercial vehicles,Export CV up to 6t,20821
4,2015,April,Commercial vehicles,Produktion CV up to 6t,27932
8,2015,August,Passenger cars,New registrations Total,226314
8,2015,August,Passenger cars,New registrations German makes incl. group makes,158405
8,2015,August,Passenger cars,New registrations Foreign makes,67909
8,2015,August,Passenger cars,Export,270156
8,2015,August,Passenger cars,Production,338834
8,2015,August,Commercial vehicles,New registrations Total,21471
8,2015,August,Commercial vehicles,New registrations Total CV up to 6t,15442
8,2015,August,Commercial vehicles,New registrations CV up to 2t,1223
8,2015,August,Commercial vehicles,"New registrations CV over 2 to 3,5t",13779
8,2015,August,Commercial vehicles,"New registrations CV over 3,5 to 6t",440
8,2015,August,Commercial vehicles,New registrations Total CV over 6t,5593
8,2015,August,Commercial vehicles,New registrations CV over 6 to 16t,1548
8,2015,August,Commercial vehicles,New registrations CV over 16t,4045
8,2015,August,Commercial vehicles,New registrations Total Buses,436
8,2015,August,Commercial vehicles,Trailer Total,21091
8,2015,August,Commercial vehicles,Trailer - Semitrailers,2172
8,2015,August,Commercial vehicles,Trailer - Caravans,1170
8,2015,August,Commercial vehicles,Export CV up to 6t,13257
8,2015,August,Commercial vehicles,Produktion CV up to 6t,19059
12,2015,December,Passenger cars,New registrations Total,247355
12,2015,December,Passenger cars,New registrations German makes incl. group makes,173883
12,2015,December,Passenger cars,New registrations Foreign makes,73472
12,2015,December,Passenger cars,Export,278750
12,2015,December,Passenger cars,Production,329975
12,2015,December,Commercial vehicles,New registrations Total,30410
12,2015,December,Commercial vehicles,New registrations Total CV up to 6t,23051
12,2015,December,Commercial vehicles,New registrations CV up to 2t,1718
12,2015,December,Commercial vehicles,"New registrations CV over 2 to 3,5t",20709
12,2015,December,Commercial vehicles,"New registrations CV over 3,5 to 6t",624
12,2015,December,Commercial vehicles,New registrations Total CV over 6t,6432
12,2015,December,Commercial vehicles,New registrations CV over 6 to 16t,2353
12,2015,December,Commercial vehicles,New registrations CV over 16t,4079
12,2015,December,Commercial vehicles,New registrations Total Buses,927
12,2015,December,Commercial vehicles,Trailer Total,14423
12,2015,December,Commercial vehicles,Trailer - Semitrailers,1930
12,2015,December,Commercial vehicles,Trailer - Caravans,459
12,2015,December,Commercial vehicles,Export CV up to 6t,18203
12,2015,December,Commercial vehicles,Produktion CV up to 6t,22681
2,2015,February,Passenger cars,New registrations Total,223254
2,2015,February,Passenger cars,New registrations German makes incl. group makes,163890
2,2015,February,Passenger cars,New registrations Foreign makes,59364
2,2015,February,Passenger cars,Export,384650
2,2015,February,Passenger cars,Production,501118
2,2015,February,Commercial vehicles,New registrations Total,22006
2,2015,February,Commercial vehicles,New registrations Total CV up to 6t,16273
2,2015,February,Commercial vehicles,New registrations CV up to 2t,1065
2,2015,February,Commercial vehicles,"New registrations CV over 2 to 3,5t",14750
2,2015,February,Commercial vehicles,"New registrations CV over 3,5 to 6t",458
2,2015,February,Commercial vehicles,New registrations Total CV over 6t,5410
2,2015,February,Commercial vehicles,New registrations CV over 6 to 16t,1178
2,2015,February,Commercial vehicles,New registrations CV over 16t,4232
2,2015,February,Commercial vehicles,New registrations Total Buses,323
2,2015,February,Commercial vehicles,Trailer Total,17482
2,2015,February,Commercial vehicles,Trailer - Semitrailers,2347
2,2015,February,Commercial vehicles,Trailer - Caravans,1035
2,2015,February,Commercial vehicles,Export CV up to 6t,21267
2,2015,February,Commercial vehicles,Produktion CV up to 6t,26000
1,2015,January,Passenger cars,New registrations Total,211337
1,2015,January,Passenger cars,New registrations German makes incl. group makes,155039
1,2015,January,Passenger cars,New registrations Foreign makes,56298
1,2015,January,Passenger cars,Export,333524
1,2015,January,Passenger cars,Production,421510
1,2015,January,Commercial vehicles,New registrations Total,21635
1,2015,January,Commercial vehicles,New registrations Total CV up to 6t,15562
1,2015,January,Commercial vehicles,New registrations CV up to 2t,1178
1,2015,January,Commercial vehicles,"New registrations CV over 2 to 3,5t",13999
1,2015,January,Commercial vehicles,"New registrations CV over 3,5 to 6t",385
1,2015,January,Commercial vehicles,New registrations Total CV over 6t,5634
1,2015,January,Commercial vehicles,New registrations CV over 6 to 16t,1205
1,2015,January,Commercial vehicles,New registrations CV over 16t,4429
1,2015,January,Commercial vehicles,New registrations Total Buses,439
1,2015,January,Commercial vehicles,Trailer Total,14194
1,2015,January,Commercial vehicles,Trailer - Semitrailers,2517
1,2015,January,Commercial vehicles,Trailer - Caravans,579
1,2015,January,Commercial vehicles,Export CV up to 6t,19694
1,2015,January,Commercial vehicles,Produktion CV up to 6t,27071
7,2015,July,Passenger cars,New registrations Total,290196
7,2015,July,Passenger cars,New registrations German makes incl. group makes,211386
7,2015,July,Passenger cars,New registrations Foreign makes,78810
7,2015,July,Passenger cars,Export,408918
7,2015,July,Passenger cars,Production,533264
7,2015,July,Commercial vehicles,New registrations Total,28895
7,2015,July,Commercial vehicles,New registrations Total CV up to 6t,20679
7,2015,July,Commercial vehicles,New registrations CV up to 2t,1427
7,2015,July,Commercial vehicles,"New registrations CV over 2 to 3,5t",18662
7,2015,July,Commercial vehicles,"New registrations CV over 3,5 to 6t",590
7,2015,July,Commercial vehicles,New registrations Total CV over 6t,7790
7,2015,July,Commercial vehicles,New registrations CV over 6 to 16t,2079
7,2015,July,Commercial vehicles,New registrations CV over 16t,5711
7,2015,July,Commercial vehicles,New registrations Total Buses,426
7,2015,July,Commercial vehicles,Trailer Total,29246
7,2015,July,Commercial vehicles,Trailer - Semitrailers,3186
7,2015,July,Commercial vehicles,Trailer - Caravans,2200
7,2015,July,Commercial vehicles,Export CV up to 6t,18977
7,2015,July,Commercial vehicles,Produktion CV up to 6t,22937
6,2015,June,Passenger cars,New registrations Total,313539
6,2015,June,Passenger cars,New registrations German makes incl. group makes,228069
6,2015,June,Passenger cars,New registrations Foreign makes,85470
6,2015,June,Passenger cars,Export,392428
6,2015,June,Passenger cars,Production,513315
6,2015,June,Commercial vehicles,New registrations Total,31619
6,2015,June,Commercial vehicles,New registrations Total CV up to 6t,23301
6,2015,June,Commercial vehicles,New registrations CV up to 2t,1532
6,2015,June,Commercial vehicles,"New registrations CV over 2 to 3,5t",21221
6,2015,June,Commercial vehicles,"New registrations CV over 3,5 to 6t",548
6,2015,June,Commercial vehicles,New registrations Total CV over 6t,7866
6,2015,June,Commercial vehicles,New registrations CV over 6 to 16t,2185
6,2015,June,Commercial vehicles,New registrations CV over 16t,5681
6,2015,June,Commercial vehicles,New registrations Total Buses,452
6,2015,June,Commercial vehicles,Trailer Total,28029
6,2015,June,Commercial vehicles,Trailer - Semitrailers,2886
6,2015,June,Commercial vehicles,Trailer - Caravans,2193
6,2015,June,Commercial vehicles,Export CV up to 6t,22254
6,2015,June,Commercial vehicles,Produktion CV up to 6t,29727
3,2015,March,Passenger cars,New registrations Total,323039
3,2015,March,Passenger cars,New registrations German makes incl. group makes,228369
3,2015,March,Passenger cars,New registrations Foreign makes,94670
3,2015,March,Passenger cars,Export,429929
3,2015,March,Passenger cars,Production,556049
3,2015,March,Commercial vehicles,New registrations Total,31196
3,2015,March,Commercial vehicles,New registrations Total CV up to 6t,22603
3,2015,March,Commercial vehicles,New registrations CV up to 2t,1551
3,2015,March,Commercial vehicles,"New registrations CV over 2 to 3,5t",20533
3,2015,March,Commercial vehicles,"New registrations CV over 3,5 to 6t",519
3,2015,March,Commercial vehicles,New registrations Total CV over 6t,8069
3,2015,March,Commercial vehicles,New registrations CV over 6 to 16t,1888
3,2015,March,Commercial vehicles,New registrations CV over 16t,6181
3,2015,March,Commercial vehicles,New registrations Total Buses,524
3,2015,March,Commercial vehicles,Trailer Total,31063
3,2015,March,Commercial vehicles,Trailer - Semitrailers,3045
3,2015,March,Commercial vehicles,Trailer - Caravans,2764
3,2015,March,Commercial vehicles,Export CV up to 6t,21417
3,2015,March,Commercial vehicles,Produktion CV up to 6t,30193
5,2015,May,Passenger cars,New registrations Total,256385
5,2015,May,Passenger cars,New registrations German makes incl. group makes,183774
5,2015,May,Passenger cars,New registrations Foreign makes,72611
5,2015,May,Passenger cars,Export,341394
5,2015,May,Passenger cars,Production,447925
5,2015,May,Commercial vehicles,New registrations Total,25428
5,2015,May,Commercial vehicles,New registrations Total CV up to 6t,18236
5,2015,May,Commercial vehicles,New registrations CV up to 2t,1320
5,2015,May,Commercial vehicles,"New registrations CV over 2 to 3,5t",16462
5,2015,May,Commercial vehicles,"New registrations CV over 3,5 to 6t",454
5,2015,May,Commercial vehicles,New registrations Total CV over 6t,6765
5,2015,May,Commercial vehicles,New registrations CV over 6 to 16t,1654
5,2015,May,Commercial vehicles,New registrations CV over 16t,5111
5,2015,May,Commercial vehicles,New registrations Total Buses,427
5,2015,May,Commercial vehicles,Trailer Total,28158
5,2015,May,Commercial vehicles,Trailer - Semitrailers,2648
5,2015,May,Commercial vehicles,Trailer - Caravans,2840
5,2015,May,Commercial vehicles,Export CV up to 6t,18036
5,2015,May,Commercial vehicles,Produktion CV up to 6t,24309
11,2015,November,Passenger cars,New registrations Total,272377
11,2015,November,Passenger cars,New registrations German makes incl. group makes,195637
11,2015,November,Passenger cars,New registrations Foreign makes,76740
11,2015,November,Passenger cars,Export,389400
11,2015,November,Passenger cars,Production,518512
11,2015,November,Commercial vehicles,New registrations Total,32429
11,2015,November,Commercial vehicles,New registrations Total CV up to 6t,24844
11,2015,November,Commercial vehicles,New registrations CV up to 2t,1541
11,2015,November,Commercial vehicles,"New registrations CV over 2 to 3,5t",22693
11,2015,November,Commercial vehicles,"New registrations CV over 3,5 to 6t",610
11,2015,November,Commercial vehicles,New registrations Total CV over 6t,6836
11,2015,November,Commercial vehicles,New registrations CV over 6 to 16t,2000
11,2015,November,Commercial vehicles,New registrations CV over 16t,4836
11,2015,November,Commercial vehicles,New registrations Total Buses,749
11,2015,November,Commercial vehicles,Trailer Total,18738
11,2015,November,Commercial vehicles,Trailer - Semitrailers,2652
11,2015,November,Commercial vehicles,Trailer - Caravans,546
11,2015,November,Commercial vehicles,Export CV up to 6t,23279
11,2015,November,Commercial vehicles,Produktion CV up to 6t,31496
10,2015,October,Passenger cars,New registrations Total,278372
10,2015,October,Passenger cars,New registrations German makes incl. group makes,202687
10,2015,October,Passenger cars,New registrations Foreign makes,75685
10,2015,October,Passenger cars,Export,397498
10,2015,October,Passenger cars,Production,529856
10,2015,October,Commercial vehicles,New registrations Total,32972
10,2015,October,Commercial vehicles,New registrations Total CV up to 6t,23776
10,2015,October,Commercial vehicles,New registrations CV up to 2t,1459
10,2015,October,Commercial vehicles,"New registrations CV over 2 to 3,5t",21682
10,2015,October,Commercial vehicles,"New registrations CV over 3,5 to 6t",635
10,2015,October,Commercial vehicles,New registrations Total CV over 6t,8675
10,2015,October,Commercial vehicles,New registrations CV over 6 to 16t,2675
10,2015,October,Commercial vehicles,New registrations CV over 16t,6000
10,2015,October,Commercial vehicles,New registrations Total Buses,521
10,2015,October,Commercial vehicles,Trailer Total,23961
10,2015,October,Commercial vehicles,Trailer - Semitrailers,2590
10,2015,October,Commercial vehicles,Trailer - Caravans,1385
10,2015,October,Commercial vehicles,Export CV up to 6t,23424
10,2015,October,Commercial vehicles,Produktion CV up to 6t,32696
9,2015,September,Passenger cars,New registrations Total,272479
9,2015,September,Passenger cars,New registrations German makes incl. group makes,193592
9,2015,September,Passenger cars,New registrations Foreign makes,78887
9,2015,September,Passenger cars,Export,412654
9,2015,September,Passenger cars,Production,538149
9,2015,September,Commercial vehicles,New registrations Total,27300
9,2015,September,Commercial vehicles,New registrations Total CV up to 6t,19707
9,2015,September,Commercial vehicles,New registrations CV up to 2t,1168
9,2015,September,Commercial vehicles,"New registrations CV over 2 to 3,5t",18028
9,2015,September,Commercial vehicles,"New registrations CV over 3,5 to 6t",511
9,2015,September,Commercial vehicles,New registrations Total CV over 6t,7224
9,2015,September,Commercial vehicles,New registrations CV over 6 to 16t,2045
9,2015,September,Commercial vehicles,New registrations CV over 16t,5179
9,2015,September,Commercial vehicles,New registrations Total Buses,369
9,2015,September,Commercial vehicles,Trailer Total,23321
9,2015,September,Commercial vehicles,Trailer - Semitrailers,2729
9,2015,September,Commercial vehicles,Trailer - Caravans,979
9,2015,September,Commercial vehicles,Export CV up to 6t,23386
9,2015,September,Commercial vehicles,Produktion CV up to 6t,31125
4,2016,April,Passenger cars,New registrations Total,315921
4,2016,April,Passenger cars,New registrations German makes incl. group makes,228007
4,2016,April,Passenger cars,New registrations Foreign makes,87914
4,2016,April,Passenger cars,Export,417073
4,2016,April,Passenger cars,Production,550158
4,2016,April,Commercial vehicles,New registrations Total,31919
4,2016,April,Commercial vehicles,New registrations Total CV up to 6t,22612
4,2016,April,Commercial vehicles,New registrations CV up to 2t,1587
4,2016,April,Commercial vehicles,"New registrations CV over 2 to 3,5t",20444
4,2016,April,Commercial vehicles,"New registrations CV over 3,5 to 6t",581
4,2016,April,Commercial vehicles,New registrations Total CV over 6t,8686
4,2016,April,Commercial vehicles,New registrations CV over 6 to 16t,1948
4,2016,April,Commercial vehicles,New registrations CV over 16t,6738
4,2016,April,Commercial vehicles,New registrations Total Buses,621
4,2016,April,Commercial vehicles,Trailer Total,33319
4,2016,April,Commercial vehicles,Trailer - Semitrailers,3294
4,2016,April,Commercial vehicles,Trailer - Caravans,3148
4,2016,April,Commercial vehicles,Export CV up to 6t,21616
4,2016,April,Commercial vehicles,Produktion CV up to 6t,28587
8,2016,August,Passenger cars,New registrations Total,245076
8,2016,August,Passenger cars,New registrations German makes incl. group makes,169398
8,2016,August,Passenger cars,New registrations Foreign makes,75678
8,2016,August,Passenger cars,Export,316223
8,2016,August,Passenger cars,Production,410256
8,2016,August,Commercial vehicles,New registrations Total,30623
8,2016,August,Commercial vehicles,New registrations Total CV up to 6t,23621
8,2016,August,Commercial vehicles,New registrations CV up to 2t,1435
8,2016,August,Commercial vehicles,"New registrations CV over 2 to 3,5t",21631
8,2016,August,Commercial vehicles,"New registrations CV over 3,5 to 6t",555
8,2016,August,Commercial vehicles,New registrations Total CV over 6t,6535
8,2016,August,Commercial vehicles,New registrations CV over 6 to 16t,1937
8,2016,August,Commercial vehicles,New registrations CV over 16t,4598
8,2016,August,Commercial vehicles,New registrations Total Buses,467
8,2016,August,Commercial vehicles,Trailer Total,24975
8,2016,August,Commercial vehicles,Trailer - Semitrailers,2289
8,2016,August,Commercial vehicles,Trailer - Caravans,1317
8,2016,August,Commercial vehicles,Export CV up to 6t,12837
8,2016,August,Commercial vehicles,Produktion CV up to 6t,16152
12,2016,December,Passenger cars,New registrations Total,256533
12,2016,December,Passenger cars,New registrations German makes incl. group makes,175349
12,2016,December,Passenger cars,New registrations Foreign makes,81184
12,2016,December,Passenger cars,Export,304200
12,2016,December,Passenger cars,Production,368494
12,2016,December,Commercial vehicles,New registrations Total,31451
12,2016,December,Commercial vehicles,New registrations Total CV up to 6t,24085
12,2016,December,Commercial vehicles,New registrations CV up to 2t,2117
12,2016,December,Commercial vehicles,"New registrations CV over 2 to 3,5t",21278
12,2016,December,Commercial vehicles,"New registrations CV over 3,5 to 6t",690
12,2016,December,Commercial vehicles,New registrations Total CV over 6t,6455
12,2016,December,Commercial vehicles,New registrations CV over 6 to 16t,2018
12,2016,December,Commercial vehicles,New registrations CV over 16t,4437
12,2016,December,Commercial vehicles,New registrations Total Buses,911
12,2016,December,Commercial vehicles,Trailer Total,15661
12,2016,December,Commercial vehicles,Trailer - Semitrailers,2148
12,2016,December,Commercial vehicles,Trailer - Caravans,493
12,2016,December,Commercial vehicles,Export CV up to 6t,19712
12,2016,December,Commercial vehicles,Produktion CV up to 6t,23515
2,2016,February,Passenger cars,New registrations Total,250146
2,2016,February,Passenger cars,New registrations German makes incl. group makes,180966
2,2016,February,Passenger cars,New registrations Foreign makes,69180
2,2016,February,Passenger cars,Export,399997
2,2016,February,Passenger cars,Production,529061
2,2016,February,Commercial vehicles,New registrations Total,25565
2,2016,February,Commercial vehicles,New registrations Total CV up to 6t,18862
2,2016,February,Commercial vehicles,New registrations CV up to 2t,1206
2,2016,February,Commercial vehicles,"New registrations CV over 2 to 3,5t",17123
2,2016,February,Commercial vehicles,"New registrations CV over 3,5 to 6t",533
2,2016,February,Commercial vehicles,New registrations Total CV over 6t,6291
2,2016,February,Commercial vehicles,New registrations CV over 6 to 16t,1503
2,2016,February,Commercial vehicles,New registrations CV over 16t,4788
2,2016,February,Commercial vehicles,New registrations Total Buses,412
2,2016,February,Commercial vehicles,Trailer Total,20324
2,2016,February,Commercial vehicles,Trailer - Semitrailers,2730
2,2016,February,Commercial vehicles,Trailer - Caravans,1313
2,2016,February,Commercial vehicles,Export CV up to 6t,22088
2,2016,February,Commercial vehicles,Produktion CV up to 6t,28822
1,2016,January,Passenger cars,New registrations Total,218365
1,2016,January,Passenger cars,New registrations German makes incl. group makes,158620
1,2016,January,Passenger cars,New registrations Foreign makes,59745
1,2016,January,Passenger cars,Export,311610
1,2016,January,Passenger cars,Production,416983
1,2016,January,Commercial vehicles,New registrations Total,24131
1,2016,January,Commercial vehicles,New registrations Total CV up to 6t,17365
1,2016,January,Commercial vehicles,New registrations CV up to 2t,1302
1,2016,January,Commercial vehicles,"New registrations CV over 2 to 3,5t",15667
1,2016,January,Commercial vehicles,"New registrations CV over 3,5 to 6t",396
1,2016,January,Commercial vehicles,New registrations Total CV over 6t,6308
1,2016,January,Commercial vehicles,New registrations CV over 6 to 16t,1320
1,2016,January,Commercial vehicles,New registrations CV over 16t,4988
1,2016,January,Commercial vehicles,New registrations Total Buses,458
1,2016,January,Commercial vehicles,Trailer Total,14835
1,2016,January,Commercial vehicles,Trailer - Semitrailers,2986
1,2016,January,Commercial vehicles,Trailer - Caravans,569
1,2016,January,Commercial vehicles,Export CV up to 6t,17944
1,2016,January,Commercial vehicles,Produktion CV up to 6t,24202
7,2016,July,Passenger cars,New registrations Total,278866
7,2016,July,Passenger cars,New registrations German makes incl. group makes,197347
7,2016,July,Passenger cars,New registrations Foreign makes,81519
7,2016,July,Passenger cars,Export,333308
7,2016,July,Passenger cars,Production,410630
7,2016,July,Commercial vehicles,New registrations Total,28480
7,2016,July,Commercial vehicles,New registrations Total CV up to 6t,20599
7,2016,July,Commercial vehicles,New registrations CV up to 2t,1264
7,2016,July,Commercial vehicles,"New registrations CV over 2 to 3,5t",18929
7,2016,July,Commercial vehicles,"New registrations CV over 3,5 to 6t",406
7,2016,July,Commercial vehicles,New registrations Total CV over 6t,7390
7,2016,July,Commercial vehicles,New registrations CV over 6 to 16t,1861
7,2016,July,Commercial vehicles,New registrations CV over 16t,5529
7,2016,July,Commercial vehicles,New registrations Total Buses,491
7,2016,July,Commercial vehicles,Trailer Total,27118
7,2016,July,Commercial vehicles,Trailer - Semitrailers,2928
7,2016,July,Commercial vehicles,Trailer - Caravans,2108
7,2016,July,Commercial vehicles,Export CV up to 6t,17868
7,2016,July,Commercial vehicles,Produktion CV up to 6t,23481
6,2016,June,Passenger cars,New registrations Total,339563
6,2016,June,Passenger cars,New registrations German makes incl. group makes,241212
6,2016,June,Passenger cars,New registrations Foreign makes,98351
6,2016,June,Passenger cars,Export,415900
6,2016,June,Passenger cars,Production,563546
6,2016,June,Commercial vehicles,New registrations Total,35179
6,2016,June,Commercial vehicles,New registrations Total CV up to 6t,26293
6,2016,June,Commercial vehicles,New registrations CV up to 2t,1940
6,2016,June,Commercial vehicles,"New registrations CV over 2 to 3,5t",23745
6,2016,June,Commercial vehicles,"New registrations CV over 3,5 to 6t",608
6,2016,June,Commercial vehicles,New registrations Total CV over 6t,8301
6,2016,June,Commercial vehicles,New registrations CV over 6 to 16t,2065
6,2016,June,Commercial vehicles,New registrations CV over 16t,6236
6,2016,June,Commercial vehicles,New registrations Total Buses,585
6,2016,June,Commercial vehicles,Trailer Total,30891
6,2016,June,Commercial vehicles,Trailer - Semitrailers,3731
6,2016,June,Commercial vehicles,Trailer - Caravans,2585
6,2016,June,Commercial vehicles,Export CV up to 6t,22355
6,2016,June,Commercial vehicles,Produktion CV up to 6t,29962
3,2016,March,Passenger cars,New registrations Total,322913
3,2016,March,Passenger cars,New registrations German makes incl. group makes,229338
3,2016,March,Passenger cars,New registrations Foreign makes,93575
3,2016,March,Passenger cars,Export,395023
3,2016,March,Passenger cars,Production,523210
3,2016,March,Commercial vehicles,New registrations Total,32017
3,2016,March,Commercial vehicles,New registrations Total CV up to 6t,23332
3,2016,March,Commercial vehicles,New registrations CV up to 2t,1552
3,2016,March,Commercial vehicles,"New registrations CV over 2 to 3,5t",21184
3,2016,March,Commercial vehicles,"New registrations CV over 3,5 to 6t",596
3,2016,March,Commercial vehicles,New registrations Total CV over 6t,8106
3,2016,March,Commercial vehicles,New registrations CV over 6 to 16t,1849
3,2016,March,Commercial vehicles,New registrations CV over 16t,6257
3,2016,March,Commercial vehicles,New registrations Total Buses,579
3,2016,March,Commercial vehicles,Trailer Total,30552
3,2016,March,Commercial vehicles,Trailer - Semitrailers,3112
3,2016,March,Commercial vehicles,Trailer - Caravans,2807
3,2016,March,Commercial vehicles,Export CV up to 6t,21692
3,2016,March,Commercial vehicles,Produktion CV up to 6t,27792
5,2016,May,Passenger cars,New registrations Total,286931
5,2016,May,Passenger cars,New registrations German makes incl. group makes,202499
5,2016,May,Passenger cars,New registrations Foreign makes,84432
5,2016,May,Passenger cars,Export,345923
5,2016,May,Passenger cars,Production,445393
5,2016,May,Commercial vehicles,New registrations Total,28183
5,2016,May,Commercial vehicles,New registrations Total CV up to 6t,21040
5,2016,May,Commercial vehicles,New registrations CV up to 2t,1446
5,2016,May,Commercial vehicles,"New registrations CV over 2 to 3,5t",19064
5,2016,May,Commercial vehicles,"New registrations CV over 3,5 to 6t",530
5,2016,May,Commercial vehicles,New registrations Total CV over 6t,6667
5,2016,May,Commercial vehicles,New registrations CV over 6 to 16t,1563
5,2016,May,Commercial vehicles,New registrations CV over 16t,5104
5,2016,May,Commercial vehicles,New registrations Total Buses,476
5,2016,May,Commercial vehicles,Trailer Total,29694
5,2016,May,Commercial vehicles,Trailer - Semitrailers,2972
5,2016,May,Commercial vehicles,Trailer - Caravans,2821
5,2016,May,Commercial vehicles,Export CV up to 6t,18603
5,2016,May,Commercial vehicles,Produktion CV up to 6t,26259
11,2016,November,Passenger cars,New registrations Total,276567
11,2016,November,Passenger cars,New registrations German makes incl. group makes,196804
11,2016,November,Passenger cars,New registrations Foreign makes,79763
11,2016,November,Passenger cars,Export,412079
11,2016,November,Passenger cars,Production,535180
11,2016,November,Commercial vehicles,New registrations Total,33003
11,2016,November,Commercial vehicles,New registrations Total CV up to 6t,25361
11,2016,November,Commercial vehicles,New registrations CV up to 2t,1633
11,2016,November,Commercial vehicles,"New registrations CV over 2 to 3,5t",23108
11,2016,November,Commercial vehicles,"New registrations CV over 3,5 to 6t",620
11,2016,November,Commercial vehicles,New registrations Total CV over 6t,6919
11,2016,November,Commercial vehicles,New registrations CV over 6 to 16t,2141
11,2016,November,Commercial vehicles,New registrations CV over 16t,4778
11,2016,November,Commercial vehicles,New registrations Total Buses,723
11,2016,November,Commercial vehicles,Trailer Total,19615
11,2016,November,Commercial vehicles,Trailer - Semitrailers,2588
11,2016,November,Commercial vehicles,Trailer - Caravans,674
11,2016,November,Commercial vehicles,Export CV up to 6t,22105
11,2016,November,Commercial vehicles,Produktion CV up to 6t,28935
10,2016,October,Passenger cars,New registrations Total,262724
10,2016,October,Passenger cars,New registrations German makes incl. group makes,187027
10,2016,October,Passenger cars,New registrations Foreign makes,75697
10,2016,October,Passenger cars,Export,355697
10,2016,October,Passenger cars,Production,464434
10,2016,October,Commercial vehicles,New registrations Total,28016
10,2016,October,Commercial vehicles,New registrations Total CV up to 6t,20577
10,2016,October,Commercial vehicles,New registrations CV up to 2t,1322
10,2016,October,Commercial vehicles,"New registrations CV over 2 to 3,5t",18768
10,2016,October,Commercial vehicles,"New registrations CV over 3,5 to 6t",487
10,2016,October,Commercial vehicles,New registrations Total CV over 6t,6899
10,2016,October,Commercial vehicles,New registrations CV over 6 to 16t,1944
10,2016,October,Commercial vehicles,New registrations CV over 16t,4955
10,2016,October,Commercial vehicles,New registrations Total Buses,540
10,2016,October,Commercial vehicles,Trailer Total,21750
10,2016,October,Commercial vehicles,Trailer - Semitrailers,2620
10,2016,October,Commercial vehicles,Trailer - Caravans,826
10,2016,October,Commercial vehicles,Export CV up to 6t,19849
10,2016,October,Commercial vehicles,Produktion CV up to 6t,27109
9,2016,September,Passenger cars,New registrations Total,298002
9,2016,September,Passenger cars,New registrations German makes incl. group makes,210365
9,2016,September,Passenger cars,New registrations Foreign makes,87637
9,2016,September,Passenger cars,Export,404119
9,2016,September,Passenger cars,Production,529463
9,2016,September,Commercial vehicles,New registrations Total,28693
9,2016,September,Commercial vehicles,New registrations Total CV up to 6t,20719
9,2016,September,Commercial vehicles,New registrations CV up to 2t,1359
9,2016,September,Commercial vehicles,"New registrations CV over 2 to 3,5t",18917
9,2016,September,Commercial vehicles,"New registrations CV over 3,5 to 6t",443
9,2016,September,Commercial vehicles,New registrations Total CV over 6t,7554
9,2016,September,Commercial vehicles,New registrations CV over 6 to 16t,2083
9,2016,September,Commercial vehicles,New registrations CV over 16t,5471
9,2016,September,Commercial vehicles,New registrations Total Buses,420
9,2016,September,Commercial vehicles,Trailer Total,25635
9,2016,September,Commercial vehicles,Trailer - Semitrailers,3026
9,2016,September,Commercial vehicles,Trailer - Caravans,1076
9,2016,September,Commercial vehicles,Export CV up to 6t,23232
9,2016,September,Commercial vehicles,Produktion CV up to 6t,30938
4,2017,April,Passenger cars,New registrations Total,290697
4,2017,April,Passenger cars,New registrations German makes incl. group makes,202023
4,2017,April,Passenger cars,New registrations Foreign makes,88674
4,2017,April,Passenger cars,Export,343954
4,2017,April,Passenger cars,Production,450717
4,2017,April,Commercial vehicles,New registrations Total,28147
4,2017,April,Commercial vehicles,New registrations Total CV up to 6t,20227
4,2017,April,Commercial vehicles,New registrations CV up to 2t,1355
4,2017,April,Commercial vehicles,"New registrations CV over 2 to 3,5t",18434
4,2017,April,Commercial vehicles,"New registrations CV over 3,5 to 6t",438
4,2017,April,Commercial vehicles,New registrations Total CV over 6t,7279
4,2017,April,Commercial vehicles,New registrations CV over 6 to 16t,1905
4,2017,April,Commercial vehicles,New registrations CV over 16t,5374
4,2017,April,Commercial vehicles,New registrations Total Buses,641
4,2017,April,Commercial vehicles,Trailer Total,31202
4,2017,April,Commercial vehicles,Trailer - Semitrailers,2940
4,2017,April,Commercial vehicles,Trailer - Caravans,3240
4,2017,April,Commercial vehicles,Export CV up to 6t,
4,2017,April,Commercial vehicles,Produktion CV up to 6t,
8,2017,August,Passenger cars,New registrations Total,253680
8,2017,August,Passenger cars,New registrations German makes incl. group makes,172071
8,2017,August,Passenger cars,New registrations Foreign makes,81609
8,2017,August,Passenger cars,Export,352515
8,2017,August,Passenger cars,Production,452786
8,2017,August,Commercial vehicles,New registrations Total,29992
8,2017,August,Commercial vehicles,New registrations Total CV up to 6t,22777
8,2017,August,Commercial vehicles,New registrations CV up to 2t,1567
8,2017,August,Commercial vehicles,"New registrations CV over 2 to 3,5t",20794
8,2017,August,Commercial vehicles,"New registrations CV over 3,5 to 6t",416
8,2017,August,Commercial vehicles,New registrations Total CV over 6t,6762
8,2017,August,Commercial vehicles,New registrations CV over 6 to 16t,1815
8,2017,August,Commercial vehicles,New registrations CV over 16t,4947
8,2017,August,Commercial vehicles,New registrations Total Buses,453
8,2017,August,Commercial vehicles,Trailer Total,25810
8,2017,August,Commercial vehicles,Trailer - Semitrailers,2567
8,2017,August,Commercial vehicles,Trailer - Caravans,1487
8,2017,August,Commercial vehicles,Export CV up to 6t,
8,2017,August,Commercial vehicles,Produktion CV up to 6t,
12,2017,December,Passenger cars,New registrations Total,253950
12,2017,December,Passenger cars,New registrations German makes incl. group makes,174758
12,2017,December,Passenger cars,New registrations Foreign makes,79192
12,2017,December,Passenger cars,Export,310300
12,2017,December,Passenger cars,Production,360168
12,2017,December,Commercial vehicles,New registrations Total,31507
12,2017,December,Commercial vehicles,New registrations Total CV up to 6t,24470
12,2017,December,Commercial vehicles,New registrations CV up to 2t,1751
12,2017,December,Commercial vehicles,"New registrations CV over 2 to 3,5t",22170
12,2017,December,Commercial vehicles,"New registrations CV over 3,5 to 6t",549
12,2017,December,Commercial vehicles,New registrations Total CV over 6t,6219
12,2017,December,Commercial vehicles,New registrations CV over 6 to 16t,1747
12,2017,December,Commercial vehicles,New registrations CV over 16t,4472
12,2017,December,Commercial vehicles,New registrations Total Buses,818
12,2017,December,Commercial vehicles,Trailer Total,14634
12,2017,December,Commercial vehicles,Trailer - Semitrailers,2353
12,2017,December,Commercial vehicles,Trailer - Caravans,553
12,2017,December,Commercial vehicles,Export CV up to 6t,
12,2017,December,Commercial vehicles,Produktion CV up to 6t,
2,2017,February,Passenger cars,New registrations Total,243602
2,2017,February,Passenger cars,New registrations German makes incl. group makes,168678
2,2017,February,Passenger cars,New registrations Foreign makes,74924
2,2017,February,Passenger cars,Export,376912
2,2017,February,Passenger cars,Production,487600
2,2017,February,Commercial vehicles,New registrations Total,25497
2,2017,February,Commercial vehicles,New registrations Total CV up to 6t,18713
2,2017,February,Commercial vehicles,New registrations CV up to 2t,1339
2,2017,February,Commercial vehicles,"New registrations CV over 2 to 3,5t",16988
2,2017,February,Commercial vehicles,"New registrations CV over 3,5 to 6t",386
2,2017,February,Commercial vehicles,New registrations Total CV over 6t,6372
2,2017,February,Commercial vehicles,New registrations CV over 6 to 16t,1417
2,2017,February,Commercial vehicles,New registrations CV over 16t,4955
2,2017,February,Commercial vehicles,New registrations Total Buses,412
2,2017,February,Commercial vehicles,Trailer Total,21236
2,2017,February,Commercial vehicles,Trailer - Semitrailers,2988
2,2017,February,Commercial vehicles,Trailer - Caravans,1281
2,2017,February,Commercial vehicles,Export CV up to 6t,
2,2017,February,Commercial vehicles,Produktion CV up to 6t,
1,2017,January,Passenger cars,New registrations Total,241399
1,2017,January,Passenger cars,New registrations German makes incl. group makes,174463
1,2017,January,Passenger cars,New registrations Foreign makes,66936
1,2017,January,Passenger cars,Export,348510
1,2017,January,Passenger cars,Production,459282
1,2017,January,Commercial vehicles,New registrations Total,24767
1,2017,January,Commercial vehicles,New registrations Total CV up to 6t,18323
1,2017,January,Commercial vehicles,New registrations CV up to 2t,1500
1,2017,January,Commercial vehicles,"New registrations CV over 2 to 3,5t",16445
1,2017,January,Commercial vehicles,"New registrations CV over 3,5 to 6t",378
1,2017,January,Commercial vehicles,New registrations Total CV over 6t,5924
1,2017,January,Commercial vehicles,New registrations CV over 6 to 16t,1231
1,2017,January,Commercial vehicles,New registrations CV over 16t,4693
1,2017,January,Commercial vehicles,New registrations Total Buses,520
1,2017,January,Commercial vehicles,Trailer Total,16109
1,2017,January,Commercial vehicles,Trailer - Semitrailers,2983
1,2017,January,Commercial vehicles,Trailer - Caravans,621
1,2017,January,Commercial vehicles,Export CV up to 6t,
1,2017,January,Commercial vehicles,Produktion CV up to 6t,
7,2017,July,Passenger cars,New registrations Total,283080
7,2017,July,Passenger cars,New registrations German makes incl. group makes,195985
7,2017,July,Passenger cars,New registrations Foreign makes,87095
7,2017,July,Passenger cars,Export,317458
7,2017,July,Passenger cars,Production,376087
7,2017,July,Commercial vehicles,New registrations Total,29605
7,2017,July,Commercial vehicles,New registrations Total CV up to 6t,21840
7,2017,July,Commercial vehicles,New registrations CV up to 2t,1457
7,2017,July,Commercial vehicles,"New registrations CV over 2 to 3,5t",19928
7,2017,July,Commercial vehicles,"New registrations CV over 3,5 to 6t",455
7,2017,July,Commercial vehicles,New registrations Total CV over 6t,7295
7,2017,July,Commercial vehicles,New registrations CV over 6 to 16t,1735
7,2017,July,Commercial vehicles,New registrations CV over 16t,5560
7,2017,July,Commercial vehicles,New registrations Total Buses,470
7,2017,July,Commercial vehicles,Trailer Total,28396
7,2017,July,Commercial vehicles,Trailer - Semitrailers,2974
7,2017,July,Commercial vehicles,Trailer - Caravans,2486
7,2017,July,Commercial vehicles,Export CV up to 6t,
7,2017,July,Commercial vehicles,Produktion CV up to 6t,
6,2017,June,Passenger cars,New registrations Total,327693
6,2017,June,Passenger cars,New registrations German makes incl. group makes,224702
6,2017,June,Passenger cars,New registrations Foreign makes,102991
6,2017,June,Passenger cars,Export,349357
6,2017,June,Passenger cars,Production,473778
6,2017,June,Commercial vehicles,New registrations Total,32816
6,2017,June,Commercial vehicles,New registrations Total CV up to 6t,24961
6,2017,June,Commercial vehicles,New registrations CV up to 2t,1616
6,2017,June,Commercial vehicles,"New registrations CV over 2 to 3,5t",22912
6,2017,June,Commercial vehicles,"New registrations CV over 3,5 to 6t",433
6,2017,June,Commercial vehicles,New registrations Total CV over 6t,7308
6,2017,June,Commercial vehicles,New registrations CV over 6 to 16t,1784
6,2017,June,Commercial vehicles,New registrations CV over 16t,5524
6,2017,June,Commercial vehicles,New registrations Total Buses,547
6,2017,June,Commercial vehicles,Trailer Total,29644
6,2017,June,Commercial vehicles,Trailer - Semitrailers,3250
6,2017,June,Commercial vehicles,Trailer - Caravans,2819
6,2017,June,Commercial vehicles,Export CV up to 6t,
6,2017,June,Commercial vehicles,Produktion CV up to 6t,
3,2017,March,Passenger cars,New registrations Total,359683
3,2017,March,Passenger cars,New registrations German makes incl. group makes,245122
3,2017,March,Passenger cars,New registrations Foreign makes,114561
3,2017,March,Passenger cars,Export,439213
3,2017,March,Passenger cars,Production,567605
3,2017,March,Commercial vehicles,New registrations Total,37542
3,2017,March,Commercial vehicles,New registrations Total CV up to 6t,27491
3,2017,March,Commercial vehicles,New registrations CV up to 2t,1725
3,2017,March,Commercial vehicles,"New registrations CV over 2 to 3,5t",25187
3,2017,March,Commercial vehicles,"New registrations CV over 3,5 to 6t",579
3,2017,March,Commercial vehicles,New registrations Total CV over 6t,9347
3,2017,March,Commercial vehicles,New registrations CV over 6 to 16t,2168
3,2017,March,Commercial vehicles,New registrations CV over 16t,7179
3,2017,March,Commercial vehicles,New registrations Total Buses,704
3,2017,March,Commercial vehicles,Trailer Total,36728
3,2017,March,Commercial vehicles,Trailer - Semitrailers,3844
3,2017,March,Commercial vehicles,Trailer - Caravans,3169
3,2017,March,Commercial vehicles,Export CV up to 6t,
3,2017,March,Commercial vehicles,Produktion CV up to 6t,
5,2017,May,Passenger cars,New registrations Total,323952
5,2017,May,Passenger cars,New registrations German makes incl. group makes,223104
5,2017,May,Passenger cars,New registrations Foreign makes,100848
5,2017,May,Passenger cars,Export,367204
5,2017,May,Passenger cars,Production,482362
5,2017,May,Commercial vehicles,New registrations Total,31892
5,2017,May,Commercial vehicles,New registrations Total CV up to 6t,23334
5,2017,May,Commercial vehicles,New registrations CV up to 2t,1564
5,2017,May,Commercial vehicles,"New registrations CV over 2 to 3,5t",21315
5,2017,May,Commercial vehicles,"New registrations CV over 3,5 to 6t",455
5,2017,May,Commercial vehicles,New registrations Total CV over 6t,7947
5,2017,May,Commercial vehicles,New registrations CV over 6 to 16t,1985
5,2017,May,Commercial vehicles,New registrations CV over 16t,5962
5,2017,May,Commercial vehicles,New registrations Total Buses,611
5,2017,May,Commercial vehicles,Trailer Total,33385
5,2017,May,Commercial vehicles,Trailer - Semitrailers,3338
5,2017,May,Commercial vehicles,Trailer - Caravans,3713
5,2017,May,Commercial vehicles,Export CV up to 6t,
5,2017,May,Commercial vehicles,Produktion CV up to 6t,
11,2017,November,Passenger cars,New registrations Total,302636
11,2017,November,Passenger cars,New registrations German makes incl. group makes,212416
11,2017,November,Passenger cars,New registrations Foreign makes,90220
11,2017,November,Passenger cars,Export,440651
11,2017,November,Passenger cars,Production,581194
11,2017,November,Commercial vehicles,New registrations Total,35031
11,2017,November,Commercial vehicles,New registrations Total CV up to 6t,26823
11,2017,November,Commercial vehicles,New registrations CV up to 2t,1912
11,2017,November,Commercial vehicles,"New registrations CV over 2 to 3,5t",24364
11,2017,November,Commercial vehicles,"New registrations CV over 3,5 to 6t",547
11,2017,November,Commercial vehicles,New registrations Total CV over 6t,7467
11,2017,November,Commercial vehicles,New registrations CV over 6 to 16t,1913
11,2017,November,Commercial vehicles,New registrations CV over 16t,5554
11,2017,November,Commercial vehicles,New registrations Total Buses,741
11,2017,November,Commercial vehicles,Trailer Total,21496
11,2017,November,Commercial vehicles,Trailer - Semitrailers,3209
11,2017,November,Commercial vehicles,Trailer - Caravans,881
11,2017,November,Commercial vehicles,Export CV up to 6t,
11,2017,November,Commercial vehicles,Produktion CV up to 6t,
10,2017,October,Passenger cars,New registrations Total,272855
10,2017,October,Passenger cars,New registrations German makes incl. group makes,191355
10,2017,October,Passenger cars,New registrations Foreign makes,81500
10,2017,October,Passenger cars,Export,325980
10,2017,October,Passenger cars,Production,428029
10,2017,October,Commercial vehicles,New registrations Total,32067
10,2017,October,Commercial vehicles,New registrations Total CV up to 6t,24518
10,2017,October,Commercial vehicles,New registrations CV up to 2t,1478
10,2017,October,Commercial vehicles,"New registrations CV over 2 to 3,5t",22606
10,2017,October,Commercial vehicles,"New registrations CV over 3,5 to 6t",434
10,2017,October,Commercial vehicles,New registrations Total CV over 6t,7200
10,2017,October,Commercial vehicles,New registrations CV over 6 to 16t,1965
10,2017,October,Commercial vehicles,New registrations CV over 16t,5235
10,2017,October,Commercial vehicles,New registrations Total Buses,349
10,2017,October,Commercial vehicles,Trailer Total,23138
10,2017,October,Commercial vehicles,Trailer - Semitrailers,2958
10,2017,October,Commercial vehicles,Trailer - Caravans,1033
10,2017,October,Commercial vehicles,Export CV up to 6t,
10,2017,October,Commercial vehicles,Produktion CV up to 6t,
9,2017,September,Passenger cars,New registrations Total,288035
9,2017,September,Passenger cars,New registrations German makes incl. group makes,202155
9,2017,September,Passenger cars,New registrations Foreign makes,85880
9,2017,September,Passenger cars,Export,406054
9,2017,September,Passenger cars,Production,525976
9,2017,September,Commercial vehicles,New registrations Total,30283
9,2017,September,Commercial vehicles,New registrations Total CV up to 6t,22623
9,2017,September,Commercial vehicles,New registrations CV up to 2t,1398
9,2017,September,Commercial vehicles,"New registrations CV over 2 to 3,5t",20889
9,2017,September,Commercial vehicles,"New registrations CV over 3,5 to 6t",336
9,2017,September,Commercial vehicles,New registrations Total CV over 6t,7229
9,2017,September,Commercial vehicles,New registrations CV over 6 to 16t,1937
9,2017,September,Commercial vehicles,New registrations CV over 16t,5292
9,2017,September,Commercial vehicles,New registrations Total Buses,431
9,2017,September,Commercial vehicles,Trailer Total,25105
9,2017,September,Commercial vehicles,Trailer - Semitrailers,3043
9,2017,September,Commercial vehicles,Trailer - Caravans,1262
9,2017,September,Commercial vehicles,Export CV up to 6t,
9,2017,September,Commercial vehicles,Produktion CV up to 6t,
4,2018,April,Passenger cars,New registrations Total,314055
4,2018,April,Passenger cars,New registrations German makes incl. group makes,222920
4,2018,April,Passenger cars,New registrations Foreign makes,91135
4,2018,April,Passenger cars,Export,398737
4,2018,April,Passenger cars,Production,485519
4,2018,April,Commercial vehicles,New registrations Total,32219
4,2018,April,Commercial vehicles,New registrations Total CV up to 6t,23340
4,2018,April,Commercial vehicles,New registrations CV up to 2t,1466
4,2018,April,Commercial vehicles,"New registrations CV over 2 to 3,5t",21380
4,2018,April,Commercial vehicles,"New registrations CV over 3,5 to 6t",494
4,2018,April,Commercial vehicles,New registrations Total CV over 6t,8158
4,2018,April,Commercial vehicles,New registrations CV over 6 to 16t,1802
4,2018,April,Commercial vehicles,New registrations CV over 16t,6356
4,2018,April,Commercial vehicles,New registrations Total Buses,721
4,2018,April,Commercial vehicles,Trailer Total,34076
4,2018,April,Commercial vehicles,Trailer - Semitrailers,3880
4,2018,April,Commercial vehicles,Trailer - Caravans,3440
4,2018,April,Commercial vehicles,Export CV up to 6t,
4,2018,April,Commercial vehicles,Produktion CV up to 6t,
8,2018,August,Passenger cars,New registrations Total,316405
8,2018,August,Passenger cars,New registrations German makes incl. group makes,212852
8,2018,August,Passenger cars,New registrations Foreign makes,103553
8,2018,August,Passenger cars,Export,249843
8,2018,August,Passenger cars,Production,310076
8,2018,August,Commercial vehicles,New registrations Total,33502
8,2018,August,Commercial vehicles,New registrations Total CV up to 6t,25686
8,2018,August,Commercial vehicles,New registrations CV up to 2t,1892
8,2018,August,Commercial vehicles,"New registrations CV over 2 to 3,5t",23311
8,2018,August,Commercial vehicles,"New registrations CV over 3,5 to 6t",483
8,2018,August,Commercial vehicles,New registrations Total CV over 6t,7256
8,2018,August,Commercial vehicles,New registrations CV over 6 to 16t,1834
8,2018,August,Commercial vehicles,New registrations CV over 16t,5422
8,2018,August,Commercial vehicles,New registrations Total Buses,560
8,2018,August,Commercial vehicles,Trailer Total,25082
8,2018,August,Commercial vehicles,Trailer - Semitrailers,2985
8,2018,August,Commercial vehicles,Trailer - Caravans,1701
8,2018,August,Commercial vehicles,Export CV up to 6t,
8,2018,August,Commercial vehicles,Produktion CV up to 6t,
2,2018,February,Passenger cars,New registrations Total,261749
2,2018,February,Passenger cars,New registrations German makes incl. group makes,180804
2,2018,February,Passenger cars,New registrations Foreign makes,80945
2,2018,February,Passenger cars,Export,348884
2,2018,February,Passenger cars,Production,447565
2,2018,February,Commercial vehicles,New registrations Total,26426
2,2018,February,Commercial vehicles,New registrations Total CV up to 6t,20283
2,2018,February,Commercial vehicles,New registrations CV up to 2t,1567
2,2018,February,Commercial vehicles,"New registrations CV over 2 to 3,5t",18370
2,2018,February,Commercial vehicles,"New registrations CV over 3,5 to 6t",346
2,2018,February,Commercial vehicles,New registrations Total CV over 6t,5787
2,2018,February,Commercial vehicles,New registrations CV over 6 to 16t,1416
2,2018,February,Commercial vehicles,New registrations CV over 16t,4371
2,2018,February,Commercial vehicles,New registrations Total Buses,356
2,2018,February,Commercial vehicles,Trailer Total,21155
2,2018,February,Commercial vehicles,Trailer - Semitrailers,3270
2,2018,February,Commercial vehicles,Trailer - Caravans,1442
2,2018,February,Commercial vehicles,Export CV up to 6t,
2,2018,February,Commercial vehicles,Produktion CV up to 6t,
1,2018,January,Passenger cars,New registrations Total,269429
1,2018,January,Passenger cars,New registrations German makes incl. group makes,189573
1,2018,January,Passenger cars,New registrations Foreign makes,79856
1,2018,January,Passenger cars,Export,358524
1,2018,January,Passenger cars,Production,453716
1,2018,January,Commercial vehicles,New registrations Total,27036
1,2018,January,Commercial vehicles,New registrations Total CV up to 6t,19992
1,2018,January,Commercial vehicles,New registrations CV up to 2t,1634
1,2018,January,Commercial vehicles,"New registrations CV over 2 to 3,5t",17969
1,2018,January,Commercial vehicles,"New registrations CV over 3,5 to 6t",389
1,2018,January,Commercial vehicles,New registrations Total CV over 6t,6484
1,2018,January,Commercial vehicles,New registrations CV over 6 to 16t,1537
1,2018,January,Commercial vehicles,New registrations CV over 16t,4947
1,2018,January,Commercial vehicles,New registrations Total Buses,560
1,2018,January,Commercial vehicles,Trailer Total,19185
1,2018,January,Commercial vehicles,Trailer - Semitrailers,3467
1,2018,January,Commercial vehicles,Trailer - Caravans,857
1,2018,January,Commercial vehicles,Export CV up to 6t,
1,2018,January,Commercial vehicles,Produktion CV up to 6t,
7,2018,July,Passenger cars,New registrations Total,317848
7,2018,July,Passenger cars,New registrations German makes incl. group makes,224824
7,2018,July,Passenger cars,New registrations Foreign makes,93024
7,2018,July,Passenger cars,Export,307397
7,2018,July,Passenger cars,Production,378651
7,2018,July,Commercial vehicles,New registrations Total,29962
7,2018,July,Commercial vehicles,New registrations Total CV up to 6t,21976
7,2018,July,Commercial vehicles,New registrations CV up to 2t,1612
7,2018,July,Commercial vehicles,"New registrations CV over 2 to 3,5t",19850
7,2018,July,Commercial vehicles,"New registrations CV over 3,5 to 6t",514
7,2018,July,Commercial vehicles,New registrations Total CV over 6t,7571
7,2018,July,Commercial vehicles,New registrations CV over 6 to 16t,1904
7,2018,July,Commercial vehicles,New registrations CV over 16t,5667
7,2018,July,Commercial vehicles,New registrations Total Buses,415
7,2018,July,Commercial vehicles,Trailer Total,29115
7,2018,July,Commercial vehicles,Trailer - Semitrailers,3078
7,2018,July,Commercial vehicles,Trailer - Caravans,2904
7,2018,July,Commercial vehicles,Export CV up to 6t,
7,2018,July,Commercial vehicles,Produktion CV up to 6t,
6,2018,June,Passenger cars,New registrations Total,341308
6,2018,June,Passenger cars,New registrations German makes incl. group makes,238523
6,2018,June,Passenger cars,New registrations Foreign makes,102785
6,2018,June,Passenger cars,Export,366065
6,2018,June,Passenger cars,Production,495652
6,2018,June,Commercial vehicles,New registrations Total,35188
6,2018,June,Commercial vehicles,New registrations Total CV up to 6t,26419
6,2018,June,Commercial vehicles,New registrations CV up to 2t,1949
6,2018,June,Commercial vehicles,"New registrations CV over 2 to 3,5t",23971
6,2018,June,Commercial vehicles,"New registrations CV over 3,5 to 6t",499
6,2018,June,Commercial vehicles,New registrations Total CV over 6t,8239
6,2018,June,Commercial vehicles,New registrations CV over 6 to 16t,1813
6,2018,June,Commercial vehicles,New registrations CV over 16t,6426
6,2018,June,Commercial vehicles,New registrations Total Buses,530
6,2018,June,Commercial vehicles,Trailer Total,30951
6,2018,June,Commercial vehicles,Trailer - Semitrailers,3554
6,2018,June,Commercial vehicles,Trailer - Caravans,2862
6,2018,June,Commercial vehicles,Export CV up to 6t,
6,2018,June,Commercial vehicles,Produktion CV up to 6t,
3,2018,March,Passenger cars,New registrations Total,347433
3,2018,March,Passenger cars,New registrations German makes incl. group makes,234538
3,2018,March,Passenger cars,New registrations Foreign makes,112895
3,2018,March,Passenger cars,Export,378800
3,2018,March,Passenger cars,Production,526698
3,2018,March,Commercial vehicles,New registrations Total,34684
3,2018,March,Commercial vehicles,New registrations Total CV up to 6t,25587
3,2018,March,Commercial vehicles,New registrations CV up to 2t,1896
3,2018,March,Commercial vehicles,"New registrations CV over 2 to 3,5t",23213
3,2018,March,Commercial vehicles,"New registrations CV over 3,5 to 6t",478
3,2018,March,Commercial vehicles,New registrations Total CV over 6t,8477
3,2018,March,Commercial vehicles,New registrations CV over 6 to 16t,2049
3,2018,March,Commercial vehicles,New registrations CV over 16t,6428
3,2018,March,Commercial vehicles,New registrations Total Buses,620
3,2018,March,Commercial vehicles,Trailer Total,30387
3,2018,March,Commercial vehicles,Trailer - Semitrailers,4163
3,2018,March,Commercial vehicles,Trailer - Caravans,3200
3,2018,March,Commercial vehicles,Export CV up to 6t,
3,2018,March,Commercial vehicles,Produktion CV up to 6t,
5,2018,May,Passenger cars,New registrations Total,305057
5,2018,May,Passenger cars,New registrations German makes incl. group makes,215374
5,2018,May,Passenger cars,New registrations Foreign makes,89683
5,2018,May,Passenger cars,Export,338641
5,2018,May,Passenger cars,Production,437671
5,2018,May,Commercial vehicles,New registrations Total,31716
5,2018,May,Commercial vehicles,New registrations Total CV up to 6t,23922
5,2018,May,Commercial vehicles,New registrations CV up to 2t,1476
5,2018,May,Commercial vehicles,"New registrations CV over 2 to 3,5t",21948
5,2018,May,Commercial vehicles,"New registrations CV over 3,5 to 6t",498
5,2018,May,Commercial vehicles,New registrations Total CV over 6t,7354
5,2018,May,Commercial vehicles,New registrations CV over 6 to 16t,1671
5,2018,May,Commercial vehicles,New registrations CV over 16t,5683
5,2018,May,Commercial vehicles,New registrations Total Buses,440
5,2018,May,Commercial vehicles,Trailer Total,31300
5,2018,May,Commercial vehicles,Trailer - Semitrailers,3106
5,2018,May,Commercial vehicles,Trailer - Caravans,3481
5,2018,May,Commercial vehicles,Export CV up to 6t,
5,2018,May,Commercial vehicles,Produktion CV up to 6t,
11,2018,November,Passenger cars,New registrations Total,272674
11,2018,November,Passenger cars,New registrations German makes incl. group makes,194421
11,2018,November,Passenger cars,New registrations Foreign makes,78253
11,2018,November,Passenger cars,Export,344472
11,2018,November,Passenger cars,Production,458820
11,2018,November,Commercial vehicles,New registrations Total,37329
11,2018,November,Commercial vehicles,New registrations Total CV up to 6t,28522
11,2018,November,Commercial vehicles,New registrations CV up to 2t,1474
11,2018,November,Commercial vehicles,"New registrations CV over 2 to 3,5t",26477
11,2018,November,Commercial vehicles,"New registrations CV over 3,5 to 6t",571
11,2018,November,Commercial vehicles,New registrations Total CV over 6t,8097
11,2018,November,Commercial vehicles,New registrations CV over 6 to 16t,2046
11,2018,November,Commercial vehicles,New registrations CV over 16t,6051
11,2018,November,Commercial vehicles,New registrations Total Buses,710
11,2018,November,Commercial vehicles,Trailer Total,21848
11,2018,November,Commercial vehicles,Trailer - Semitrailers,3639
11,2018,November,Commercial vehicles,Trailer - Caravans,896
11,2018,November,Commercial vehicles,Export CV up to 6t,
11,2018,November,Commercial vehicles,Produktion CV up to 6t,
10,2018,October,Passenger cars,New registrations Total,252628
10,2018,October,Passenger cars,New registrations German makes incl. group makes,176068
10,2018,October,Passenger cars,New registrations Foreign makes,76560
10,2018,October,Passenger cars,Export,337195
10,2018,October,Passenger cars,Production,427322
10,2018,October,Commercial vehicles,New registrations Total,37482
10,2018,October,Commercial vehicles,New registrations Total CV up to 6t,28416
10,2018,October,Commercial vehicles,New registrations CV up to 2t,1247
10,2018,October,Commercial vehicles,"New registrations CV over 2 to 3,5t",26447
10,2018,October,Commercial vehicles,"New registrations CV over 3,5 to 6t",722
10,2018,October,Commercial vehicles,New registrations Total CV over 6t,8552
10,2018,October,Commercial vehicles,New registrations CV over 6 to 16t,2345
10,2018,October,Commercial vehicles,New registrations CV over 16t,6207
10,2018,October,Commercial vehicles,New registrations Total Buses,514
10,2018,October,Commercial vehicles,Trailer Total,26183
10,2018,October,Commercial vehicles,Trailer - Semitrailers,3829
10,2018,October,Commercial vehicles,Trailer - Caravans,1243
10,2018,October,Commercial vehicles,Export CV up to 6t,
10,2018,October,Commercial vehicles,Produktion CV up to 6t,
9,2018,September,Passenger cars,New registrations Total,200134
9,2018,September,Passenger cars,New registrations German makes incl. group makes,127106
9,2018,September,Passenger cars,New registrations Foreign makes,73028
9,2018,September,Passenger cars,Export,315093
9,2018,September,Passenger cars,Production,401084
9,2018,September,Commercial vehicles,New registrations Total,30627
9,2018,September,Commercial vehicles,New registrations Total CV up to 6t,23266
9,2018,September,Commercial vehicles,New registrations CV up to 2t,1134
9,2018,September,Commercial vehicles,"New registrations CV over 2 to 3,5t",21758
9,2018,September,Commercial vehicles,"New registrations CV over 3,5 to 6t",374
9,2018,September,Commercial vehicles,New registrations Total CV over 6t,6962
9,2018,September,Commercial vehicles,New registrations CV over 6 to 16t,1676
9,2018,September,Commercial vehicles,New registrations CV over 16t,5286
9,2018,September,Commercial vehicles,New registrations Total Buses,399
9,2018,September,Commercial vehicles,Trailer Total,23881
9,2018,September,Commercial vehicles,Trailer - Semitrailers,3519
9,2018,September,Commercial vehicles,Trailer - Caravans,1318
9,2018,September,Commercial vehicles,Export CV up to 6t,
9,2018,September,Commercial vehicles,Produktion CV up to 6t,
